JvmtiExport can_access_local_variables 0
JvmtiExport can_hotswap_or_post_breakpoint 0
JvmtiExport can_post_on_exceptions 0
# 360 ciObject found
instanceKlass java/awt/LightweightDispatcher$2
instanceKlass java/awt/EventQueue$1AWTInvocationLock
instanceKlass java/awt/Window$1DisposeAction
instanceKlass javax/swing/Autoscroller
instanceKlass sun/awt/im/InputContext$1
instanceKlass sun/awt/SunToolkit$1
instanceKlass java/awt/KeyboardFocusManager$2
instanceKlass javax/swing/text/AbstractDocument$UndoRedoDocumentEvent
instanceKlass javax/swing/text/GapContent$UndoPosRef
instanceKlass javax/swing/Timer$1
instanceKlass javax/swing/text/DefaultHighlighter$HighlightInfo
instanceKlass javax/swing/text/JTextComponent$InputMethodRequestsHandler
instanceKlass javax/swing/TimerQueue$DelayedTimer
instanceKlass java/util/concurrent/Delayed
instanceKlass javax/swing/event/CellEditorListener
instanceKlass javax/swing/event/TableColumnModelListener
instanceKlass java/awt/LightweightDispatcher$1
instanceKlass java/awt/Container$MouseEventTargetFilter
instanceKlass java/awt/Container$EventTargetFilter
instanceKlass sun/java2d/loops/FontInfo
instanceKlass java/awt/PrintGraphics
instanceKlass java/awt/print/PrinterGraphics
instanceKlass sun/java2d/d3d/D3DPaints
instanceKlass java/awt/GradientPaint
instanceKlass sun/swing/ImageCache$Entry
instanceKlass sun/swing/ImageCache
instanceKlass sun/swing/CachedPainter
instanceKlass javax/swing/RepaintManager$3
instanceKlass sun/awt/ModalExclude
instanceKlass java/awt/WaitDispatchSupport$2
instanceKlass java/awt/WaitDispatchSupport$1
instanceKlass java/awt/WaitDispatchSupport$5
instanceKlass java/awt/WaitDispatchSupport
instanceKlass java/awt/SecondaryLoop
instanceKlass java/awt/Dialog$3
instanceKlass java/awt/Dialog$1
instanceKlass java/awt/ModalEventFilter$1
instanceKlass java/awt/peer/FileDialogPeer
instanceKlass sun/awt/util/IdentityLinkedList$ListItr
instanceKlass java/awt/Dialog$4
instanceKlass sun/awt/util/IdentityLinkedList$Entry
instanceKlass java/awt/event/WindowAdapter
instanceKlass javax/swing/plaf/metal/MetalUtils
instanceKlass javax/swing/plaf/basic/BasicGraphicsUtils
instanceKlass javax/swing/SizeRequirements
instanceKlass javax/swing/text/DefaultCaret$1
instanceKlass javax/swing/TimerQueue$1
instanceKlass javax/swing/TimerQueue
instanceKlass java/awt/SystemColor$$Lambda$20
instanceKlass sun/awt/AWTAccessor$SystemColorAccessor
instanceKlass java/lang/invoke/LambdaForm$DMH
instanceKlass java/lang/invoke/LambdaForm$DMH
instanceKlass java/awt/peer/DialogPeer
instanceKlass javax/swing/KeyboardManager$ComponentKeyStrokePair
instanceKlass sun/awt/SubRegionShowable
instanceKlass java/awt/AttributeValue
instanceKlass java/awt/BufferCapabilities
instanceKlass ide/explorer/FileType
instanceKlass ide/components/ExecuteCommand
instanceKlass java/util/TreeMap$PrivateEntryIterator
instanceKlass java/util/NavigableSet
instanceKlass java/util/SortedSet
instanceKlass sun/awt/datatransfer/DataTransferer$IndexedComparator
instanceKlass sun/awt/datatransfer/DataTransferer$StandardEncodingsHolder
instanceKlass java/awt/datatransfer/SystemFlavorMap$2
instanceKlass java/awt/datatransfer/SystemFlavorMap$1
instanceKlass sun/awt/Mutex
instanceKlass sun/awt/datatransfer/ToolkitThreadBlockedHandler
instanceKlass sun/awt/datatransfer/DataTransferer
instanceKlass java/awt/datatransfer/MimeType
instanceKlass java/awt/datatransfer/MimeTypeParameterList
instanceKlass java/awt/datatransfer/DataFlavor
instanceKlass java/io/Externalizable
instanceKlass java/awt/datatransfer/Clipboard
instanceKlass javax/swing/event/UndoableEditListener
instanceKlass javax/swing/event/DocumentEvent$ElementChange
instanceKlass javax/swing/plaf/basic/BasicDirectoryModel$DoChangeContents
instanceKlass javax/swing/plaf/basic/BasicDirectoryModel$LoadFilesThread$1
instanceKlass sun/awt/shell/ShellFolder$1
instanceKlass javax/swing/text/SegmentCache
instanceKlass javax/swing/text/Utilities
instanceKlass javax/swing/event/DocumentEvent$EventType
instanceKlass javax/swing/event/DocumentEvent
instanceKlass javax/swing/undo/AbstractUndoableEdit
instanceKlass javax/swing/undo/UndoableEdit
instanceKlass javax/swing/plaf/basic/BasicDirectoryModel$1
instanceKlass sun/awt/shell/Win32ShellFolder2$13
instanceKlass javax/swing/filechooser/WindowsFileSystemView$1
instanceKlass sun/awt/shell/Win32ShellFolder2$11
instanceKlass sun/awt/shell/Win32ShellFolder2$ColumnComparator$1
instanceKlass sun/awt/shell/Win32ShellFolder2$18
instanceKlass sun/awt/shell/Win32ShellFolder2$5
instanceKlass sun/awt/shell/Win32ShellFolder2$9
instanceKlass java/util/ArrayList$SubList$1
instanceKlass sun/awt/shell/Win32ShellFolder2$ColumnComparator
instanceKlass sun/awt/shell/Win32ShellFolder2$16
instanceKlass sun/awt/shell/Win32ShellFolderManager2$1
instanceKlass sun/awt/shell/Win32ShellFolder2$4
instanceKlass sun/awt/shell/Win32ShellFolder2$2
instanceKlass sun/awt/shell/Win32ShellFolder2$12
instanceKlass sun/awt/shell/Win32ShellFolder2$8
instanceKlass sun/awt/shell/Win32ShellFolder2$10
instanceKlass sun/font/CMap
instanceKlass sun/font/T2KFontScaler$1
instanceKlass sun/font/FontScaler
instanceKlass sun/font/TrueTypeFont$DirectoryEntry
instanceKlass java/nio/DirectByteBuffer$Deallocator
instanceKlass sun/nio/ch/Util$BufferCache
instanceKlass sun/nio/ch/Util$2
instanceKlass sun/nio/ch/Util
instanceKlass sun/nio/ch/IOStatus
instanceKlass sun/nio/ch/NativeThread
instanceKlass java/nio/channels/spi/AbstractInterruptibleChannel$1
instanceKlass sun/font/TrueTypeFont$1
instanceKlass sun/font/TrueTypeFont$TTDisposerRecord
instanceKlass sun/font/StrikeCache$DisposableStrike
instanceKlass sun/font/FontStrikeDisposer
instanceKlass sun/java2d/Disposer$PollDisposable
instanceKlass sun/font/FontStrikeDesc
instanceKlass sun/font/FontDesignMetrics$MetricsKey
instanceKlass java/awt/FontMetrics
instanceKlass sun/swing/FilePane$Handler
instanceKlass javax/swing/JList$ListSelectionHandler
instanceKlass javax/swing/plaf/basic/BasicFileChooserUI$Handler
instanceKlass sun/swing/FilePane$DirectoriesFirstComparatorWrapper
instanceKlass javax/swing/RowSorter$SortKey
instanceKlass sun/swing/FilePane$DetailsTableRowSorter$1
instanceKlass javax/swing/DefaultRowSorter$ModelWrapper
instanceKlass javax/swing/table/TableRowSorter$ComparableComparator
instanceKlass javax/swing/RowSorter
instanceKlass sun/awt/shell/ShellFolderColumnInfo
instanceKlass javax/swing/table/AbstractTableModel
instanceKlass javax/swing/table/TableModel
instanceKlass javax/swing/event/RowSorterListener
instanceKlass javax/swing/event/TableModelListener
instanceKlass sun/swing/FilePane$5
instanceKlass javax/swing/plaf/metal/MetalFileChooserUI$5
instanceKlass javax/swing/plaf/metal/MetalFileChooserUI$ButtonAreaLayout
instanceKlass javax/swing/plaf/metal/MetalFileChooserUI$2
instanceKlass javax/swing/ButtonGroup
instanceKlass sun/awt/shell/Win32ShellFolder2$6
instanceKlass sun/awt/shell/Win32ShellFolder2$1
instanceKlass sun/awt/shell/Win32ShellFolder2$FolderDisposer
instanceKlass sun/awt/shell/Win32ShellFolderManager2$ComInvoker$$Lambda$19
instanceKlass sun/awt/shell/Win32ShellFolderManager2$ComInvoker$3
instanceKlass java/util/concurrent/FutureTask$WaitNode
instanceKlass java/util/concurrent/FutureTask
instanceKlass java/util/concurrent/RunnableFuture
instanceKlass java/util/concurrent/Future
instanceKlass sun/awt/shell/Win32ShellFolder2$7
instanceKlass java/util/concurrent/Callable
instanceKlass sun/awt/shell/ShellFolder$4
instanceKlass sun/awt/shell/ShellFolder$3
instanceKlass sun/awt/shell/Win32ShellFolderManager2$ComInvoker$2
instanceKlass sun/awt/shell/Win32ShellFolderManager2$ComInvoker$1
instanceKlass java/util/concurrent/Executors$DefaultThreadFactory
instanceKlass java/util/concurrent/Executors
instanceKlass java/util/concurrent/LinkedBlockingQueue$Node
instanceKlass java/util/concurrent/BlockingQueue
instanceKlass java/util/concurrent/ThreadPoolExecutor$AbortPolicy
instanceKlass java/util/concurrent/RejectedExecutionHandler
instanceKlass java/util/concurrent/AbstractExecutorService
instanceKlass java/util/concurrent/ExecutorService
instanceKlass java/util/concurrent/Executor
instanceKlass sun/awt/shell/ShellFolder$Invoker
instanceKlass java/util/concurrent/ThreadFactory
instanceKlass sun/awt/shell/ShellFolderManager
instanceKlass javax/swing/ActionPropertyChangeListener
instanceKlass javax/swing/plaf/metal/MetalFileChooserUI$IndentIcon
instanceKlass javax/swing/KeyboardManager
instanceKlass javax/swing/plaf/basic/BasicComboBoxUI$DefaultKeySelectionManager
instanceKlass javax/swing/JComboBox$KeySelectionManager
instanceKlass javax/swing/plaf/metal/MetalComboBoxIcon
instanceKlass javax/swing/plaf/basic/BasicComboBoxUI$Handler
instanceKlass javax/swing/plaf/basic/BasicComboBoxUI$PropertyChangeHandler
instanceKlass javax/swing/text/Segment
instanceKlass javax/swing/JTextField$ScrollRepainter
instanceKlass javax/swing/plaf/synth/SynthUI
instanceKlass javax/swing/plaf/synth/SynthConstants
instanceKlass javax/swing/text/JTextComponent$DefaultKeymap
instanceKlass javax/swing/text/Keymap
instanceKlass javax/swing/text/TabExpander
instanceKlass javax/swing/text/StyleContext$KeyEnumeration
instanceKlass javax/swing/text/GapContent$StickyPosition
instanceKlass javax/swing/text/Position
instanceKlass javax/swing/text/AbstractDocument$1
instanceKlass javax/swing/text/AbstractDocument$AbstractElement
instanceKlass javax/swing/tree/TreeNode
instanceKlass javax/swing/text/Element
instanceKlass java/util/Collections$3
instanceKlass javax/swing/text/StyleContext$SmallAttributeSet
instanceKlass java/util/Collections$EmptyEnumeration
instanceKlass javax/swing/text/StyleContext$NamedStyle
instanceKlass javax/swing/text/Style
instanceKlass javax/swing/text/SimpleAttributeSet$EmptyAttributeSet
instanceKlass javax/swing/text/SimpleAttributeSet
instanceKlass javax/swing/text/MutableAttributeSet
instanceKlass javax/swing/text/AttributeSet
instanceKlass javax/swing/text/StyleContext$FontKey
instanceKlass javax/swing/text/AttributeSet$ParagraphAttribute
instanceKlass javax/swing/text/AttributeSet$ColorAttribute
instanceKlass javax/swing/text/AttributeSet$FontAttribute
instanceKlass javax/swing/text/AttributeSet$CharacterAttribute
instanceKlass javax/swing/text/StyleConstants
instanceKlass javax/swing/text/StyleContext
instanceKlass javax/swing/text/AbstractDocument$AttributeContext
instanceKlass javax/swing/text/GapVector
instanceKlass javax/swing/text/AbstractDocument$Content
instanceKlass javax/swing/text/AbstractDocument
instanceKlass javax/swing/text/DefaultHighlighter$SafeDamager
instanceKlass javax/swing/text/LayeredHighlighter$LayerPainter
instanceKlass javax/swing/text/Highlighter$HighlightPainter
instanceKlass javax/swing/text/Highlighter$Highlight
instanceKlass javax/swing/text/LayeredHighlighter
instanceKlass javax/swing/text/Highlighter
instanceKlass javax/swing/text/Document
instanceKlass javax/swing/text/DefaultCaret$Handler
instanceKlass java/awt/datatransfer/ClipboardOwner
instanceKlass javax/swing/text/Caret
instanceKlass javax/swing/plaf/basic/BasicTextUI$UpdateHandler
instanceKlass javax/swing/event/DocumentListener
instanceKlass javax/swing/text/View
instanceKlass javax/swing/text/Position$Bias
instanceKlass javax/swing/text/EditorKit
instanceKlass javax/swing/text/ViewFactory
instanceKlass com/sun/beans/util/Cache$CacheEntry
instanceKlass com/sun/beans/util/Cache
instanceKlass javax/swing/text/JTextComponent$1
instanceKlass sun/swing/SwingAccessor$JTextComponentAccessor
instanceKlass javax/swing/plaf/basic/BasicComboBoxEditor
instanceKlass javax/swing/ComboBoxEditor
instanceKlass javax/swing/plaf/metal/MetalScrollPaneUI$1
instanceKlass javax/swing/plaf/basic/BasicScrollPaneUI$Handler
instanceKlass javax/swing/JComponent$$Lambda$18
instanceKlass java/awt/event/ComponentAdapter
instanceKlass javax/swing/plaf/basic/BasicScrollBarUI$ScrollListener
instanceKlass javax/swing/plaf/basic/BasicScrollBarUI$Handler
instanceKlass javax/swing/plaf/basic/BasicScrollBarUI$PropertyChangeHandler
instanceKlass javax/swing/plaf/basic/BasicScrollBarUI$ModelListener
instanceKlass java/beans/VetoableChangeListener
instanceKlass javax/swing/plaf/basic/BasicButtonListener
instanceKlass javax/swing/plaf/metal/MetalBorders
instanceKlass javax/swing/AbstractButton$Handler
instanceKlass javax/swing/DefaultButtonModel
instanceKlass javax/swing/ButtonModel
instanceKlass javax/swing/plaf/metal/MetalBumps
instanceKlass javax/swing/DefaultBoundedRangeModel
instanceKlass javax/swing/BoundedRangeModel
instanceKlass javax/swing/JScrollBar$ModelListener
instanceKlass java/awt/Adjustable
instanceKlass javax/swing/ViewportLayout
instanceKlass javax/swing/ScrollPaneLayout
instanceKlass javax/swing/ScrollPaneConstants
instanceKlass javax/swing/plaf/basic/BasicComboPopup$Handler
instanceKlass sun/reflect/ClassDefiner$1
instanceKlass sun/reflect/ClassDefiner
instanceKlass sun/reflect/MethodAccessorGenerator$1
instanceKlass sun/reflect/Label$PatchInfo
instanceKlass sun/reflect/Label
instanceKlass sun/reflect/UTF8
instanceKlass sun/reflect/ClassFileAssembler
instanceKlass sun/reflect/ByteVectorImpl
instanceKlass sun/reflect/ByteVector
instanceKlass sun/reflect/ByteVectorFactory
instanceKlass sun/reflect/AccessorGenerator
instanceKlass sun/reflect/ClassFileConstants
instanceKlass javax/swing/plaf/basic/BasicListUI$Handler
instanceKlass javax/swing/plaf/basic/DragRecognitionSupport$BeforeDrag
instanceKlass javax/swing/ListCellRenderer
instanceKlass javax/swing/DefaultListSelectionModel
instanceKlass javax/swing/ListSelectionModel
instanceKlass java/awt/event/MouseMotionAdapter
instanceKlass javax/swing/ToolTipManager$stillInsideTimerAction
instanceKlass javax/swing/ToolTipManager$outsideTimerAction
instanceKlass javax/swing/Timer$DoPostEvent
instanceKlass javax/swing/ToolTipManager$insideTimerAction
instanceKlass javax/swing/Timer
instanceKlass javax/swing/plaf/basic/BasicPopupMenuUI$MenuKeyboardHelper
instanceKlass javax/swing/MenuSelectionManager
instanceKlass javax/swing/plaf/basic/BasicPopupMenuUI$MouseGrabber
instanceKlass javax/swing/event/ChangeListener
instanceKlass javax/swing/plaf/basic/BasicPopupMenuUI$BasicMenuKeyListener
instanceKlass javax/swing/event/MenuKeyListener
instanceKlass javax/swing/plaf/basic/BasicPopupMenuUI$BasicPopupMenuListener
instanceKlass javax/swing/event/PopupMenuListener
instanceKlass javax/swing/plaf/basic/BasicLookAndFeel$1
instanceKlass java/awt/Toolkit$SelectiveAWTEventListener
instanceKlass javax/swing/plaf/basic/BasicLookAndFeel$AWTEventHelper
instanceKlass javax/swing/DefaultSingleSelectionModel
instanceKlass javax/swing/SingleSelectionModel
instanceKlass javax/swing/plaf/basic/BasicComboPopup$EmptyListModelClass
instanceKlass javax/swing/plaf/basic/ComboPopup
instanceKlass javax/swing/plaf/basic/BasicComboBoxUI$ComboBoxLayoutManager
instanceKlass javax/swing/AncestorNotifier
instanceKlass javax/swing/JComboBox$1
instanceKlass javax/swing/event/AncestorListener
instanceKlass javax/swing/MutableComboBoxModel
instanceKlass javax/swing/ComboBoxModel
instanceKlass javax/swing/MenuElement
instanceKlass javax/swing/event/ListDataListener
instanceKlass java/awt/ItemSelectable
instanceKlass javax/swing/plaf/basic/BasicHTML
instanceKlass javax/swing/plaf/metal/DefaultMetalTheme$FontDelegate$1
instanceKlass javax/swing/BoxLayout
instanceKlass java/awt/event/FocusAdapter
instanceKlass javax/swing/plaf/metal/MetalFileChooserUI$MetalFileChooserUIAccessor
instanceKlass sun/swing/FilePane$FileChooserUIAccessor
instanceKlass sun/swing/FilePane$3
instanceKlass javax/swing/TransferHandler$TransferSupport
instanceKlass javax/swing/TransferHandler$DropHandler
instanceKlass java/awt/datatransfer/SystemFlavorMap$SoftCache
instanceKlass java/awt/datatransfer/SystemFlavorMap
instanceKlass java/awt/datatransfer/FlavorTable
instanceKlass java/awt/datatransfer/FlavorMap
instanceKlass java/awt/dnd/DropTargetContext
instanceKlass javax/swing/ClientPropertyKey$1
instanceKlass sun/awt/AWTAccessor$ClientPropertyKeyAccessor
instanceKlass java/util/regex/Matcher
instanceKlass java/util/regex/MatchResult
instanceKlass java/util/regex/Pattern$TreeInfo
instanceKlass java/util/regex/Pattern$Node
instanceKlass java/util/regex/Pattern
instanceKlass javax/swing/plaf/metal/MetalIconFactory$FileChooserListViewIcon
instanceKlass javax/swing/plaf/metal/MetalIconFactory$FileChooserDetailViewIcon
instanceKlass javax/swing/plaf/metal/MetalIconFactory
instanceKlass sun/awt/image/GifFrame
instanceKlass java/lang/invoke/LambdaForm$MH
instanceKlass java/lang/invoke/LambdaForm$DMH
instanceKlass sun/awt/image/ImageWatched$WeakLink$$Lambda$17
instanceKlass java/lang/invoke/LambdaForm$DMH
instanceKlass sun/awt/image/ImageDecoder
instanceKlass java/awt/MediaEntry
instanceKlass sun/awt/image/ImageFetcher$1
instanceKlass sun/awt/image/FetcherInfo
instanceKlass sun/awt/image/ImageConsumerQueue
instanceKlass sun/awt/image/ImageWatched$Link
instanceKlass sun/awt/image/ImageWatched
instanceKlass java/awt/image/ImageConsumer
instanceKlass sun/awt/image/InputStreamImageSource
instanceKlass sun/awt/image/ImageFetchable
instanceKlass java/awt/image/ImageProducer
instanceKlass java/awt/MediaTracker
instanceKlass javax/accessibility/AccessibleContext
instanceKlass java/awt/dnd/DropTarget
instanceKlass java/awt/dnd/DropTargetListener
instanceKlass java/awt/image/BufferStrategy
instanceKlass javax/swing/ImageIcon$2
instanceKlass javax/swing/ImageIcon$1
instanceKlass javax/swing/ImageIcon
instanceKlass javax/swing/Icon
instanceKlass sun/swing/SwingUtilities2$2$1
instanceKlass javax/swing/AbstractListModel
instanceKlass javax/swing/ListModel
instanceKlass javax/swing/filechooser/FileView
instanceKlass javax/swing/filechooser/FileFilter
instanceKlass javax/swing/AbstractAction
instanceKlass javax/swing/event/ListSelectionListener
instanceKlass sun/swing/UIAction
instanceKlass javax/swing/Action
instanceKlass javax/swing/TransferHandler
instanceKlass javax/swing/filechooser/FileSystemView$1
instanceKlass javax/swing/filechooser/FileSystemView
instanceKlass javax/swing/JFileChooser$1
instanceKlass javax/swing/JFileChooser$WeakPCL
instanceKlass sun/java2d/loops/GraphicsPrimitive$GeneralBinaryOp
instanceKlass sun/awt/image/BufImgSurfaceData$ICMColorData
instanceKlass java/lang/StrictMath
instanceKlass ide/util/Colors
instanceKlass ide/fonts/Fonts
instanceKlass ide/fonts/IDEFont
instanceKlass java/awt/datatransfer/Transferable
instanceKlass ide/util/Animation
instanceKlass ide/components/IDEComponent
instanceKlass ide/util/Clickable
instanceKlass ide/util/Renderable
instanceKlass java/io/RandomAccessFile$1
instanceKlass com/sun/imageio/plugins/common/ReaderUtil
instanceKlass java/awt/image/BufferedImage$1
instanceKlass sun/java2d/cmm/CMSManager
instanceKlass java/util/zip/ZStreamRef
instanceKlass java/util/zip/Inflater
instanceKlass com/sun/imageio/plugins/png/PNGImageDataEnumeration
instanceKlass javax/imageio/IIOParam
instanceKlass javax/imageio/metadata/IIOMetadata
instanceKlass javax/imageio/ImageIO$ImageReaderIterator
instanceKlass javax/imageio/spi/FilterIterator
instanceKlass javax/imageio/ImageIO$CanDecodeInputFilter
instanceKlass javax/imageio/spi/ServiceRegistry$Filter
instanceKlass javax/imageio/stream/FileCacheImageInputStream$StreamDisposerRecord
instanceKlass com/sun/imageio/stream/StreamCloser$2
instanceKlass com/sun/imageio/stream/StreamCloser$1
instanceKlass com/sun/imageio/stream/StreamCloser$CloseAction
instanceKlass com/sun/imageio/stream/StreamCloser
instanceKlass sun/nio/ch/FileDispatcherImpl$1
instanceKlass sun/nio/ch/NativeDispatcher
instanceKlass sun/nio/ch/NativeThreadSet
instanceKlass sun/nio/ch/IOUtil$1
instanceKlass sun/nio/ch/IOUtil
instanceKlass java/nio/channels/spi/AbstractInterruptibleChannel
instanceKlass java/nio/channels/InterruptibleChannel
instanceKlass java/nio/channels/ScatteringByteChannel
instanceKlass java/nio/channels/GatheringByteChannel
instanceKlass java/nio/channels/SeekableByteChannel
instanceKlass java/nio/channels/ByteChannel
instanceKlass java/nio/channels/WritableByteChannel
instanceKlass java/nio/channels/ReadableByteChannel
instanceKlass java/nio/channels/Channel
instanceKlass sun/nio/fs/WindowsChannelFactory$2
instanceKlass java/util/RegularEnumSet$EnumSetIterator
instanceKlass sun/nio/fs/WindowsChannelFactory$Flags
instanceKlass sun/nio/fs/WindowsChannelFactory$1
instanceKlass sun/nio/fs/WindowsChannelFactory
instanceKlass sun/nio/fs/WindowsSecurityDescriptor
instanceKlass java/nio/file/OpenOption
instanceKlass sun/nio/fs/WindowsPath$1
instanceKlass sun/nio/fs/BasicFileAttributesHolder
instanceKlass sun/nio/fs/WindowsDirectoryStream$WindowsDirectoryIterator
instanceKlass sun/nio/fs/WindowsFileAttributes
instanceKlass java/nio/file/attribute/DosFileAttributes
instanceKlass java/nio/file/attribute/BasicFileAttributes
instanceKlass sun/nio/fs/NativeBuffer$Deallocator
instanceKlass sun/nio/fs/NativeBuffer
instanceKlass sun/nio/fs/NativeBuffers
instanceKlass sun/nio/fs/WindowsNativeDispatcher$BackupResult
instanceKlass sun/nio/fs/WindowsNativeDispatcher$CompletionStatus
instanceKlass sun/nio/fs/WindowsNativeDispatcher$AclInformation
instanceKlass sun/nio/fs/WindowsNativeDispatcher$Account
instanceKlass sun/nio/fs/WindowsNativeDispatcher$DiskFreeSpace
instanceKlass sun/nio/fs/WindowsNativeDispatcher$VolumeInformation
instanceKlass sun/nio/fs/WindowsNativeDispatcher$FirstStream
instanceKlass sun/nio/fs/WindowsNativeDispatcher$FirstFile
instanceKlass sun/nio/fs/WindowsNativeDispatcher$1
instanceKlass sun/nio/fs/WindowsNativeDispatcher
instanceKlass sun/nio/fs/WindowsDirectoryStream
instanceKlass java/nio/file/DirectoryStream
instanceKlass java/nio/file/Files$AcceptAllFilter
instanceKlass java/nio/file/DirectoryStream$Filter
instanceKlass java/net/NetworkInterface$2
instanceKlass java/net/DefaultInterface
instanceKlass java/net/Inet6Address$Inet6AddressHolder
instanceKlass java/net/InetAddress$2
instanceKlass sun/net/spi/nameservice/NameService
instanceKlass java/net/Inet6AddressImpl
instanceKlass java/net/InetAddressImpl
instanceKlass java/net/InetAddressImplFactory
instanceKlass java/net/InetAddress$Cache
instanceKlass java/net/InetAddress$InetAddressHolder
instanceKlass java/net/InetAddress$1
instanceKlass java/net/InetAddress
instanceKlass java/net/InterfaceAddress
instanceKlass java/net/NetworkInterface$1
instanceKlass java/net/NetworkInterface
instanceKlass sun/security/provider/ByteArrayAccess
instanceKlass sun/security/provider/SeedGenerator$1
instanceKlass sun/security/provider/SeedGenerator
instanceKlass sun/security/provider/SecureRandom$SeederHolder
instanceKlass sun/security/util/MessageDigestSpi2
instanceKlass sun/security/jca/GetInstance$Instance
instanceKlass sun/security/jca/GetInstance
instanceKlass java/security/MessageDigestSpi
instanceKlass java/security/SecureRandomSpi
instanceKlass java/security/Provider$UString
instanceKlass java/security/Provider$Service
instanceKlass sun/security/provider/NativePRNG$NonBlocking
instanceKlass sun/security/provider/NativePRNG$Blocking
instanceKlass sun/security/provider/NativePRNG
instanceKlass sun/security/provider/SunEntries$1
instanceKlass sun/security/provider/SunEntries
instanceKlass sun/security/jca/ProviderConfig$2
instanceKlass java/text/AttributedString$AttributedStringIterator
instanceKlass java/text/AttributedCharacterIterator
instanceKlass java/text/CharacterIterator
instanceKlass java/text/AttributedString
instanceKlass sun/awt/im/CompositionAreaHandler
instanceKlass java/util/Collections$EmptyIterator
instanceKlass java/security/Security$1
instanceKlass java/security/Security
instanceKlass sun/security/jca/ProviderList$2
instanceKlass sun/misc/FDBigInteger
instanceKlass java/security/Provider$EngineDescription
instanceKlass java/security/Provider$ServiceKey
instanceKlass sun/security/jca/ProviderConfig
instanceKlass sun/security/jca/ProviderList
instanceKlass sun/security/jca/Providers
instanceKlass java/awt/KeyboardFocusManager$3
instanceKlass java/util/Random
instanceKlass java/awt/AWTEvent$2
instanceKlass sun/nio/fs/AbstractPath
instanceKlass javax/swing/Scrollable
instanceKlass java/net/URI$Parser
instanceKlass java/net/URI
instanceKlass sun/nio/fs/Util
instanceKlass sun/nio/fs/WindowsPathParser$Result
instanceKlass sun/nio/fs/WindowsPathParser
instanceKlass java/nio/file/FileSystem
instanceKlass java/nio/file/spi/FileSystemProvider
instanceKlass sun/util/locale/InternalLocaleBuilder$CaseInsensitiveChar
instanceKlass sun/util/locale/InternalLocaleBuilder
instanceKlass sun/nio/fs/DefaultFileSystemProvider
instanceKlass java/nio/file/FileSystems$DefaultFileSystemHolder$1
instanceKlass sun/util/locale/StringTokenIterator
instanceKlass java/nio/file/FileSystems$DefaultFileSystemHolder
instanceKlass sun/util/locale/ParseStatus
instanceKlass java/nio/file/FileSystems
instanceKlass java/nio/file/Paths
instanceKlass java/nio/file/TempFileHelper
instanceKlass sun/util/locale/LanguageTag
instanceKlass java/nio/file/Files
instanceKlass java/nio/file/attribute/FileAttribute
instanceKlass sun/awt/im/InputMethodAdapter
instanceKlass java/awt/im/spi/InputMethod
instanceKlass javax/imageio/stream/ImageInputStreamImpl
instanceKlass javax/imageio/ImageIO$CacheInfo
instanceKlass javax/imageio/spi/PartialOrderIterator
instanceKlass java/awt/im/spi/InputMethodContext
instanceKlass java/awt/im/InputMethodRequests
instanceKlass sun/net/DefaultProgressMeteringPolicy
instanceKlass sun/net/ProgressMeteringPolicy
instanceKlass sun/net/ProgressMonitor
instanceKlass java/awt/im/InputContext
instanceKlass javax/imageio/ImageTypeSpecifier
instanceKlass javax/imageio/ImageWriter
instanceKlass javax/imageio/ImageTranscoder
instanceKlass javax/imageio/metadata/IIOMetadataFormat
instanceKlass javax/imageio/ImageReader
instanceKlass javax/imageio/spi/IIORegistry$1
instanceKlass java/io/RandomAccessFile
instanceKlass com/sun/imageio/plugins/jpeg/JPEG
instanceKlass javax/imageio/stream/ImageOutputStream
instanceKlass java/io/DataOutput
instanceKlass javax/imageio/spi/DigraphNode
instanceKlass javax/imageio/stream/ImageInputStream
instanceKlass sun/awt/image/MultiResolutionImage
instanceKlass javax/imageio/spi/SubRegistry
instanceKlass java/util/Vector$Itr
instanceKlass javax/imageio/spi/IIOServiceProvider
instanceKlass javax/imageio/spi/RegisterableService
instanceKlass javax/imageio/spi/ServiceRegistry
instanceKlass javax/imageio/ImageIO
instanceKlass ide/util/Spritesheet
instanceKlass java/awt/AWTEventMulticaster
instanceKlass java/awt/event/HierarchyBoundsListener
instanceKlass java/awt/event/HierarchyListener
instanceKlass java/awt/event/InputMethodListener
instanceKlass java/awt/event/TextListener
instanceKlass java/awt/event/AdjustmentListener
instanceKlass java/awt/event/ItemListener
instanceKlass java/awt/event/ActionListener
instanceKlass java/awt/event/WindowStateListener
instanceKlass java/awt/event/WindowFocusListener
instanceKlass java/awt/event/WindowListener
instanceKlass java/awt/event/FocusListener
instanceKlass java/awt/event/ContainerListener
instanceKlass java/awt/event/ComponentListener
instanceKlass java/awt/event/KeyAdapter
instanceKlass sun/awt/SunGraphicsCallback
instanceKlass java/awt/event/MouseAdapter
instanceKlass javax/swing/event/MouseInputListener
instanceKlass sun/awt/image/NativeLibLoader$1
instanceKlass sun/awt/image/NativeLibLoader
instanceKlass java/awt/image/SampleModel
instanceKlass javax/swing/RepaintManager$4
instanceKlass java/awt/KeyboardFocusManager$LightweightFocusRequest
instanceKlass java/awt/DefaultKeyboardFocusManager$TypeAheadMarker
instanceKlass java/awt/KeyboardFocusManager$HeavyweightFocusRequest
instanceKlass java/awt/image/DataBuffer$1
instanceKlass sun/awt/image/SunWritableRaster$DataStealer
instanceKlass java/awt/image/DataBuffer
instanceKlass java/awt/image/Raster
instanceKlass java/awt/Cursor$CursorDisposer
instanceKlass java/awt/event/MouseEvent$1
instanceKlass sun/awt/AWTAccessor$MouseEventAccessor
instanceKlass sun/awt/GlobalCursorManager$NativeUpdater
instanceKlass sun/awt/GlobalCursorManager
instanceKlass java/awt/SequencedEvent$1
instanceKlass sun/awt/AWTAccessor$SequencedEventAccessor
instanceKlass java/util/concurrent/locks/LockSupport
instanceKlass sun/java2d/d3d/D3DScreenUpdateManager$$Lambda$16
instanceKlass sun/java2d/pipe/BufferedPaints
instanceKlass sun/java2d/d3d/D3DSurfaceData$1
instanceKlass sun/java2d/d3d/D3DSurfaceData$1Status
instanceKlass java/awt/SplashScreen
instanceKlass javax/swing/SwingHeavyWeight
instanceKlass java/awt/EventQueue$4
instanceKlass sun/java2d/StateTrackableDelegate$1
instanceKlass sun/java2d/d3d/D3DBlitLoops
instanceKlass sun/java2d/loops/ProcessPath$DrawHandler
instanceKlass sun/java2d/pipe/BufferedRenderPipe$AAParallelogramPipe
instanceKlass sun/java2d/pipe/BufferedRenderPipe
instanceKlass sun/java2d/pipe/hw/AccelSurface
instanceKlass sun/awt/NullComponentPeer
instanceKlass java/awt/peer/LightweightPeer
instanceKlass sun/awt/im/ExecutableInputMethodManager$3
instanceKlass sun/awt/im/InputMethodLocator
instanceKlass sun/awt/windows/WInputMethodDescriptor
instanceKlass java/awt/im/spi/InputMethodDescriptor
instanceKlass sun/awt/im/InputMethodManager
instanceKlass sun/awt/FontConfiguration$2
instanceKlass sun/awt/Win32FontManager$2
instanceKlass sun/font/SunFontManager$3
instanceKlass sun/font/FontFamily
instanceKlass sun/font/Font2DHandle
instanceKlass sun/font/CompositeFontDescriptor
instanceKlass java/io/DataInput
instanceKlass sun/awt/FontDescriptor
instanceKlass sun/awt/FontConfiguration
instanceKlass sun/font/SunFontManager$FontRegistrationInfo
instanceKlass sun/font/SunFontManager$2
instanceKlass sun/awt/Win32FontManager$1
instanceKlass sun/font/FontManagerFactory$1
instanceKlass sun/font/FontManagerFactory
instanceKlass sun/font/GlyphList
instanceKlass sun/font/StrikeCache$1
instanceKlass sun/font/StrikeCache
instanceKlass sun/font/FontStrike
instanceKlass sun/font/CharToGlyphMapper
instanceKlass sun/font/StrikeMetrics
instanceKlass sun/font/Font2D
instanceKlass sun/font/FontManagerNativeLibrary$1
instanceKlass sun/font/FontManagerNativeLibrary
instanceKlass sun/font/SunFontManager$1
instanceKlass sun/font/SunFontManager$T1Filter
instanceKlass sun/font/SunFontManager$TTFilter
instanceKlass java/io/FilenameFilter
instanceKlass javax/swing/RepaintManager$2$1
instanceKlass sun/font/SunFontManager
instanceKlass java/util/LinkedList$ListItr
instanceKlass sun/font/FontManagerForSGE
instanceKlass sun/font/FontManager
instanceKlass sun/java2d/FontSupport
instanceKlass java/awt/TrayIcon
instanceKlass sun/awt/NativeLibLoader$1
instanceKlass java/awt/MenuComponent
instanceKlass sun/awt/NativeLibLoader
instanceKlass sun/awt/PlatformFont
instanceKlass java/awt/peer/FontPeer
instanceKlass java/awt/EventQueue$3
instanceKlass sun/awt/dnd/SunDragSourceContextPeer
instanceKlass java/awt/dnd/peer/DragSourceContextPeer
instanceKlass javax/swing/RepaintManager$2
instanceKlass sun/awt/windows/WComponentPeer$2
instanceKlass sun/awt/EventQueueDelegate
instanceKlass sun/awt/windows/WColor
instanceKlass java/awt/ModalEventFilter
instanceKlass java/awt/EventDispatchThread$HierarchyEventFilter
instanceKlass java/awt/EventFilter
instanceKlass java/awt/EventDispatchThread$1
instanceKlass java/awt/Conditional
instanceKlass sun/awt/EventQueueItem
instanceKlass java/awt/EventQueue$5
instanceKlass java/awt/event/InvocationEvent$1
instanceKlass sun/awt/AWTAccessor$InvocationEventAccessor
instanceKlass java/awt/ActiveEvent
instanceKlass sun/java2d/StateTracker$2
instanceKlass sun/java2d/StateTracker$1
instanceKlass sun/java2d/StateTracker
instanceKlass sun/java2d/SurfaceDataProxy
instanceKlass sun/awt/image/SurfaceManager$FlushableCacheData
instanceKlass sun/java2d/DefaultDisposerRecord
instanceKlass java/util/TimSort
instanceKlass sun/java2d/loops/GraphicsPrimitiveMgr$PrimitiveSpec
instanceKlass sun/java2d/loops/RenderLoops
instanceKlass sun/java2d/windows/GDIRenderer
instanceKlass sun/java2d/loops/GraphicsPrimitiveMgr$2
instanceKlass sun/java2d/loops/GraphicsPrimitiveMgr$1
instanceKlass sun/java2d/loops/GeneralRenderer
instanceKlass sun/java2d/loops/CustomComponent
instanceKlass sun/java2d/pipe/ValidatePipe
instanceKlass java/awt/BasicStroke
instanceKlass java/awt/Stroke
instanceKlass java/awt/geom/Path2D
instanceKlass java/awt/AlphaComposite
instanceKlass java/awt/Graphics
instanceKlass sun/awt/ConstrainableGraphics
instanceKlass sun/java2d/loops/CompositeType
instanceKlass sun/java2d/loops/GraphicsPrimitiveMgr
instanceKlass sun/java2d/loops/GraphicsPrimitive
instanceKlass sun/java2d/loops/XORComposite
instanceKlass java/awt/Composite
instanceKlass sun/java2d/d3d/D3DScreenUpdateManager$$Lambda$15
instanceKlass sun/java2d/d3d/D3DScreenUpdateManager$$Lambda$14
instanceKlass sun/java2d/ScreenUpdateManager
instanceKlass sun/awt/im/InputMethodWindow
instanceKlass sun/awt/ExtendedKeyCodes
instanceKlass sun/awt/RepaintArea
instanceKlass sun/awt/windows/WWindowPeer$GuiDisposedListener
instanceKlass sun/awt/windows/WWindowPeer$ActiveWindowListener
instanceKlass java/awt/peer/CanvasPeer
instanceKlass java/awt/peer/PanelPeer
instanceKlass java/awt/peer/FramePeer
instanceKlass java/awt/peer/WindowPeer
instanceKlass java/awt/peer/ContainerPeer
instanceKlass javax/swing/ActionMap
instanceKlass java/awt/event/KeyEvent$1
instanceKlass sun/awt/AWTAccessor$KeyEventAccessor
instanceKlass java/awt/VKCollection
instanceKlass javax/swing/InputMap
instanceKlass javax/swing/LayoutComparator
instanceKlass java/util/function/IntBinaryOperator
instanceKlass java/util/function/LongBinaryOperator
instanceKlass java/util/function/DoubleBinaryOperator
instanceKlass java/util/function/BinaryOperator
instanceKlass java/util/function/BiFunction
instanceKlass java/util/function/IntToDoubleFunction
instanceKlass java/util/function/IntToLongFunction
instanceKlass java/util/function/IntUnaryOperator
instanceKlass java/util/function/IntFunction
instanceKlass java/util/stream/LongStream
instanceKlass java/util/stream/DoubleStream
instanceKlass java/util/stream/Stream
instanceKlass java/util/stream/IntStream
instanceKlass java/util/stream/BaseStream
instanceKlass java/util/Spliterator$OfDouble
instanceKlass java/util/Spliterator$OfInt
instanceKlass java/util/Spliterator$OfLong
instanceKlass java/util/Spliterator$OfPrimitive
instanceKlass java/util/Spliterator
instanceKlass javax/swing/SortingFocusTraversalPolicy$1
instanceKlass javax/swing/RepaintManager$PaintManager
instanceKlass javax/swing/JRootPane$RootLayout
instanceKlass javax/swing/ArrayTable
instanceKlass com/sun/java/swing/SwingUtilities3
instanceKlass javax/swing/RepaintManager$ProcessingRunnable
instanceKlass sun/swing/SwingLazyValue$1
instanceKlass sun/reflect/misc/Trampoline
instanceKlass sun/misc/IOUtils
instanceKlass sun/net/www/protocol/jar/JarFileFactory
instanceKlass sun/net/www/protocol/jar/URLJarFile$URLJarFileCloseController
instanceKlass java/util/zip/ZipEntry
instanceKlass sun/reflect/misc/MethodUtil$1
instanceKlass javax/swing/plaf/ComponentUI
instanceKlass sun/util/ResourceBundleEnumeration
instanceKlass java/util/ResourceBundle$RBClassLoader$1
instanceKlass javax/swing/UIManager$2
instanceKlass sun/awt/PaintEventDispatcher
instanceKlass sun/swing/SwingAccessor
instanceKlass javax/swing/RepaintManager$1
instanceKlass sun/swing/SwingAccessor$RepaintManagerAccessor
instanceKlass javax/swing/RepaintManager$DisplayChangedHandler
instanceKlass javax/swing/RepaintManager
instanceKlass javax/swing/plaf/metal/OceanTheme$6
instanceKlass javax/swing/plaf/metal/OceanTheme$5
instanceKlass javax/swing/plaf/metal/OceanTheme$4
instanceKlass javax/swing/plaf/metal/OceanTheme$3
instanceKlass javax/swing/plaf/metal/OceanTheme$2
instanceKlass javax/swing/plaf/metal/OceanTheme$1
instanceKlass java/util/EventListenerProxy
instanceKlass sun/swing/SwingUtilities2$AATextInfo
instanceKlass javax/swing/plaf/metal/MetalLookAndFeel$$Lambda$13
instanceKlass javax/swing/plaf/metal/MetalLookAndFeel$$Lambda$12
instanceKlass javax/swing/plaf/metal/MetalLookAndFeel$$Lambda$11
instanceKlass javax/swing/plaf/metal/MetalLookAndFeel$$Lambda$10
instanceKlass javax/swing/plaf/metal/MetalLookAndFeel$$Lambda$9
instanceKlass javax/swing/plaf/metal/MetalLookAndFeel$FontActiveValue
instanceKlass javax/swing/plaf/metal/MetalLookAndFeel$$Lambda$8
instanceKlass javax/swing/plaf/metal/MetalLookAndFeel$$Lambda$7
instanceKlass javax/swing/UIDefaults$LazyInputMap
instanceKlass javax/swing/plaf/basic/BasicLookAndFeel$2
instanceKlass sun/swing/SwingUtilities2$2
instanceKlass javax/swing/border/AbstractBorder
instanceKlass javax/swing/border/Border
instanceKlass javax/swing/UIDefaults$ActiveValue
instanceKlass sun/swing/SwingLazyValue
instanceKlass javax/swing/UIDefaults$LazyValue
instanceKlass javax/swing/plaf/metal/DefaultMetalTheme$FontDelegate
instanceKlass javax/swing/plaf/UIResource
instanceKlass javax/swing/plaf/metal/MetalTheme
instanceKlass sun/swing/DefaultLookup
instanceKlass javax/swing/LookAndFeel
instanceKlass javax/swing/UIManager$1
instanceKlass javax/swing/UIManager$LAFState
instanceKlass sun/swing/SwingUtilities2$LSBCacheEntry
instanceKlass sun/swing/StringUIClientPropertyKey
instanceKlass sun/swing/UIClientPropertyKey
instanceKlass java/awt/font/FontRenderContext
instanceKlass sun/swing/SwingUtilities2
instanceKlass java/util/IdentityHashMap$IdentityHashMapIterator
instanceKlass java/awt/Toolkit$DesktopPropertyChangeSupport$1
instanceKlass java/util/ComparableTimSort
instanceKlass java/util/Arrays$LegacyMergeSort
instanceKlass sun/awt/SunHints$Value
instanceKlass java/awt/RenderingHints$Key
instanceKlass sun/awt/SunHints
instanceKlass java/awt/RenderingHints
instanceKlass sun/awt/windows/WDesktopProperties$WinPlaySound
instanceKlass java/awt/Color
instanceKlass java/awt/Paint
instanceKlass java/util/concurrent/locks/ReentrantReadWriteLock$WriteLock
instanceKlass java/util/concurrent/locks/ReentrantReadWriteLock$ReadLock
instanceKlass sun/nio/ch/Interruptible
instanceKlass java/util/concurrent/locks/ReentrantReadWriteLock
instanceKlass java/util/concurrent/locks/ReadWriteLock
instanceKlass sun/awt/windows/ThemeReader
instanceKlass sun/awt/windows/WDesktopProperties
instanceKlass sun/awt/OSInfo$1
instanceKlass sun/awt/OSInfo$WindowsVersion
instanceKlass sun/awt/OSInfo
instanceKlass javax/swing/UIManager$LookAndFeelInfo
instanceKlass javax/swing/UIManager
instanceKlass java/awt/FlowLayout
instanceKlass javax/swing/event/EventListenerList
instanceKlass javax/swing/SwingUtilities
instanceKlass javax/swing/SwingConstants
instanceKlass javax/swing/JComponent$1
instanceKlass sun/awt/KeyboardFocusManagerPeerImpl
instanceKlass java/awt/peer/KeyboardFocusManagerPeer
instanceKlass java/awt/FocusTraversalPolicy
instanceKlass java/awt/DefaultKeyboardFocusManager$1
instanceKlass sun/awt/AWTAccessor$DefaultKeyboardFocusManagerAccessor
instanceKlass java/awt/AWTKeyStroke$1
instanceKlass java/awt/AWTKeyStroke
instanceKlass java/awt/KeyboardFocusManager$1
instanceKlass sun/awt/AWTAccessor$KeyboardFocusManagerAccessor
instanceKlass java/awt/KeyboardFocusManager
instanceKlass java/awt/KeyEventPostProcessor
instanceKlass java/awt/KeyEventDispatcher
instanceKlass java/awt/Window$WindowDisposerRecord
instanceKlass java/awt/geom/RectangularShape
instanceKlass java/awt/Shape
instanceKlass java/awt/BorderLayout
instanceKlass java/awt/LayoutManager2
instanceKlass java/awt/GraphicsConfiguration
instanceKlass sun/awt/image/SurfaceManager$ProxiedGraphicsConfig
instanceKlass sun/java2d/pipe/hw/AccelGraphicsConfig
instanceKlass sun/java2d/pipe/hw/BufferedContextProvider
instanceKlass sun/java2d/pipe/BufferedContext
instanceKlass sun/java2d/pipe/hw/ContextCapabilities
instanceKlass sun/java2d/d3d/D3DGraphicsDevice$1
instanceKlass sun/java2d/d3d/D3DGraphicsDevice$1Result
instanceKlass sun/java2d/d3d/D3DRenderQueue$1
instanceKlass sun/java2d/pipe/RenderBuffer
instanceKlass sun/java2d/pipe/RenderQueue
instanceKlass sun/misc/PerfCounter$WindowsClientCounters
instanceKlass java/awt/GraphicsDevice
instanceKlass sun/misc/FloatingDecimal$ASCIIToBinaryBuffer
instanceKlass sun/misc/FloatingDecimal$PreparedASCIIToBinaryBuffer
instanceKlass sun/misc/FloatingDecimal$ASCIIToBinaryConverter
instanceKlass sun/misc/FloatingDecimal$BinaryToASCIIBuffer
instanceKlass sun/misc/FloatingDecimal$ExceptionalBinaryToASCIIBuffer
instanceKlass sun/misc/FloatingDecimal$BinaryToASCIIConverter
instanceKlass sun/misc/FloatingDecimal
instanceKlass sun/java2d/SunGraphicsEnvironment$1
instanceKlass sun/awt/SunDisplayChanger
instanceKlass sun/java2d/SurfaceManagerFactory
instanceKlass sun/java2d/windows/WindowsFlags$1
instanceKlass sun/java2d/windows/WindowsFlags
instanceKlass java/awt/Cursor$1
instanceKlass sun/awt/AWTAccessor$CursorAccessor
instanceKlass java/awt/geom/Point2D
instanceKlass java/awt/Cursor
instanceKlass java/awt/Frame$1
instanceKlass sun/awt/AWTAccessor$FrameAccessor
instanceKlass java/awt/Window$1
instanceKlass sun/awt/AWTAccessor$WindowAccessor
instanceKlass java/awt/Container$1
instanceKlass sun/awt/AWTAccessor$ContainerAccessor
instanceKlass java/awt/LightweightDispatcher
instanceKlass java/awt/event/AWTEventListener
instanceKlass java/awt/LayoutManager
instanceKlass javax/swing/TransferHandler$HasGetTransferHandler
instanceKlass javax/swing/RootPaneContainer
instanceKlass javax/swing/WindowConstants
instanceKlass sun/awt/PostEventQueue
instanceKlass sun/awt/MostRecentKeyValue
instanceKlass java/awt/Queue
instanceKlass java/awt/EventQueue$2
instanceKlass sun/awt/AWTAccessor$EventQueueAccessor
instanceKlass java/awt/EventQueue$1
instanceKlass java/awt/EventQueue
instanceKlass sun/awt/AppContext$1
instanceKlass sun/awt/AppContext$2
instanceKlass sun/awt/AppContext$3
instanceKlass sun/awt/AppContext$6
instanceKlass sun/misc/JavaAWTAccess
instanceKlass sun/awt/AppContext$GetAppContextLock
instanceKlass sun/awt/AppContext
instanceKlass java/awt/Component$3
instanceKlass java/awt/ComponentOrientation
instanceKlass java/awt/geom/Dimension2D
instanceKlass java/awt/event/KeyListener
instanceKlass java/awt/event/MouseWheelListener
instanceKlass java/awt/event/MouseMotionListener
instanceKlass java/awt/event/MouseListener
instanceKlass javax/accessibility/Accessible
instanceKlass java/lang/Shutdown$Lock
instanceKlass java/lang/Shutdown
instanceKlass java/lang/ApplicationShutdownHooks$1
instanceKlass java/lang/ApplicationShutdownHooks
instanceKlass sun/awt/windows/WToolkit$$Lambda$6
instanceKlass java/lang/invoke/LambdaForm$DMH
instanceKlass java/lang/invoke/LambdaForm$MH
instanceKlass sun/awt/windows/WToolkit$$Lambda$5
instanceKlass sun/awt/windows/WToolkit$$Lambda$4
instanceKlass sun/awt/windows/WToolkit$$Lambda$3
instanceKlass sun/awt/AWTAutoShutdown
instanceKlass sun/misc/ThreadGroupUtils
instanceKlass sun/java2d/Disposer$$Lambda$2
instanceKlass java/lang/invoke/LambdaForm$DMH
instanceKlass sun/java2d/Disposer$1
instanceKlass sun/java2d/Disposer
instanceKlass sun/awt/windows/WToolkit$ToolkitDisposer
instanceKlass sun/java2d/DisposerRecord
instanceKlass sun/misc/PerformanceLogger$TimeData
instanceKlass sun/misc/PerformanceLogger
instanceKlass sun/awt/SunToolkit$ModalityListenerList
instanceKlass sun/awt/ModalityListener
instanceKlass java/beans/PropertyChangeListener
instanceKlass java/beans/ChangeListenerMap
instanceKlass java/beans/PropertyChangeSupport
instanceKlass sun/awt/windows/WToolkit$2
instanceKlass java/awt/Component$DummyRequestFocusController
instanceKlass sun/awt/RequestFocusController
instanceKlass java/awt/Component$1
instanceKlass sun/awt/AWTAccessor$ComponentAccessor
instanceKlass java/lang/Class$4
instanceKlass java/text/AttributedCharacterIterator$Attribute
instanceKlass sun/font/AttributeValues
instanceKlass java/awt/geom/AffineTransform
instanceKlass sun/font/FontAccess
instanceKlass java/awt/Font
instanceKlass sun/awt/windows/WObjectPeer
instanceKlass java/awt/dnd/peer/DropTargetPeer
instanceKlass java/awt/peer/ComponentPeer
instanceKlass java/awt/event/InputEvent$1
instanceKlass sun/awt/AWTAccessor$InputEventAccessor
instanceKlass java/awt/event/NativeLibLoader$1
instanceKlass java/awt/event/NativeLibLoader
instanceKlass java/awt/AWTEvent$1
instanceKlass sun/awt/AWTAccessor$AWTEventAccessor
instanceKlass java/util/EventObject
instanceKlass java/awt/Component$AWTTreeLock
instanceKlass java/awt/Component
instanceKlass java/awt/MenuContainer
instanceKlass java/awt/image/ImageObserver
instanceKlass sun/awt/DisplayChangedListener
instanceKlass java/util/EventListener
instanceKlass sun/awt/image/SurfaceManager
instanceKlass sun/awt/image/SurfaceManager$ImageAccessor
instanceKlass java/awt/ImageCapabilities
instanceKlass sun/java2d/DestSurfaceProvider
instanceKlass sun/java2d/loops/RenderCache$Entry
instanceKlass sun/java2d/loops/RenderCache
instanceKlass sun/java2d/pipe/DrawImage
instanceKlass sun/java2d/pipe/GeneralCompositePipe
instanceKlass sun/java2d/pipe/SpanShapeRenderer
instanceKlass sun/java2d/pipe/AlphaPaintPipe
instanceKlass sun/java2d/pipe/AAShapePipe
instanceKlass sun/java2d/pipe/RegionIterator
instanceKlass sun/java2d/pipe/Region
instanceKlass sun/java2d/pipe/SpanClipRenderer
instanceKlass sun/java2d/pipe/PixelToShapeConverter
instanceKlass sun/java2d/pipe/AlphaColorPipe
instanceKlass sun/java2d/pipe/CompositePipe
instanceKlass sun/font/FontUtilities$1
instanceKlass sun/font/FontUtilities
instanceKlass sun/java2d/pipe/GlyphListPipe
instanceKlass sun/java2d/pipe/OutlineTextRenderer
instanceKlass sun/java2d/pipe/RenderingEngine$1
instanceKlass sun/java2d/pipe/RenderingEngine
instanceKlass sun/java2d/pipe/LoopPipe
instanceKlass sun/java2d/pipe/LoopBasedPipe
instanceKlass sun/java2d/pipe/ParallelogramPipe
instanceKlass sun/java2d/pipe/NullPipe
instanceKlass sun/java2d/pipe/DrawImagePipe
instanceKlass sun/java2d/pipe/TextPipe
instanceKlass sun/java2d/pipe/ShapeDrawPipe
instanceKlass sun/java2d/pipe/PixelFillPipe
instanceKlass sun/java2d/pipe/PixelDrawPipe
instanceKlass sun/java2d/StateTrackableDelegate$2
instanceKlass sun/java2d/StateTrackableDelegate
instanceKlass java/awt/color/ICC_Profile$1
instanceKlass sun/java2d/cmm/ProfileActivator
instanceKlass sun/java2d/cmm/ProfileDeferralMgr
instanceKlass java/awt/color/ICC_Profile
instanceKlass java/awt/color/ColorSpace
instanceKlass java/awt/image/ColorModel$1
instanceKlass java/awt/image/ColorModel
instanceKlass sun/awt/image/PixelConverter
instanceKlass sun/java2d/loops/SurfaceType
instanceKlass sun/java2d/SurfaceData
instanceKlass sun/java2d/Surface
instanceKlass sun/java2d/StateTrackable
instanceKlass sun/java2d/DisposerTarget
instanceKlass sun/awt/windows/WToolkit$1
instanceKlass sun/util/calendar/CalendarSystem
instanceKlass java/util/Date
instanceKlass sun/util/logging/LoggingSupport$2
instanceKlass java/util/logging/LoggingProxyImpl
instanceKlass sun/util/logging/LoggingProxy
instanceKlass sun/util/logging/LoggingSupport$1
instanceKlass sun/util/logging/LoggingSupport
instanceKlass sun/util/logging/PlatformLogger$LoggerProxy
instanceKlass sun/util/logging/PlatformLogger$1
instanceKlass sun/util/logging/PlatformLogger
instanceKlass java/util/Collections$SynchronizedMap
instanceKlass java/util/concurrent/locks/AbstractQueuedSynchronizer$ConditionObject
instanceKlass java/util/concurrent/locks/Condition
instanceKlass java/util/concurrent/locks/AbstractQueuedSynchronizer$Node
instanceKlass java/util/concurrent/locks/AbstractOwnableSynchronizer
instanceKlass sun/awt/KeyboardFocusManagerPeerProvider
instanceKlass sun/awt/InputMethodSupport
instanceKlass sun/awt/ComponentFactory
instanceKlass sun/awt/WindowClosingListener
instanceKlass sun/awt/WindowClosingSupport
instanceKlass java/awt/Toolkit$2
instanceKlass java/awt/Insets
instanceKlass java/util/TreeMap$Entry
instanceKlass java/lang/ProcessEnvironment$CheckedEntry
instanceKlass java/lang/ProcessEnvironment$CheckedEntrySet$1
instanceKlass java/util/NavigableMap
instanceKlass java/util/SortedMap
instanceKlass java/util/Collections$UnmodifiableMap
instanceKlass java/lang/ProcessEnvironment$EntryComparator
instanceKlass java/lang/ProcessEnvironment$NameComparator
instanceKlass java/lang/invoke/LambdaForm$MH
instanceKlass java/lang/invoke/LambdaForm$MH
instanceKlass java/lang/invoke/InnerClassLambdaMetafactory$1
instanceKlass java/awt/GraphicsEnvironment$$Lambda$1
instanceKlass java/lang/invoke/InfoFromMemberName
instanceKlass java/lang/invoke/MethodHandleInfo
instanceKlass sun/security/action/GetBooleanAction
instanceKlass sun/security/util/SecurityConstants
instanceKlass java/security/AccessController$1
instanceKlass java/lang/invoke/AbstractValidatingLambdaMetafactory
instanceKlass java/lang/invoke/LambdaForm$BMH
instanceKlass java/lang/invoke/LambdaForm$BMH
instanceKlass java/lang/invoke/LambdaForm$BMH
instanceKlass java/lang/invoke/LambdaForm$BMH
instanceKlass sun/reflect/UnsafeFieldAccessorFactory
instanceKlass jdk/internal/org/objectweb/asm/FieldVisitor
instanceKlass java/lang/invoke/BoundMethodHandle$Factory$1
instanceKlass java/lang/invoke/BoundMethodHandle$SpeciesData$1
instanceKlass java/lang/invoke/LambdaForm$BMH
instanceKlass java/lang/invoke/LambdaForm$MH
instanceKlass java/lang/invoke/LambdaForm$BMH
instanceKlass java/lang/invoke/LambdaForm$MH
instanceKlass java/lang/invoke/LambdaForm$DMH
instanceKlass java/lang/invoke/LambdaForm$DMH
instanceKlass java/lang/invoke/LambdaForm$BMH
instanceKlass java/lang/invoke/LambdaForm$BMH
instanceKlass java/lang/invoke/LambdaForm$MH
instanceKlass java/lang/invoke/LambdaFormBuffer
instanceKlass java/lang/invoke/LambdaFormEditor
instanceKlass java/lang/invoke/LambdaForm$BMH
instanceKlass java/lang/invoke/LambdaForm$DMH
instanceKlass java/lang/invoke/LambdaForm$DMH
instanceKlass java/lang/invoke/LambdaForm$DMH
instanceKlass java/lang/invoke/LambdaForm$DMH
instanceKlass java/lang/invoke/LambdaForm$MH
instanceKlass java/lang/invoke/LambdaForm$DMH
instanceKlass java/lang/invoke/LambdaForm$DMH
instanceKlass java/lang/invoke/LambdaForm$MH
instanceKlass java/lang/invoke/LambdaForm$DMH
instanceKlass java/lang/invoke/LambdaForm$DMH
instanceKlass java/lang/invoke/LambdaForm$MH
instanceKlass java/lang/invoke/LambdaForm$DMH
instanceKlass java/lang/invoke/LambdaForm$DMH
instanceKlass java/lang/invoke/LambdaForm$MH
instanceKlass java/lang/invoke/LambdaForm$DMH
instanceKlass java/lang/invoke/LambdaForm$DMH
instanceKlass java/lang/invoke/LambdaForm$MH
instanceKlass java/lang/invoke/LambdaForm$DMH
instanceKlass java/lang/invoke/LambdaForm$MH
instanceKlass java/lang/invoke/LambdaForm$DMH
instanceKlass java/lang/invoke/LambdaForm$DMH
instanceKlass java/lang/invoke/LambdaForm$MH
instanceKlass java/lang/invoke/LambdaForm$DMH
instanceKlass java/lang/invoke/LambdaForm$DMH
instanceKlass java/lang/invoke/LambdaForm$MH
instanceKlass java/lang/invoke/LambdaForm$DMH
instanceKlass java/lang/invoke/LambdaForm$MH
instanceKlass java/lang/invoke/LambdaForm$DMH
instanceKlass java/lang/invoke/LambdaForm$MH
instanceKlass java/lang/invoke/LambdaForm$DMH
instanceKlass java/lang/invoke/MethodHandleImpl$Lazy
instanceKlass java/lang/invoke/LambdaForm$BMH
instanceKlass java/lang/invoke/LambdaForm$MH
instanceKlass java/lang/invoke/LambdaForm$DMH
instanceKlass java/lang/invoke/LambdaForm$DMH
instanceKlass java/lang/invoke/LambdaForm$DMH
instanceKlass java/lang/invoke/LambdaForm$DMH
instanceKlass java/lang/invoke/LambdaForm$DMH
instanceKlass java/util/SubList$1
instanceKlass java/util/ListIterator
instanceKlass java/util/ArrayList$Itr
instanceKlass java/lang/invoke/LambdaForm$MH
instanceKlass java/lang/invoke/LambdaForm$MH
instanceKlass java/lang/invoke/LambdaForm$MH
instanceKlass java/lang/invoke/LambdaForm$MH
instanceKlass java/lang/invoke/LambdaForm$MH
instanceKlass java/lang/invoke/LambdaForm$MH
instanceKlass java/lang/invoke/LambdaForm$MH
instanceKlass java/lang/invoke/LambdaForm$MH
instanceKlass java/lang/invoke/LambdaForm$MH
instanceKlass java/lang/invoke/LambdaForm$MH
instanceKlass java/lang/invoke/LambdaForm$MH
instanceKlass java/lang/invoke/LambdaForm$MH
instanceKlass java/lang/invoke/InvokerBytecodeGenerator$CpPatch
instanceKlass java/lang/invoke/LambdaForm$DMH
instanceKlass java/lang/invoke/LambdaForm$DMH
instanceKlass java/lang/invoke/LambdaForm$DMH
instanceKlass java/lang/invoke/LambdaForm$DMH
instanceKlass java/lang/invoke/LambdaForm$DMH
instanceKlass java/lang/invoke/LambdaForm$DMH
instanceKlass java/util/HashMap$HashIterator
instanceKlass sun/invoke/empty/Empty
instanceKlass sun/invoke/util/VerifyType
instanceKlass java/lang/invoke/InvokerBytecodeGenerator$2
instanceKlass jdk/internal/org/objectweb/asm/AnnotationVisitor
instanceKlass jdk/internal/org/objectweb/asm/Frame
instanceKlass jdk/internal/org/objectweb/asm/Label
instanceKlass jdk/internal/org/objectweb/asm/Type
instanceKlass jdk/internal/org/objectweb/asm/MethodVisitor
instanceKlass jdk/internal/org/objectweb/asm/Item
instanceKlass jdk/internal/org/objectweb/asm/ByteVector
instanceKlass jdk/internal/org/objectweb/asm/ClassVisitor
instanceKlass java/lang/invoke/InvokerBytecodeGenerator
instanceKlass java/util/AbstractList$Itr
instanceKlass java/util/Collections$UnmodifiableCollection$1
instanceKlass java/lang/invoke/DirectMethodHandle$Lazy
instanceKlass sun/invoke/util/BytecodeDescriptor
instanceKlass java/lang/invoke/BoundMethodHandle$Factory
instanceKlass java/lang/invoke/BoundMethodHandle$SpeciesData
instanceKlass java/lang/invoke/LambdaForm$NamedFunction
instanceKlass java/lang/invoke/LambdaForm$Name
instanceKlass sun/invoke/util/ValueConversions
instanceKlass sun/invoke/util/VerifyAccess
instanceKlass java/lang/Long$LongCache
instanceKlass java/lang/Character$CharacterCache
instanceKlass java/lang/Short$ShortCache
instanceKlass java/lang/Byte$ByteCache
instanceKlass sun/invoke/util/Wrapper$Format
instanceKlass java/lang/invoke/MethodHandles
instanceKlass java/lang/invoke/Invokers
instanceKlass java/lang/invoke/MethodTypeForm
instanceKlass java/lang/invoke/MethodType$ConcurrentWeakInternSet
instanceKlass java/lang/invoke/MethodHandles$Lookup
instanceKlass java/lang/invoke/LambdaMetafactory
instanceKlass java/awt/GraphicsEnvironment
instanceKlass java/util/Properties$LineReader
instanceKlass java/awt/Toolkit$1
instanceKlass java/awt/Toolkit$3
instanceKlass java/net/URLClassLoader$2
instanceKlass sun/misc/JarIndex
instanceKlass java/util/zip/ZipCoder
instanceKlass java/nio/charset/StandardCharsets
instanceKlass java/util/jar/JavaUtilJarAccessImpl
instanceKlass sun/misc/JavaUtilJarAccess
instanceKlass java/util/ResourceBundle$Control$1
instanceKlass java/util/LinkedList$Node
instanceKlass java/util/Deque
instanceKlass java/util/Queue
instanceKlass java/util/ResourceBundle$CacheKeyReference
instanceKlass java/util/ResourceBundle$CacheKey
instanceKlass java/net/URLClassLoader$3$1
instanceKlass sun/misc/FileURLMapper
instanceKlass sun/misc/URLClassPath$JarLoader$1
instanceKlass sun/misc/CompoundEnumeration
instanceKlass java/net/URLClassLoader$3
instanceKlass sun/misc/URLClassPath$1
instanceKlass java/lang/ClassLoader$2
instanceKlass sun/misc/URLClassPath$2
instanceKlass sun/misc/Launcher$BootClassPathHolder$1
instanceKlass sun/misc/Launcher$BootClassPathHolder
instanceKlass java/util/LinkedHashMap$LinkedHashIterator
instanceKlass java/util/ServiceLoader$1
instanceKlass java/util/ServiceLoader$LazyIterator
instanceKlass java/util/ServiceLoader
instanceKlass java/util/spi/ResourceBundleControlProvider
instanceKlass java/util/ResourceBundle
instanceKlass java/util/ResourceBundle$Control
instanceKlass java/awt/Toolkit$5
instanceKlass sun/awt/AWTAccessor
instanceKlass java/awt/Toolkit$4
instanceKlass sun/awt/AWTAccessor$ToolkitAccessor
instanceKlass java/awt/Toolkit
instanceKlass java/awt/Transparency
instanceKlass java/awt/image/WritableRenderedImage
instanceKlass java/awt/image/RenderedImage
instanceKlass java/awt/Image
instanceKlass ide/main/Main
instanceKlass ide/util/Tickable
instanceKlass java/lang/Void
instanceKlass java/lang/Class$MethodArray
instanceKlass sun/launcher/LauncherHelper$FXHelper
instanceKlass ide/main/Start
instanceKlass java/io/FilePermission$1
instanceKlass sun/net/www/MessageHeader
instanceKlass java/net/URLConnection
instanceKlass java/security/PermissionCollection
instanceKlass sun/nio/ch/DirectBuffer
instanceKlass sun/misc/PerfCounter$CoreCounters
instanceKlass sun/misc/Perf
instanceKlass sun/misc/Perf$GetPerfAction
instanceKlass sun/misc/PerfCounter
instanceKlass sun/nio/ByteBuffered
instanceKlass java/lang/Package
instanceKlass sun/misc/Resource
instanceKlass sun/nio/cs/ThreadLocalCoders$Cache
instanceKlass sun/nio/cs/ThreadLocalCoders
instanceKlass java/util/zip/ZipFile$1
instanceKlass sun/misc/JavaUtilZipFileAccess
instanceKlass java/util/zip/ZipFile
instanceKlass java/util/zip/ZipConstants
instanceKlass sun/misc/URLClassPath$Loader
instanceKlass sun/misc/URLClassPath$3
instanceKlass sun/net/util/URLUtil
instanceKlass java/net/URLClassLoader$1
instanceKlass java/lang/StringCoding$StringDecoder
instanceKlass java/io/FileOutputStream$1
instanceKlass java/lang/StringCoding$StringEncoder
instanceKlass java/lang/ThreadLocal$ThreadLocalMap
instanceKlass java/lang/StringCoding
instanceKlass sun/usagetracker/UsageTrackerClient$3
instanceKlass sun/usagetracker/UsageTrackerClient$2
instanceKlass sun/usagetracker/UsageTrackerClient$4
instanceKlass sun/usagetracker/UsageTrackerClient$1
instanceKlass java/util/concurrent/atomic/AtomicBoolean
instanceKlass sun/usagetracker/UsageTrackerClient
instanceKlass sun/misc/PostVMInitHook$1
instanceKlass jdk/internal/util/EnvUtils
instanceKlass sun/misc/PostVMInitHook$2
instanceKlass sun/misc/PostVMInitHook
instanceKlass java/lang/invoke/MethodHandleStatics$1
instanceKlass java/lang/invoke/MethodHandleStatics
instanceKlass java/lang/invoke/MemberName$Factory
instanceKlass java/lang/ClassValue$Version
instanceKlass java/lang/ClassValue$Identity
instanceKlass java/lang/ClassValue
instanceKlass java/lang/invoke/MethodHandleImpl$3
instanceKlass java/lang/invoke/MethodHandleImpl$2
instanceKlass java/util/function/Function
instanceKlass java/lang/invoke/MethodHandleImpl$1
instanceKlass java/lang/invoke/MethodHandleImpl
instanceKlass java/lang/SystemClassLoaderAction
instanceKlass sun/misc/Launcher$AppClassLoader$1
instanceKlass sun/misc/URLClassPath
instanceKlass java/security/Principal
instanceKlass java/security/ProtectionDomain$Key
instanceKlass java/security/ProtectionDomain$2
instanceKlass sun/misc/JavaSecurityProtectionDomainAccess
instanceKlass java/security/ProtectionDomain$JavaSecurityAccessImpl
instanceKlass sun/misc/JavaSecurityAccess
instanceKlass sun/net/util/IPAddressUtil
instanceKlass java/net/URLStreamHandler
instanceKlass java/net/Parts
instanceKlass java/util/BitSet
instanceKlass sun/net/www/ParseUtil
instanceKlass java/io/FileInputStream$1
instanceKlass java/lang/CharacterData
instanceKlass sun/util/locale/LocaleUtils
instanceKlass java/util/Locale$LocaleKey
instanceKlass sun/util/locale/BaseLocale$Key
instanceKlass sun/util/locale/BaseLocale
instanceKlass java/util/concurrent/ConcurrentHashMap$CollectionView
instanceKlass java/util/concurrent/ConcurrentHashMap$CounterCell
instanceKlass java/util/concurrent/ConcurrentHashMap$Node
instanceKlass java/util/concurrent/locks/ReentrantLock
instanceKlass java/util/concurrent/locks/Lock
instanceKlass java/util/concurrent/ConcurrentMap
instanceKlass sun/util/locale/LocaleObjectCache
instanceKlass java/util/Locale
instanceKlass java/lang/reflect/Array
instanceKlass java/nio/charset/CoderResult$Cache
instanceKlass java/nio/charset/CoderResult
instanceKlass java/nio/charset/CharsetDecoder
instanceKlass sun/nio/cs/ArrayDecoder
instanceKlass java/io/Reader
instanceKlass java/lang/Readable
instanceKlass sun/misc/MetaIndex
instanceKlass java/util/StringTokenizer
instanceKlass sun/misc/Launcher$ExtClassLoader$1
instanceKlass java/net/URLClassLoader$7
instanceKlass sun/misc/JavaNetAccess
instanceKlass java/lang/ClassLoader$ParallelLoaders
instanceKlass sun/security/util/Debug
instanceKlass sun/misc/Launcher$Factory
instanceKlass java/net/URLStreamHandlerFactory
instanceKlass java/lang/Compiler$1
instanceKlass java/lang/Compiler
instanceKlass java/lang/System$2
instanceKlass sun/misc/JavaLangAccess
instanceKlass sun/io/Win32ErrorMode
instanceKlass sun/misc/OSEnvironment
instanceKlass java/lang/Integer$IntegerCache
instanceKlass sun/misc/NativeSignalHandler
instanceKlass sun/misc/Signal
instanceKlass java/lang/Terminator$1
instanceKlass sun/misc/SignalHandler
instanceKlass java/lang/Terminator
instanceKlass java/lang/ClassLoader$NativeLibrary
instanceKlass java/io/ExpiringCache$Entry
instanceKlass java/lang/ClassLoader$3
instanceKlass java/nio/file/Path
instanceKlass java/nio/file/Watchable
instanceKlass java/lang/Enum
instanceKlass java/io/ExpiringCache
instanceKlass java/io/FileSystem
instanceKlass java/io/DefaultFileSystem
instanceKlass java/nio/Bits$1
instanceKlass sun/misc/JavaNioAccess
instanceKlass java/nio/ByteOrder
instanceKlass java/nio/Bits
instanceKlass java/nio/charset/CodingErrorAction
instanceKlass java/nio/charset/CharsetEncoder
instanceKlass sun/nio/cs/ArrayEncoder
instanceKlass sun/reflect/ReflectionFactory$1
instanceKlass java/lang/Class$1
instanceKlass sun/nio/cs/SingleByte
instanceKlass sun/nio/cs/HistoricallyNamedCharset
instanceKlass sun/security/action/GetPropertyAction
instanceKlass java/lang/ThreadLocal
instanceKlass java/nio/charset/spi/CharsetProvider
instanceKlass java/nio/charset/Charset
instanceKlass java/io/Writer
instanceKlass java/util/Arrays
instanceKlass sun/reflect/misc/ReflectUtil
instanceKlass java/lang/reflect/ReflectAccess
instanceKlass sun/reflect/LangReflectAccess
instanceKlass java/lang/reflect/Modifier
instanceKlass sun/reflect/annotation/AnnotationType
instanceKlass java/lang/Class$AnnotationData
instanceKlass sun/reflect/generics/repository/AbstractRepository
instanceKlass java/lang/Class$Atomic
instanceKlass java/lang/Class$ReflectionData
instanceKlass java/lang/Class$3
instanceKlass java/util/concurrent/atomic/AtomicReferenceFieldUpdater$AtomicReferenceFieldUpdaterImpl$1
instanceKlass java/security/PrivilegedExceptionAction
instanceKlass java/util/concurrent/atomic/AtomicReferenceFieldUpdater
instanceKlass java/io/OutputStream
instanceKlass java/io/Flushable
instanceKlass java/io/FileDescriptor$1
instanceKlass sun/misc/JavaIOFileDescriptorAccess
instanceKlass java/io/FileDescriptor
instanceKlass sun/misc/Version
instanceKlass java/lang/Runtime
instanceKlass java/util/Hashtable$Enumerator
instanceKlass java/util/Iterator
instanceKlass java/util/Enumeration
instanceKlass java/util/Objects
instanceKlass java/util/Collections$SynchronizedCollection
instanceKlass java/lang/Math
instanceKlass java/util/Hashtable$Entry
instanceKlass sun/misc/VM
instanceKlass java/util/HashMap$Node
instanceKlass java/util/Map$Entry
instanceKlass sun/reflect/Reflection
instanceKlass sun/misc/SharedSecrets
instanceKlass java/lang/ref/Reference$1
instanceKlass sun/misc/JavaLangRefAccess
instanceKlass java/lang/ref/ReferenceQueue$Lock
instanceKlass java/util/Collections$UnmodifiableCollection
instanceKlass java/util/AbstractMap
instanceKlass java/util/Set
instanceKlass java/util/Collections
instanceKlass java/lang/ref/Reference$Lock
instanceKlass sun/reflect/ReflectionFactory
instanceKlass java/util/AbstractCollection
instanceKlass java/util/RandomAccess
instanceKlass java/util/List
instanceKlass java/util/Collection
instanceKlass java/lang/Iterable
instanceKlass java/security/cert/Certificate
instanceKlass sun/reflect/ReflectionFactory$GetReflectionFactoryAction
instanceKlass java/security/PrivilegedAction
instanceKlass java/security/AccessController
instanceKlass java/security/Permission
instanceKlass java/security/Guard
instanceKlass java/lang/String$CaseInsensitiveComparator
instanceKlass java/util/Comparator
instanceKlass java/io/ObjectStreamField
instanceKlass java/lang/Number
instanceKlass java/lang/Character
instanceKlass java/lang/Boolean
instanceKlass java/nio/Buffer
instanceKlass java/lang/StackTraceElement
instanceKlass java/security/CodeSource
instanceKlass sun/misc/Launcher
instanceKlass java/util/jar/Manifest
instanceKlass java/net/URL
instanceKlass java/io/File
instanceKlass java/io/InputStream
instanceKlass java/io/Closeable
instanceKlass java/lang/AutoCloseable
instanceKlass sun/misc/Unsafe
instanceKlass java/lang/AbstractStringBuilder
instanceKlass java/lang/Appendable
instanceKlass java/lang/invoke/CallSite
instanceKlass java/lang/invoke/MethodType
instanceKlass java/lang/invoke/LambdaForm
instanceKlass java/lang/invoke/MethodHandleNatives
instanceKlass java/lang/invoke/MemberName
instanceKlass java/lang/invoke/MethodHandle
instanceKlass sun/reflect/CallerSensitive
instanceKlass java/lang/annotation/Annotation
instanceKlass sun/reflect/FieldAccessor
instanceKlass sun/reflect/ConstantPool
instanceKlass sun/reflect/ConstructorAccessor
instanceKlass sun/reflect/MethodAccessor
instanceKlass sun/reflect/MagicAccessorImpl
instanceKlass java/lang/reflect/Parameter
instanceKlass java/lang/reflect/Member
instanceKlass java/lang/reflect/AccessibleObject
instanceKlass java/util/Dictionary
instanceKlass java/util/Map
instanceKlass java/lang/ThreadGroup
instanceKlass java/lang/Thread$UncaughtExceptionHandler
instanceKlass java/lang/Thread
instanceKlass java/lang/Runnable
instanceKlass java/lang/ref/ReferenceQueue
instanceKlass java/lang/ref/Reference
instanceKlass java/security/AccessControlContext
instanceKlass java/security/ProtectionDomain
instanceKlass java/lang/SecurityManager
instanceKlass java/lang/Throwable
instanceKlass java/lang/System
instanceKlass java/lang/ClassLoader
instanceKlass java/lang/Cloneable
instanceKlass java/lang/Class
instanceKlass java/lang/reflect/Type
instanceKlass java/lang/reflect/GenericDeclaration
instanceKlass java/lang/reflect/AnnotatedElement
instanceKlass java/lang/String
instanceKlass java/lang/CharSequence
instanceKlass java/lang/Comparable
instanceKlass java/io/Serializable
ciInstanceKlass java/lang/Object 1 1 75 3 8 8 8 1 1 1 1 1 1 1 1 1 1 1 1 1 1 1 1 1 1 1 1 1 1 1 1 1 1 1 1 1 1 1 1 1 1 1 1 1 1 1 7 100 100 7 100 7 7 100 1 1 1 12 12 12 12 12 12 12 12 12 12 10 10 10 10 10 10 10 10 10 10
ciInstanceKlass java/io/Serializable 1 0 5 1 1 100 100
ciInstanceKlass java/lang/String 1 1 537 3 3 3 3 8 8 8 8 8 8 8 8 8 8 1 1 1 1 1 1 1 1 1 1 1 1 1 1 1 1 1 1 1 1 1 1 1 1 1 1 1 1 1 1 1 1 1 1 1 1 1 1 1 1 1 1 1 1 1 1 1 1 1 1 1 1 1 1 1 1 1 1 1 1 1 1 1 1 1 1 1 1 1 1 1 1 1 1 1 1 1 1 1 1 1 1 1 1 1 1 1 1 1 1 1 1 1 1 1 1 1 1 1 1 1 1 1 1 1 1 1 1 1 1 1 1 1 1 1 1 1 1 1 1 1 1 1 1 1 1 1 1 1 1 1 1 1 1 1 1 1 1 1 1 1 1 1 1 1 1 1 1 1 1 1 1 1 1 1 1 1 1 1 1 1 1 1 1 1 1 1 1 1 1 1 1 1 1 1 1 1 1 1 1 1 1 1 1 1 1 1 1 1 1 1 1 1 1 1 1 1 5 0 100 100 100 100 7 7 100 100 100 7 7 100 100 7 100 100 100 100 100 100 7 100 7 7 100 7 100 100 7 100 7 100 100 7 7 7 100 100 7 7 100 100 7 7 1 1 1 1 1 1 1 1 1 1 1 1 1 1 1 1 1 1 1 1 1 1 1 1 1 1 1 1 1 1 1 1 1 1 1 1 1 1 1 1 1 1 1 1 1 1 1 1 1 1 1 1 1 1 1 1 1 1 1 1 1 12 12 12 12 12 12 12 12 12 12 12 12 12 12 12 12 12 12 12 12 12 12 12 12 12 12 12 12 12 12 12 12 12 12 12 12 12 12 12 12 12 12 12 12 12 12 12 12 12 12 12 12 12 12 12 12 12 12 12 12 12 12 12 12 12 12 12 12 12 12 12 12 12 12 12 12 12 12 12 12 12 12 12 12 12 12 12 12 12 12 12 12 12 12 12 12 12 12 12 12 12 9 9 9 9 10 10 10 10 10 10 10 10 10 10 10 10 10 10 10 10 10 10 10 10 10 10 10 10 10 10 10 10 10 10 10 10 10 10 10 10 10 10 10 10 10 10 10 10 10 10 10 10 10 10 10 10 10 10 10 10 10 10 10 10 10 10 10 10 10 10 10 10 10 10 10 10 10 10 10 10 10 10 10 10 10 10 10 10 10 10 10 10 10 10 10 10 10 10 10 10 10 10 10 10 10 10 10 10 11 11 11 11 11 11 11 11 1
staticfield java/lang/String serialPersistentFields [Ljava/io/ObjectStreamField; 0 [Ljava/io/ObjectStreamField;
staticfield java/lang/String CASE_INSENSITIVE_ORDER Ljava/util/Comparator; java/lang/String$CaseInsensitiveComparator
ciInstanceKlass java/lang/Class 1 1 1187 8 8 8 8 8 8 8 8 8 8 8 8 8 8 8 8 8 8 7 1 1 1 1 1 1 1 1 1 1 1 1 1 1 1 1 1 1 1 1 1 1 1 1 1 1 1 1 1 1 1 1 1 1 1 1 1 1 1 1 1 1 1 1 1 1 1 1 1 1 1 1 1 1 1 1 1 1 1 1 1 1 1 1 1 1 1 1 1 1 1 1 1 1 1 1 1 1 1 1 1 1 1 1 1 1 1 1 1 1 1 1 1 1 1 1 1 1 1 1 1 1 1 1 1 1 1 1 1 1 1 1 1 1 1 1 1 1 1 1 1 1 1 1 1 1 1 1 1 1 1 1 1 1 1 1 1 1 1 1 1 1 1 1 1 1 1 1 1 1 1 1 1 1 1 1 1 1 1 1 1 1 1 1 1 1 1 1 1 1 1 1 1 1 1 1 1 1 1 1 1 1 1 1 1 1 1 1 1 1 1 1 1 1 1 1 1 1 1 1 1 1 1 1 1 1 1 1 1 1 1 1 1 1 1 1 1 1 1 1 1 1 1 1 1 1 1 1 1 1 1 1 1 1 1 1 1 1 1 1 1 1 1 1 1 1 1 1 1 1 1 1 1 1 1 1 1 1 1 1 1 1 1 1 1 1 1 1 1 1 1 1 1 1 1 1 1 1 1 1 1 1 1 1 1 1 1 1 1 1 1 1 1 1 1 1 1 1 1 1 1 1 1 1 1 1 1 1 1 1 1 1 1 1 1 1 1 1 1 1 1 1 1 1 1 1 1 1 1 1 1 1 1 1 1 1 1 1 1 1 1 1 1 1 1 1 1 1 1 1 1 1 1 1 1 1 1 1 1 1 1 1 1 1 1 1 1 1 1 1 1 1 1 1 1 1 1 1 1 1 1 1 1 1 1 1 1 1 1 1 1 1 1 1 1 1 1 1 1 1 3 3 3 5 0 8 8 8 8 8 7 7 7 100 100 100 100 7 100 7 100 7 7 100 7 100 7 7 100 7 100 100 100 7 100 100 100 100 100 100 100 7 7 100 100 100 100 7 7 7 100 100 100 7 100 100 7 7 100 100 100 7 100 100 100 100 7 7 7 100 100 100 100 100 100 100 100 100 100 100 100 100 7 7 7 100 100 100 100 100 100 100 100 100 100 7 1 1 1 1 1 1 1 1 1 1 1 1 1 1 1 1 1 1 1 1 1 1 1 1 1 1 1 1 1 1 1 1 1 1 1 1 1 1 1 1 1 1 1 1 1 1 1 1 1 1 1 1 1 1 1 1 1 1 1 1 1 1 1 1 1 1 1 1 1 1 1 1 1 1 1 1 1 1 1 1 1 1 1 1 1 1 1 1 1 1 1 1 1 1 1 1 1 1 1 1 1 1 1 1 1 1 1 1 1 1 1 1 1 1 1 1 1 1 1 1 1 1 1 1 1 1 1 1 1 1 1 1 1 1 1 1 1 1 1 1 1 1 1 1 1 1 1 1 1 1 1 1 1 1 1 1 1 1 1 1 1 1 1 1 1 1 1 12 12 12 12 12 12 12 12 12 12 12 12 12 12 12 12 12 12 12 12 12 12 12 12 12 12 12 12 12 12 12 12 12 12 12 12 12 12 12 12 12 12 12 12 12 12 12 12 12 12 12 12 12 12 12 12 12 12 12 12 12 12 12 12 12 12 12 12 12 12 12 12 12 12 12 12 12 12 12 12 12 12 12 12 12 12 12 12 12 12 12 12 12 12 12 12 12 12 12 12 12 12 12 12 12 12 12 12 12 12 12 12 12 12 12 12 12 12 12 12 12 12 12 12 12 12 12 12 12 12 12 12 12 12 12 12 12 12 12 12 12 12 12 12 12 12 12 12 12 12 12 12 12 12 12 12 12 12 12 12 12 12 12 12 12 12 12 12 12 12 12 12 12 12 12 12 12 12 12 12 12 12 12 12 12 12 12 12 12 12 12 12 12 12 12 12 12 12 12 12 12 12 12 12 12 12 12 12 12 12 12 12 12 12 12 12 12 12 12 12 12 12 12 12 12 12 12 12 12 12 12 12 9 9 9 9 9 9 9 9 9 9 9 9 9 9 9 9 9 9 9 9 9 9 9 9 9 9 9 9 9 9 9 9 9 9 9 9 9 10 10 10 10 10 10 10 10 10 10 10 10 10 10 10 10 10 10 10 10 10 10 10 10 10 10 10 10 10 10 10 10 10 10 10 10 10 10 10 10 10 10 10 10 10 10 10 10 10 10 10 10 10 10 10 10 10 10 10 10 10 10 10 10 10 10 10 10 10 10 10 10 10 10 10 10 10 10 10 10 10 10 10 10 10 10 10 10 10 10 10 10 10 10 10 10 10 10 10 10 10 10 10 10 10 10 10 10 10 10 10 10 10 10 10 10 10 10 10 10 10 10 10 10 10 10 10 10 10 10 10 10 10 10 10 10 10 10 10 10 10 10 10 10 10 10 10 10 10 10 10 10 10 10 10 10 10 10 10 10 10 10 10 10 10 10 10 10 10 10 10 10 10 10 10 10 10 10 10 10 10 10 10 10 10 10 10 10 10 10 10 10 10 10 10 10 10 10 10 10 10 10 10 10 10 10 10 10 10 10 11 11 11 11 11 11 11 11 11 11 11 11 11 11 11 11 11 11 1 1 1 1 1 1 1
staticfield java/lang/Class serialPersistentFields [Ljava/io/ObjectStreamField; 0 [Ljava/io/ObjectStreamField;
ciInstanceKlass java/lang/Cloneable 1 0 5 1 1 100 100
instanceKlass java/util/ResourceBundle$RBClassLoader
instanceKlass sun/reflect/DelegatingClassLoader
instanceKlass java/security/SecureClassLoader
ciInstanceKlass java/lang/ClassLoader 1 1 822 8 8 8 8 8 8 8 8 8 8 8 8 8 8 8 8 8 8 7 1 1 1 1 1 1 1 1 1 1 1 1 1 1 1 1 1 1 1 1 1 1 1 1 1 1 1 1 1 1 1 1 1 1 1 1 1 1 1 1 1 1 1 1 1 1 1 1 1 1 1 1 1 1 1 1 1 1 1 1 1 1 1 1 1 1 1 1 1 1 1 1 1 1 1 1 1 1 1 1 1 1 1 1 1 1 1 1 1 1 1 1 1 1 1 1 1 1 1 1 1 1 1 1 1 1 1 1 1 1 1 1 1 1 1 1 1 1 1 1 1 1 1 1 1 1 1 1 1 1 1 1 1 1 1 1 1 1 1 1 1 1 1 1 1 1 1 1 1 1 1 1 1 1 1 1 1 1 1 1 1 1 1 1 1 1 1 1 1 1 1 1 1 1 1 1 1 1 1 1 1 1 1 1 1 1 1 1 1 1 1 1 1 1 1 1 1 1 1 1 1 1 1 1 1 1 1 1 1 1 1 1 1 1 1 1 1 1 1 1 1 1 1 1 1 1 1 1 1 1 1 1 1 1 1 1 1 1 1 1 1 1 1 1 1 1 1 1 1 1 1 1 1 1 1 1 1 1 1 1 1 1 1 1 1 1 1 1 1 1 1 100 100 100 7 7 7 100 100 100 100 7 100 100 7 7 7 7 100 7 100 100 100 100 7 7 100 100 7 100 7 7 100 100 100 100 7 100 100 7 7 100 7 7 100 100 7 7 7 7 7 7 7 7 7 7 7 7 7 7 100 100 1 1 1 1 1 1 1 1 1 1 1 1 1 1 1 1 1 1 1 1 1 1 1 1 1 1 1 1 1 1 1 1 1 1 1 1 1 1 1 1 1 1 1 1 1 1 1 1 1 1 1 1 1 1 1 1 1 1 1 1 1 1 1 1 1 1 1 1 1 1 1 1 1 1 1 1 1 1 1 1 1 1 1 1 1 1 1 1 1 1 1 1 1 1 1 1 1 1 1 1 1 1 1 1 1 1 1 1 1 1 1 12 12 12 12 12 12 12 12 12 12 12 12 12 12 12 12 12 12 12 12 12 12 12 12 12 12 12 12 12 12 12 12 12 12 12 12 12 12 12 12 12 12 12 12 12 12 12 12 12 12 12 12 12 12 12 12 12 12 12 12 12 12 12 12 12 12 12 12 12 12 12 12 12 12 12 12 12 12 12 12 12 12 12 12 12 12 12 12 12 12 12 12 12 12 12 12 12 12 12 12 12 12 12 12 12 12 12 12 12 12 12 12 12 12 12 12 12 12 12 12 12 12 12 12 12 12 12 12 12 12 12 12 12 12 12 12 12 12 12 12 12 12 12 12 12 12 12 12 12 12 12 12 12 12 12 12 12 12 12 12 12 12 12 12 12 12 9 9 9 9 9 9 9 9 9 9 9 9 9 9 9 9 9 9 9 9 9 9 9 9 9 9 9 9 10 10 10 10 10 10 10 10 10 10 10 10 10 10 10 10 10 10 10 10 10 10 10 10 10 10 10 10 10 10 10 10 10 10 10 10 10 10 10 10 10 10 10 10 10 10 10 10 10 10 10 10 10 10 10 10 10 10 10 10 10 10 10 10 10 10 10 10 10 10 10 10 10 10 10 10 10 10 10 10 10 10 10 10 10 10 10 10 10 10 10 10 10 10 10 10 10 10 10 10 10 10 10 10 10 10 10 10 10 10 10 10 10 10 10 10 10 10 10 10 10 10 10 10 10 10 10 10 10 10 10 10 10 10 10 10 10 10 10 10 10 10 10 10 10 10 10 10 10 10 10 10 10 10 10 10 10 10 11 11 11 11 11 1 1
staticfield java/lang/ClassLoader nocerts [Ljava/security/cert/Certificate; 0 [Ljava/security/cert/Certificate;
ciInstanceKlass java/lang/System 1 1 366 8 8 8 8 8 8 8 8 8 8 8 8 8 7 1 1 1 1 1 1 1 1 1 1 1 1 1 1 1 1 1 1 1 1 1 1 1 1 1 1 1 1 1 1 1 1 1 1 1 1 1 1 1 1 1 1 1 1 1 1 1 1 1 1 1 1 1 1 1 1 1 1 1 1 1 1 1 1 1 1 1 1 1 1 1 1 1 1 1 1 1 1 1 1 1 1 1 1 1 1 1 1 1 1 1 1 1 1 1 1 1 1 1 1 1 1 1 1 1 1 1 1 1 1 1 1 1 1 1 1 1 1 1 1 1 1 1 1 1 1 1 1 1 1 1 1 1 1 1 7 7 7 7 7 100 7 100 100 100 100 100 100 7 7 100 100 7 100 100 7 7 7 7 100 100 100 7 100 100 7 7 7 7 1 1 1 1 1 1 1 1 1 1 1 1 1 1 1 1 1 1 1 1 1 1 1 1 1 1 1 1 1 1 1 1 1 1 1 1 1 1 1 1 12 12 12 12 12 12 12 12 12 12 12 12 12 12 12 12 12 12 12 12 12 12 12 12 12 12 12 12 12 12 12 12 12 12 12 12 12 12 12 12 12 12 12 12 12 12 12 12 12 12 12 12 12 12 12 12 12 12 12 12 12 12 12 12 12 12 12 12 9 9 9 9 9 9 9 9 9 9 10 10 10 10 10 10 10 10 10 10 10 10 10 10 10 10 10 10 10 10 10 10 10 10 10 10 10 10 10 10 10 10 10 10 10 10 10 10 10 10 10 10 10 10 10 10 10 10 10 10 10 10 10 10 10 10 10 10 10 10 10 10 10 11
staticfield java/lang/System in Ljava/io/InputStream; java/io/BufferedInputStream
staticfield java/lang/System out Ljava/io/PrintStream; java/io/PrintStream
staticfield java/lang/System err Ljava/io/PrintStream; java/io/PrintStream
instanceKlass java/lang/Exception
instanceKlass java/lang/Error
ciInstanceKlass java/lang/Throwable 1 1 350 8 8 8 8 8 8 8 8 8 8 8 8 8 8 8 8 8 8 8 7 1 1 1 1 1 1 1 1 1 1 1 1 1 1 1 1 1 1 1 1 1 1 1 1 1 1 1 1 1 1 1 1 1 1 1 1 1 1 1 1 1 1 1 1 1 1 1 1 1 1 1 1 1 1 1 1 1 1 1 1 1 1 1 1 1 1 1 1 1 1 1 1 1 1 1 1 1 1 1 1 1 1 1 1 1 1 1 1 1 1 1 1 1 1 1 1 1 1 1 1 1 1 1 1 1 1 1 1 1 1 1 1 1 1 1 1 1 1 1 1 1 1 1 1 1 1 1 1 1 1 1 1 1 1 1 1 5 0 100 100 100 100 100 100 100 100 7 100 100 100 100 100 100 7 100 7 100 100 100 100 100 100 100 100 100 7 7 100 100 100 100 100 1 1 1 1 1 1 1 1 1 1 1 1 1 1 1 1 1 1 1 1 1 1 1 1 1 1 1 1 1 1 1 12 12 12 12 12 12 12 12 12 12 12 12 12 12 12 12 12 12 12 12 12 12 12 12 12 12 12 12 12 12 12 12 12 12 12 12 12 12 12 12 12 12 12 12 12 12 12 12 12 12 12 12 12 12 12 12 12 9 9 9 9 9 9 9 9 9 9 9 9 10 10 10 10 10 10 10 10 10 10 10 10 10 10 10 10 10 10 10 10 10 10 10 10 10 10 10 10 10 10 10 10 10 10 10 10 10 10 10 10 10 10 10 10 10 11 11 11 11 11 11 11 11 1 1 1 1
staticfield java/lang/Throwable UNASSIGNED_STACK [Ljava/lang/StackTraceElement; 0 [Ljava/lang/StackTraceElement;
staticfield java/lang/Throwable SUPPRESSED_SENTINEL Ljava/util/List; java/util/Collections$UnmodifiableRandomAccessList
staticfield java/lang/Throwable EMPTY_THROWABLE_ARRAY [Ljava/lang/Throwable; 0 [Ljava/lang/Throwable;
staticfield java/lang/Throwable $assertionsDisabled Z 1
instanceKlass java/lang/VirtualMachineError
instanceKlass java/lang/LinkageError
instanceKlass java/lang/ThreadDeath
ciInstanceKlass java/lang/Error 1 1 27 1 1 1 1 1 1 1 1 1 1 5 0 100 7 1 1 12 12 12 12 12 10 10 10 10 10
ciInstanceKlass java/lang/ThreadDeath 0 0 15 1 1 1 1 1 1 1 1 5 0 100 100 12 10
instanceKlass java/awt/datatransfer/UnsupportedFlavorException
instanceKlass java/security/PrivilegedActionException
instanceKlass java/io/IOException
instanceKlass java/lang/InterruptedException
instanceKlass java/lang/ReflectiveOperationException
instanceKlass java/lang/RuntimeException
ciInstanceKlass java/lang/Exception 1 1 27 1 1 1 1 1 1 1 1 1 1 5 0 100 7 1 1 12 12 12 12 12 10 10 10 10 10
instanceKlass java/lang/IndexOutOfBoundsException
instanceKlass java/util/MissingResourceException
instanceKlass java/lang/UnsupportedOperationException
instanceKlass java/lang/IllegalStateException
instanceKlass java/lang/invoke/WrongMethodTypeException
instanceKlass java/lang/IllegalArgumentException
instanceKlass java/lang/ArithmeticException
instanceKlass java/lang/NullPointerException
instanceKlass java/lang/IllegalMonitorStateException
instanceKlass java/lang/ArrayStoreException
instanceKlass java/lang/ClassCastException
ciInstanceKlass java/lang/RuntimeException 1 1 27 1 1 1 1 1 1 1 1 1 1 5 0 7 100 1 1 12 12 12 12 12 10 10 10 10 10
ciInstanceKlass java/lang/SecurityManager 0 0 372 8 8 8 8 8 8 8 8 8 8 8 8 8 8 8 8 8 8 8 8 8 8 8 8 8 8 8 8 8 8 8 8 8 8 8 8 100 1 1 1 1 1 1 1 1 1 1 1 1 1 1 1 1 1 1 1 1 1 1 1 1 1 1 1 1 1 1 1 1 1 1 1 1 1 1 1 1 1 1 1 1 1 1 1 1 1 1 1 1 1 1 1 1 1 1 1 1 1 1 1 1 1 1 1 1 1 1 1 1 1 1 1 1 1 1 1 1 1 1 1 1 1 1 1 1 1 1 1 1 1 1 1 1 1 1 1 1 1 1 1 1 1 1 1 1 1 1 1 1 1 1 1 1 1 1 1 1 1 1 1 1 1 1 1 1 1 1 1 1 1 1 1 1 1 1 1 1 1 1 1 1 1 1 1 1 1 1 1 1 1 1 1 1 1 1 1 1 1 1 100 100 100 100 100 100 100 100 100 100 100 100 100 100 100 100 100 100 100 100 100 100 100 100 100 100 100 100 1 1 1 1 1 1 1 1 1 1 1 1 1 1 1 1 1 1 1 1 1 1 1 1 1 1 1 1 1 1 1 12 12 12 12 12 12 12 12 12 12 12 12 12 12 12 12 12 12 12 12 12 12 12 12 12 12 12 12 12 12 12 12 12 12 12 12 12 12 12 12 12 12 12 12 12 12 12 12 12 12 12 9 9 9 9 9 9 9 9 9 9 9 9 9 9 9 9 9 10 10 10 10 10 10 10 10 10 10 10 10 10 10 10 10 10 10 10 10 10 10 10 10 10 10 10 10 10 10 10 10 10 10 10 10 10 10 10 10 10 10 10 10 10
ciInstanceKlass java/security/ProtectionDomain 1 1 269 8 8 8 8 8 8 8 8 8 8 1 1 1 1 1 1 1 1 1 1 1 1 1 1 1 1 1 1 1 1 1 1 1 1 1 1 1 1 1 1 1 1 1 1 1 1 1 1 1 1 1 1 1 1 1 1 1 1 1 1 1 1 1 1 1 1 1 1 1 1 1 1 1 1 1 1 1 1 1 1 1 1 1 1 1 1 1 1 1 1 1 1 1 1 1 1 1 1 1 1 1 1 1 1 1 1 1 100 100 100 7 100 100 100 100 100 100 100 100 100 7 7 100 7 7 100 7 7 7 100 100 100 7 7 100 1 1 1 1 1 1 1 1 1 1 1 1 1 1 1 1 1 1 1 1 1 1 1 1 1 1 1 1 1 12 12 12 12 12 12 12 12 12 12 12 12 12 12 12 12 12 12 12 12 12 12 12 12 12 12 12 12 12 12 12 12 12 12 12 12 12 12 12 12 12 12 12 12 12 12 12 12 9 9 9 9 9 9 9 9 9 9 9 10 10 10 10 10 10 10 10 10 10 10 10 10 10 10 10 10 10 10 10 10 10 10 10 10 10 10 10 10 10 10 10 10 10 10 10 10 11 11 11 11 11 11 11 1
staticfield java/security/ProtectionDomain debug Lsun/security/util/Debug; null
ciInstanceKlass java/security/AccessControlContext 1 1 302 8 8 8 8 8 8 8 8 8 8 8 8 8 7 1 1 1 1 1 1 1 1 1 1 1 1 1 1 1 1 1 1 1 1 1 1 1 1 1 1 1 1 1 1 1 1 1 1 1 1 1 1 1 1 1 1 1 1 1 1 1 1 1 1 1 1 1 1 1 1 1 1 1 1 1 1 1 1 1 1 1 1 1 1 1 1 1 1 1 1 1 1 1 1 1 1 1 1 1 1 1 1 1 1 1 1 1 1 1 1 1 1 1 1 1 1 1 1 1 1 1 100 7 100 100 7 100 100 100 100 100 7 100 100 7 100 100 7 100 7 100 100 100 100 1 1 1 1 1 1 1 1 1 1 1 1 1 1 1 1 1 1 1 1 1 1 1 1 1 1 1 1 1 1 1 1 1 1 12 12 12 12 12 12 12 12 12 12 12 12 12 12 12 12 12 12 12 12 12 12 12 12 12 12 12 12 12 12 12 12 12 12 12 12 12 12 12 12 12 12 12 12 12 12 12 12 12 12 12 12 12 12 12 12 12 12 9 9 9 9 9 9 9 9 9 9 9 9 9 9 10 10 10 10 10 10 10 10 10 10 10 10 10 10 10 10 10 10 10 10 10 10 10 10 10 10 10 10 10 10 10 10 10 10 10 10 10 10 10 10 10 10 10 10 10 11 11 11 11 11 11
instanceKlass sun/reflect/misc/MethodUtil
instanceKlass java/net/URLClassLoader
ciInstanceKlass java/security/SecureClassLoader 1 1 127 8 8 8 8 1 1 1 1 1 1 1 1 1 1 1 1 1 1 1 1 1 1 1 1 1 1 1 1 1 1 1 1 1 1 1 1 1 1 1 1 1 1 1 1 1 1 1 1 7 100 100 100 100 7 100 7 7 7 7 7 1 1 1 1 1 1 1 1 1 1 1 1 1 1 1 1 1 1 12 12 12 12 12 12 12 12 12 12 12 12 12 12 12 12 12 12 12 12 12 12 12 9 9 9 10 10 10 10 10 10 10 10 10 10 10 10 10 10 10 10 10 10 10 10 10 10
staticfield java/security/SecureClassLoader debug Lsun/security/util/Debug; null
instanceKlass java/lang/reflect/InvocationTargetException
instanceKlass java/lang/IllegalAccessException
instanceKlass java/lang/NoSuchFieldException
instanceKlass java/lang/InstantiationException
instanceKlass java/lang/NoSuchMethodException
instanceKlass java/lang/ClassNotFoundException
ciInstanceKlass java/lang/ReflectiveOperationException 1 1 24 1 1 1 1 1 1 1 1 1 1 5 0 7 100 1 12 12 12 12 10 10 10 10
ciInstanceKlass java/lang/ClassNotFoundException 1 1 29 1 1 1 1 1 1 1 1 1 1 1 1 1 1 5 0 100 7 100 1 1 1 12 12 12 9 10 10
instanceKlass java/lang/IncompatibleClassChangeError
instanceKlass java/lang/BootstrapMethodError
instanceKlass java/lang/NoClassDefFoundError
ciInstanceKlass java/lang/LinkageError 1 1 21 1 1 1 1 1 1 1 1 1 5 0 7 100 1 12 12 12 10 10 10
ciInstanceKlass java/lang/NoClassDefFoundError 0 0 18 1 1 1 1 1 1 1 1 1 5 0 100 100 12 12 10 10
ciInstanceKlass java/lang/ClassCastException 1 1 18 1 1 1 1 1 1 1 1 1 5 0 100 100 12 12 10 10
ciInstanceKlass java/lang/ArrayStoreException 1 1 18 1 1 1 1 1 1 1 1 1 5 0 100 100 12 12 10 10
instanceKlass java/lang/StackOverflowError
instanceKlass java/lang/OutOfMemoryError
ciInstanceKlass java/lang/VirtualMachineError 1 1 24 1 1 1 1 1 1 1 1 1 1 5 0 100 100 1 12 12 12 12 10 10 10 10
ciInstanceKlass java/lang/OutOfMemoryError 1 1 18 1 1 1 1 1 1 1 1 1 5 0 100 100 12 12 10 10
ciInstanceKlass java/lang/StackOverflowError 1 1 18 1 1 1 1 1 1 1 1 1 5 0 100 100 12 12 10 10
ciInstanceKlass java/lang/IllegalMonitorStateException 1 1 18 1 1 1 1 1 1 1 1 1 5 0 100 100 12 12 10 10
instanceKlass java/lang/ref/PhantomReference
instanceKlass java/lang/ref/FinalReference
instanceKlass java/lang/ref/WeakReference
instanceKlass java/lang/ref/SoftReference
ciInstanceKlass java/lang/ref/Reference 1 1 131 8 1 1 1 1 1 1 1 1 1 1 1 1 1 1 1 1 1 1 1 1 1 1 1 1 1 1 1 1 1 1 1 1 1 1 1 1 1 1 1 1 1 1 1 1 1 1 1 1 1 1 1 1 1 100 7 100 7 7 100 7 7 7 7 7 7 7 1 1 1 1 1 1 1 1 1 1 1 1 1 1 1 1 12 12 12 12 12 12 12 12 12 12 12 12 12 12 12 12 12 12 12 12 12 12 9 9 9 9 9 9 9 10 10 10 10 10 10 10 10 10 10 10 10 10 10 10 10 1 1
instanceKlass sun/font/FontDesignMetrics$KeyReference
instanceKlass sun/font/StrikeCache$SoftDisposerRef
instanceKlass java/lang/invoke/LambdaFormEditor$Transform
instanceKlass sun/util/locale/LocaleObjectCache$CacheEntry
ciInstanceKlass java/lang/ref/SoftReference 1 1 32 1 1 1 1 1 1 1 1 1 1 1 1 1 1 100 7 7 1 1 1 1 12 12 12 12 12 9 9 10 10 10
instanceKlass javax/swing/ActionPropertyChangeListener$OwnedWeakReference
instanceKlass javax/swing/text/GapContent$MarkData
instanceKlass sun/awt/image/ImageWatched$AccWeakReference
instanceKlass javax/swing/plaf/metal/MetalLookAndFeel$AATextListener
instanceKlass java/lang/invoke/MethodType$ConcurrentWeakInternSet$WeakEntry
instanceKlass java/util/ResourceBundle$LoaderReference
instanceKlass java/lang/ThreadLocal$ThreadLocalMap$Entry
instanceKlass java/lang/ClassValue$Entry
instanceKlass java/util/WeakHashMap$Entry
ciInstanceKlass java/lang/ref/WeakReference 1 1 17 1 1 1 1 1 1 7 100 1 1 1 1 12 12 10 10
instanceKlass java/lang/ref/Finalizer
ciInstanceKlass java/lang/ref/FinalReference 1 1 13 1 1 1 1 1 100 7 1 1 1 12 10
instanceKlass sun/misc/Cleaner
ciInstanceKlass java/lang/ref/PhantomReference 1 1 16 1 1 1 1 1 1 1 1 100 7 1 1 1 12 10
ciInstanceKlass sun/misc/Cleaner 1 1 71 1 1 1 1 1 1 1 1 1 1 1 1 1 1 1 1 1 1 1 1 1 1 1 1 1 7 100 7 7 100 7 100 1 1 1 1 1 1 1 1 1 1 1 1 12 12 12 12 12 12 12 12 12 12 12 12 12 9 9 9 9 9 10 10 10 10 10 10 10 11
staticfield sun/misc/Cleaner dummyQueue Ljava/lang/ref/ReferenceQueue; java/lang/ref/ReferenceQueue
ciInstanceKlass java/lang/ref/Finalizer 1 1 147 1 1 1 1 1 1 1 1 1 1 1 1 1 1 1 1 1 1 1 1 1 1 1 1 1 1 1 1 1 1 1 1 1 1 1 1 1 1 1 1 1 1 1 1 1 1 1 1 1 1 1 1 1 1 1 1 1 1 100 7 7 7 100 7 7 100 100 100 7 7 100 100 100 1 1 1 1 1 1 1 1 1 1 1 1 1 1 1 1 1 12 12 12 12 12 12 12 12 12 12 12 12 12 12 12 12 12 12 12 12 12 12 12 12 12 12 9 9 9 9 9 10 10 10 10 10 10 10 10 10 10 10 10 10 10 10 10 10 10 10 10 10 10 10 11 1
staticfield java/lang/ref/Finalizer lock Ljava/lang/Object; java/lang/Object
instanceKlass java/lang/ref/ReferenceQueue$Null
ciInstanceKlass java/lang/ref/ReferenceQueue 1 1 127 8 7 1 1 1 1 1 1 1 1 1 1 1 1 1 1 1 1 1 1 1 1 1 1 1 1 1 1 1 1 1 1 1 1 1 1 1 1 1 1 1 1 1 1 1 1 1 1 1 1 1 1 1 5 0 100 7 100 100 7 100 100 7 7 100 7 7 100 100 1 1 1 1 1 1 1 1 1 1 1 1 1 1 1 1 12 12 12 12 12 12 12 12 12 12 12 12 12 12 12 12 12 12 12 9 9 9 9 9 9 9 9 10 10 10 10 10 10 10 10 10 10 10 10 11 1
staticfield java/lang/ref/ReferenceQueue $assertionsDisabled Z 1
instanceKlass ide/codeeditor/CodeEditor$4
instanceKlass javax/swing/plaf/basic/BasicDirectoryModel$LoadFilesThread
instanceKlass sun/awt/image/ImageFetcher
instanceKlass ide/codeeditor/CodeEditor$2
instanceKlass java/awt/EventDispatchThread
instanceKlass java/lang/ref/Finalizer$FinalizerThread
instanceKlass java/lang/ref/Reference$ReferenceHandler
ciInstanceKlass java/lang/Thread 1 1 536 3 3 8 8 8 8 8 8 8 8 8 8 8 8 7 1 1 1 1 1 1 1 1 1 1 1 1 1 1 1 1 1 1 1 1 1 1 1 1 1 1 1 1 1 1 1 1 1 1 1 1 1 1 1 1 1 1 1 1 1 1 1 1 1 1 1 1 1 1 1 1 1 1 1 1 1 1 1 1 1 1 1 1 1 1 1 1 1 1 1 1 1 1 1 1 1 1 1 1 1 1 1 1 1 1 1 1 1 1 1 1 1 1 1 1 1 1 1 1 1 1 1 1 1 1 1 1 1 1 1 1 1 1 1 1 1 1 1 1 1 1 1 1 1 1 1 1 1 1 1 1 1 1 1 1 1 1 1 1 1 1 1 1 1 1 1 1 1 1 1 1 1 1 1 1 1 1 1 1 1 1 1 1 1 1 1 1 1 1 1 1 1 1 1 1 1 1 1 1 1 1 1 1 1 1 1 1 1 1 1 1 1 1 1 1 1 1 1 1 1 1 1 3 3 3 100 100 100 100 100 100 100 100 100 100 100 100 7 7 7 100 7 100 7 7 100 100 100 100 100 100 7 100 100 100 100 100 100 100 7 100 100 100 100 100 100 100 1 1 1 1 1 1 1 1 1 1 1 1 1 1 1 1 1 1 1 1 1 1 1 1 1 1 1 1 1 1 1 1 1 1 1 1 1 1 1 1 1 1 1 1 1 1 1 1 1 1 1 1 1 1 1 1 1 1 12 12 12 12 12 12 12 12 12 12 12 12 12 12 12 12 12 12 12 12 12 12 12 12 12 12 12 12 12 12 12 12 12 12 12 12 12 12 12 12 12 12 12 12 12 12 12 12 12 12 12 12 12 12 12 12 12 12 12 12 12 12 12 12 12 12 12 12 12 12 12 12 12 12 12 12 12 12 12 12 12 12 12 12 12 12 12 12 12 12 12 12 12 12 12 12 9 9 9 9 9 9 9 9 9 9 9 9 9 9 9 9 9 9 9 9 9 9 9 9 9 9 10 10 10 10 10 10 10 10 10 10 10 10 10 10 10 10 10 10 10 10 10 10 10 10 10 10 10 10 10 10 10 10 10 10 10 10 10 10 10 10 10 10 10 10 10 10 10 10 10 10 10 10 10 10 10 10 10 10 10 10 10 10 10 10 10 10 10 10 10 10 10 10 10 10 10 10 10 11 11 11 11 11 11 11 1 1 1 1
staticfield java/lang/Thread EMPTY_STACK_TRACE [Ljava/lang/StackTraceElement; 0 [Ljava/lang/StackTraceElement;
staticfield java/lang/Thread SUBCLASS_IMPLEMENTATION_PERMISSION Ljava/lang/RuntimePermission; java/lang/RuntimePermission
ciInstanceKlass java/lang/ThreadGroup 1 1 265 8 8 8 8 8 8 8 1 1 1 1 1 1 1 1 1 1 1 1 1 1 1 1 1 1 1 1 1 1 1 1 1 1 1 1 1 1 1 1 1 1 1 1 1 1 1 1 1 1 1 1 1 1 1 1 1 1 1 1 1 1 1 1 1 1 1 1 1 1 1 1 1 1 1 1 1 1 1 1 1 1 1 1 1 1 1 1 1 1 1 1 1 1 1 1 1 1 1 1 1 1 1 1 1 1 1 7 100 100 100 100 100 7 100 100 7 7 100 100 7 100 7 100 1 1 1 1 1 1 1 1 1 1 1 1 1 1 1 1 1 1 1 1 1 1 1 1 1 1 1 12 12 12 12 12 12 12 12 12 12 12 12 12 12 12 12 12 12 12 12 12 12 12 12 12 12 12 12 12 12 12 12 12 12 12 12 12 12 12 12 12 12 12 12 12 12 12 12 12 12 12 12 12 9 9 9 9 9 9 9 9 9 9 9 9 9 10 10 10 10 10 10 10 10 10 10 10 10 10 10 10 10 10 10 10 10 10 10 10 10 10 10 10 10 10 10 10 10 10 10 10 10 10 10 10 10 10 10 10 10 10 10 11 1
instanceKlass java/util/Hashtable
ciInstanceKlass java/util/Dictionary 1 1 28 1 1 1 1 1 1 1 1 1 1 1 1 1 1 1 1 1 7 100 1 1 1 1 1 1 12 10
instanceKlass javax/swing/UIDefaults
instanceKlass java/util/Properties
ciInstanceKlass java/util/Hashtable 1 1 413 3 3 4 4 8 8 8 8 8 8 100 1 1 1 1 1 1 1 1 1 1 1 1 1 1 1 1 1 1 1 1 1 1 1 1 1 1 1 1 1 1 1 1 1 1 1 1 1 1 1 1 1 1 1 1 1 1 1 1 1 1 1 1 1 1 1 1 1 1 1 1 1 1 1 1 1 1 1 1 1 1 1 1 1 1 1 1 1 1 1 1 1 1 1 1 1 1 1 1 1 1 1 1 1 1 1 1 1 1 1 1 1 1 1 1 1 1 1 1 1 1 1 1 1 1 1 1 1 1 1 1 1 1 1 1 1 1 1 1 1 1 1 1 1 1 1 1 1 1 1 1 1 1 1 1 1 1 1 1 1 1 1 1 1 1 3 3 3 5 0 100 100 100 100 100 100 100 100 100 100 7 100 100 7 100 7 100 100 100 7 100 7 7 100 7 7 7 100 100 7 7 7 100 7 100 100 100 100 100 1 1 1 1 1 1 1 1 1 1 1 1 1 1 1 1 1 1 1 1 1 1 1 1 1 1 1 1 1 1 1 1 1 1 1 1 1 1 1 1 1 1 1 1 1 1 1 1 1 1 1 1 1 1 1 1 12 12 12 12 12 12 12 12 12 12 12 12 12 12 12 12 12 12 12 12 12 12 12 12 12 12 12 12 12 12 12 12 12 12 12 12 12 12 12 12 12 12 12 12 12 12 12 12 12 12 12 12 12 12 12 12 12 12 12 12 12 12 12 12 12 9 9 9 9 9 9 9 9 9 9 9 9 10 10 10 10 10 10 10 10 10 10 10 10 10 10 10 10 10 10 10 10 10 10 10 10 10 10 10 10 10 10 10 10 10 10 10 10 10 10 10 10 10 10 10 10 10 10 10 10 10 10 10 10 10 11 11 11 11 11 11 11 11 11 11 11 11 11 1 1 1 1
instanceKlass java/security/Provider
ciInstanceKlass java/util/Properties 1 1 260 3 8 8 8 8 8 8 8 1 1 1 1 1 1 1 1 1 1 1 1 1 1 1 1 1 1 1 1 1 1 1 1 1 1 1 1 1 1 1 1 1 1 1 1 1 1 1 1 1 1 1 1 1 1 1 1 1 1 1 1 1 1 1 1 1 1 1 1 1 1 1 1 1 1 1 1 1 1 1 1 1 1 1 1 1 1 1 1 1 1 1 1 1 1 1 1 1 1 1 1 1 1 1 5 0 100 100 100 100 100 100 100 100 100 100 100 7 100 100 100 100 7 7 100 100 7 7 100 1 1 1 1 1 1 1 1 1 1 1 1 1 1 1 1 1 1 1 1 1 1 1 1 1 1 1 1 1 1 1 12 12 12 12 12 12 12 12 12 12 12 12 12 12 12 12 12 12 12 12 12 12 12 12 12 12 12 12 12 12 12 12 12 12 12 12 12 12 12 12 12 12 12 12 12 9 9 9 10 10 10 10 10 10 10 10 10 10 10 10 10 10 10 10 10 10 10 10 10 10 10 10 10 10 10 10 10 10 10 10 10 10 10 10 10 10 10 10 10 10 10 10 10 10 10 10 11 11 1 1
staticfield java/util/Properties hexDigit [C 16
instanceKlass java/lang/reflect/Executable
instanceKlass java/lang/reflect/Field
ciInstanceKlass java/lang/reflect/AccessibleObject 1 1 141 8 8 8 7 1 1 1 1 1 1 1 1 1 1 1 1 1 1 1 1 1 1 1 1 1 1 1 1 1 1 1 1 1 1 1 1 1 1 1 1 1 1 1 1 1 1 1 1 1 1 1 1 1 1 1 1 1 1 1 1 1 100 100 100 7 100 100 7 7 100 7 100 7 7 7 7 7 1 1 1 1 1 1 1 1 1 1 1 1 1 1 1 1 1 1 1 1 12 12 12 12 12 12 12 12 12 12 12 12 12 12 12 12 12 12 12 12 9 9 9 9 10 10 10 10 10 10 10 10 10 10 10 10 10 10 10 10 10 11 1
staticfield java/lang/reflect/AccessibleObject ACCESS_PERMISSION Ljava/security/Permission; java/lang/reflect/ReflectPermission
staticfield java/lang/reflect/AccessibleObject reflectionFactory Lsun/reflect/ReflectionFactory; sun/reflect/ReflectionFactory
ciInstanceKlass java/lang/reflect/Field 1 1 359 8 8 8 8 1 1 1 1 1 1 1 1 1 1 1 1 1 1 1 1 1 1 1 1 1 1 1 1 1 1 1 1 1 1 1 1 1 1 1 1 1 1 1 1 1 1 1 1 1 1 1 1 1 1 1 1 1 1 1 1 1 1 1 1 1 1 1 1 1 1 1 1 1 1 1 1 1 1 1 1 1 1 1 1 1 1 1 1 1 1 1 1 1 1 1 1 1 1 1 1 1 1 1 1 1 1 1 1 1 1 1 1 1 1 1 1 1 1 1 1 1 1 1 1 1 1 1 1 1 1 100 100 100 100 100 100 7 7 100 100 100 100 100 100 100 7 7 7 100 100 100 100 100 100 100 100 1 1 1 1 1 1 1 1 1 1 1 1 1 1 1 1 1 1 1 1 1 1 1 1 1 1 1 1 1 1 1 1 1 1 1 1 1 1 1 1 1 1 1 1 1 1 1 1 1 1 1 1 1 1 12 12 12 12 12 12 12 12 12 12 12 12 12 12 12 12 12 12 12 12 12 12 12 12 12 12 12 12 12 12 12 12 12 12 12 12 12 12 12 12 12 12 12 12 12 12 12 12 12 12 12 12 12 12 12 12 12 12 12 12 12 12 12 12 12 12 12 12 12 12 12 9 9 9 9 9 9 9 9 9 9 9 9 9 9 9 10 10 10 10 10 10 10 10 10 10 10 10 10 10 10 10 10 10 10 10 10 10 10 10 10 10 10 10 10 10 10 10 10 10 10 10 10 10 10 10 11 11 11 11 11 11 11 11 11 11 11 11 11 11 11 11 11 11 11 11 11 1
ciInstanceKlass java/lang/reflect/Parameter 0 0 207 8 8 8 8 1 1 1 1 1 1 1 1 1 1 1 1 1 1 1 1 1 1 1 1 1 1 1 1 1 1 1 1 1 1 1 1 1 1 1 1 1 1 1 1 1 1 1 1 1 1 1 1 1 1 1 1 1 1 1 1 1 1 1 1 1 1 1 1 1 1 1 1 1 1 1 1 1 1 1 1 1 100 100 100 100 100 100 100 100 100 100 100 100 100 100 100 1 1 1 1 1 1 1 1 1 1 1 1 1 1 1 1 1 1 1 1 1 1 1 1 1 1 1 1 12 12 12 12 12 12 12 12 12 12 12 12 12 12 12 12 12 12 12 12 12 12 12 12 12 12 12 12 12 12 12 12 12 12 12 12 12 12 12 9 9 9 9 9 9 9 10 10 10 10 10 10 10 10 10 10 10 10 10 10 10 10 10 10 10 10 10 10 10 10 10 10 10 10 10 10 10 10 11 11 11 11
instanceKlass java/lang/reflect/Constructor
instanceKlass java/lang/reflect/Method
ciInstanceKlass java/lang/reflect/Executable 1 1 375 3 8 8 8 8 8 8 8 8 8 8 8 8 8 8 1 1 1 1 1 1 1 1 1 1 1 1 1 1 1 1 1 1 1 1 1 1 1 1 1 1 1 1 1 1 1 1 1 1 1 1 1 1 1 1 1 1 1 1 1 1 1 1 1 1 1 1 1 1 1 1 1 1 1 1 1 1 1 1 1 1 1 1 1 1 1 1 1 1 1 1 1 1 1 1 1 1 1 1 1 1 1 1 1 1 1 1 1 1 1 1 1 1 1 1 1 1 1 1 1 1 1 1 1 1 1 1 1 1 1 1 1 1 1 1 1 1 1 1 1 1 1 1 1 1 1 1 1 1 100 100 100 100 100 100 100 100 100 100 100 100 100 7 100 100 100 100 100 100 100 100 100 100 100 100 100 100 100 100 100 100 1 1 1 1 1 1 1 1 1 1 1 1 1 1 1 1 1 1 1 1 1 1 1 1 1 1 1 1 1 1 1 1 1 1 1 1 1 1 1 1 1 1 1 1 1 1 1 1 1 1 1 12 12 12 12 12 12 12 12 12 12 12 12 12 12 12 12 12 12 12 12 12 12 12 12 12 12 12 12 12 12 12 12 12 12 12 12 12 12 12 12 12 12 12 12 12 12 12 12 12 12 12 12 12 12 12 12 12 12 12 12 12 12 12 12 12 12 12 12 9 9 9 9 9 9 9 10 10 10 10 10 10 10 10 10 10 10 10 10 10 10 10 10 10 10 10 10 10 10 10 10 10 10 10 10 10 10 10 10 10 10 10 10 10 10 10 10 10 10 10 10 10 10 10 10 10 10 10 10 10 10 10 10 10 10 10 10 10 10 11 11 11 1
ciInstanceKlass java/lang/reflect/Method 1 1 343 8 8 8 1 1 1 1 1 1 1 1 1 1 1 1 1 1 1 1 1 1 1 1 1 1 1 1 1 1 1 1 1 1 1 1 1 1 1 1 1 1 1 1 1 1 1 1 1 1 1 1 1 1 1 1 1 1 1 1 1 1 1 1 1 1 1 1 1 1 1 1 1 1 1 1 1 1 1 1 1 1 1 1 1 1 1 1 1 1 1 1 1 1 1 1 1 1 1 1 1 1 1 1 1 1 1 1 1 1 1 1 1 1 1 1 1 1 1 1 1 1 1 1 1 1 1 1 1 1 7 100 100 100 100 100 100 100 100 7 100 7 100 100 100 100 100 100 7 7 7 100 100 100 100 100 100 1 1 1 1 1 1 1 1 1 1 1 1 1 1 1 1 1 1 1 1 1 1 1 1 1 1 1 1 1 1 1 1 1 1 1 1 1 1 1 1 1 1 1 1 1 1 1 1 12 12 12 12 12 12 12 12 12 12 12 12 12 12 12 12 12 12 12 12 12 12 12 12 12 12 12 12 12 12 12 12 12 12 12 12 12 12 12 12 12 12 12 12 12 12 12 12 12 12 12 12 12 12 12 12 12 12 12 12 12 12 12 12 12 12 12 9 9 9 9 9 9 9 9 9 9 9 9 9 9 9 9 10 10 10 10 10 10 10 10 10 10 10 10 10 10 10 10 10 10 10 10 10 10 10 10 10 10 10 10 10 10 10 10 10 10 10 10 10 10 10 10 10 10 10 10 10 10 10 10 10 10 10 10 11 11 11
ciInstanceKlass java/lang/reflect/Constructor 1 1 327 8 8 8 1 1 1 1 1 1 1 1 1 1 1 1 1 1 1 1 1 1 1 1 1 1 1 1 1 1 1 1 1 1 1 1 1 1 1 1 1 1 1 1 1 1 1 1 1 1 1 1 1 1 1 1 1 1 1 1 1 1 1 1 1 1 1 1 1 1 1 1 1 1 1 1 1 1 1 1 1 1 1 1 1 1 1 1 1 1 1 1 1 1 1 1 1 1 1 1 1 1 1 1 1 1 1 1 1 1 1 1 1 1 1 1 1 1 1 1 1 1 1 1 1 1 1 1 7 100 7 100 100 100 100 100 100 7 7 100 100 100 100 100 7 7 7 100 100 100 100 100 100 1 1 1 1 1 1 1 1 1 1 1 1 1 1 1 1 1 1 1 1 1 1 1 1 1 1 1 1 1 1 1 1 1 1 1 1 1 1 1 1 1 1 1 1 1 1 1 1 12 12 12 12 12 12 12 12 12 12 12 12 12 12 12 12 12 12 12 12 12 12 12 12 12 12 12 12 12 12 12 12 12 12 12 12 12 12 12 12 12 12 12 12 12 12 12 12 12 12 12 12 12 12 12 12 12 12 12 12 12 12 9 9 9 9 9 9 9 9 9 9 9 9 9 9 10 10 10 10 10 10 10 10 10 10 10 10 10 10 10 10 10 10 10 10 10 10 10 10 10 10 10 10 10 10 10 10 10 10 10 10 10 10 10 10 10 10 10 10 10 10 10 11 11 1
instanceKlass sun/reflect/FieldAccessorImpl
instanceKlass sun/reflect/ConstructorAccessorImpl
instanceKlass sun/reflect/MethodAccessorImpl
ciInstanceKlass sun/reflect/MagicAccessorImpl 1 1 10 1 1 1 1 1 7 100 12 10
instanceKlass sun/reflect/GeneratedMethodAccessor3
instanceKlass sun/reflect/GeneratedMethodAccessor2
instanceKlass sun/reflect/GeneratedMethodAccessor1
instanceKlass sun/reflect/DelegatingMethodAccessorImpl
instanceKlass sun/reflect/NativeMethodAccessorImpl
ciInstanceKlass sun/reflect/MethodAccessorImpl 1 1 19 1 1 1 1 1 1 1 1 1 1 1 100 100 7 100 100 12 10
instanceKlass sun/reflect/BootstrapConstructorAccessorImpl
instanceKlass sun/reflect/GeneratedConstructorAccessor1
instanceKlass sun/reflect/DelegatingConstructorAccessorImpl
instanceKlass sun/reflect/NativeConstructorAccessorImpl
ciInstanceKlass sun/reflect/ConstructorAccessorImpl 1 1 21 1 1 1 1 1 1 1 1 1 1 1 1 100 100 100 100 100 7 12 10
ciInstanceKlass sun/reflect/DelegatingClassLoader 1 1 10 1 1 1 1 7 100 1 12 10
ciInstanceKlass sun/reflect/ConstantPool 0 0 103 8 100 1 1 1 1 1 1 1 1 1 1 1 1 1 1 1 1 1 1 1 1 1 1 1 1 1 1 1 1 1 1 1 1 1 1 1 1 1 1 1 1 1 1 1 1 1 1 100 100 100 1 1 1 1 1 1 1 1 1 1 1 1 1 1 1 1 1 12 12 12 12 12 12 12 12 12 12 12 12 12 12 12 12 12 9 10 10 10 10 10 10 10 10 10 10 10 10 10 10 10 10
instanceKlass sun/reflect/UnsafeFieldAccessorImpl
ciInstanceKlass sun/reflect/FieldAccessorImpl 1 1 53 1 1 1 1 1 1 1 1 1 1 1 1 1 1 1 1 1 1 1 1 1 1 1 1 1 1 1 1 1 1 1 1 100 100 100 100 7 1 1 1 1 1 1 1 1 1 1 1 1 1 12 10
instanceKlass sun/reflect/UnsafeObjectFieldAccessorImpl
instanceKlass sun/reflect/UnsafeBooleanFieldAccessorImpl
instanceKlass sun/reflect/UnsafeStaticFieldAccessorImpl
ciInstanceKlass sun/reflect/UnsafeFieldAccessorImpl 1 1 226 8 8 8 8 8 8 8 8 8 8 8 8 8 8 8 8 8 8 8 8 8 8 1 1 1 1 1 1 1 1 1 1 1 1 1 1 1 1 1 1 1 1 1 1 1 1 1 1 1 1 1 1 1 1 1 1 1 1 1 1 1 1 1 1 1 1 1 1 1 1 1 1 1 1 1 1 1 1 1 1 1 1 1 1 1 1 1 1 1 1 1 1 1 1 1 1 1 1 1 1 1 1 1 1 1 1 1 1 1 1 1 1 1 1 1 1 1 100 100 100 7 100 100 100 100 100 100 7 100 100 100 7 7 7 7 7 1 1 1 1 1 1 1 1 1 1 1 1 1 1 1 1 1 1 12 12 12 12 12 12 12 12 12 12 12 12 12 12 12 12 12 12 12 12 12 12 12 12 12 12 12 12 12 12 12 12 12 12 9 9 9 9 10 10 10 10 10 10 10 10 10 10 10 10 10 10 10 10 10 10 10 10 10 10 10 10 10 10 10 10 10 10 10 10 10
staticfield sun/reflect/UnsafeFieldAccessorImpl unsafe Lsun/misc/Unsafe; sun/misc/Unsafe
instanceKlass sun/reflect/UnsafeQualifiedStaticFieldAccessorImpl
instanceKlass sun/reflect/UnsafeStaticObjectFieldAccessorImpl
ciInstanceKlass sun/reflect/UnsafeStaticFieldAccessorImpl 1 1 35 8 7 1 1 1 1 1 1 1 1 1 1 1 1 1 1 7 7 7 7 1 1 1 1 12 12 12 12 12 9 9 10 10 10
ciInstanceKlass sun/reflect/CallerSensitive 0 0 15 1 1 1 1 1 1 1 100 100 100 1 1 1 1
instanceKlass java/lang/invoke/DelegatingMethodHandle
instanceKlass java/lang/invoke/BoundMethodHandle
instanceKlass java/lang/invoke/DirectMethodHandle
ciInstanceKlass java/lang/invoke/MethodHandle 1 1 435 8 8 8 8 8 8 8 8 8 8 8 8 8 7 1 1 1 1 1 1 1 1 1 1 1 1 1 1 1 1 1 1 1 1 1 1 1 1 1 1 1 1 1 1 1 1 1 1 1 1 1 1 1 1 1 1 1 1 1 1 1 1 1 1 1 1 1 1 1 1 1 1 1 1 1 1 1 1 1 1 1 1 1 1 1 1 1 1 1 1 1 1 1 1 1 1 1 1 1 1 1 1 1 1 1 1 1 1 1 1 1 1 1 1 1 1 1 1 1 1 1 1 1 1 1 1 1 1 1 1 1 1 1 1 1 1 1 1 1 1 1 1 1 1 1 1 1 1 1 1 1 1 1 1 1 1 1 1 1 1 1 1 1 1 1 1 1 1 1 100 7 100 100 100 100 7 100 100 100 7 100 100 7 7 7 100 7 7 7 7 100 100 100 7 1 1 1 1 1 1 1 1 1 1 1 1 1 1 1 1 1 1 1 1 1 1 1 1 1 1 1 1 1 1 1 1 1 1 1 1 1 1 1 1 1 1 1 1 1 1 1 1 1 1 1 1 1 1 1 1 1 1 1 1 1 1 1 1 1 1 1 12 12 12 12 12 12 12 12 12 12 12 12 12 12 12 12 12 12 12 12 12 12 12 12 12 12 12 12 12 12 12 12 12 12 12 12 12 12 12 12 12 12 12 12 12 12 12 12 12 12 12 12 12 12 12 12 12 12 12 12 12 12 12 12 12 12 12 12 12 12 12 12 12 12 12 12 12 12 12 12 12 12 12 9 9 9 9 9 9 9 9 9 9 9 9 10 10 10 10 10 10 10 10 10 10 10 10 10 10 10 10 10 10 10 10 10 10 10 10 10 10 10 10 10 10 10 10 10 10 10 10 10 10 10 10 10 10 10 10 10 10 10 10 10 10 10 10 10 10 10 10 10 10 10 10 10 10 10 10 10 10 10 10 10 10 10 10 10 10 10 11 1 1
staticfield java/lang/invoke/MethodHandle FORM_OFFSET J 20
staticfield java/lang/invoke/MethodHandle $assertionsDisabled Z 1
instanceKlass java/lang/invoke/DirectMethodHandle$Special
instanceKlass java/lang/invoke/DirectMethodHandle$Accessor
instanceKlass java/lang/invoke/DirectMethodHandle$Interface
ciInstanceKlass java/lang/invoke/DirectMethodHandle 1 1 698 8 8 8 8 8 8 8 8 8 8 8 8 8 8 8 8 8 8 8 8 8 7 7 7 7 7 7 7 7 7 7 7 1 1 1 1 1 1 1 1 1 1 1 1 1 1 1 1 1 1 1 1 1 1 1 1 1 1 1 1 1 1 1 1 1 1 1 1 1 1 1 1 1 1 1 1 1 1 1 1 1 1 1 1 1 1 1 1 1 1 1 1 1 1 1 1 1 1 1 1 1 1 1 1 1 1 1 1 1 1 1 1 1 1 1 1 1 1 1 1 1 1 1 1 1 1 1 1 1 1 1 1 1 1 1 1 1 1 1 1 1 1 1 1 1 1 1 1 1 1 1 1 1 1 1 1 1 1 1 1 1 1 1 1 1 1 1 1 1 1 1 1 1 1 1 1 1 1 1 1 1 1 1 1 1 1 1 1 1 1 1 1 1 1 1 1 1 1 1 1 1 1 1 1 1 1 1 1 1 1 1 1 1 1 1 1 1 1 1 1 1 1 1 1 1 1 1 1 1 1 1 1 1 1 1 1 1 1 1 1 1 1 1 1 1 1 1 1 1 1 1 1 1 1 1 1 1 1 1 1 1 100 100 7 7 7 100 7 100 7 100 100 100 7 100 7 100 100 100 7 7 100 7 7 100 7 7 100 7 7 7 100 100 100 7 7 7 7 1 1 1 1 1 1 1 1 1 1 1 1 1 1 1 1 1 1 1 1 1 1 1 1 1 1 1 1 1 1 1 1 1 1 1 1 1 1 1 1 1 1 1 1 1 1 1 1 1 1 1 1 1 1 1 1 1 1 1 1 1 1 1 1 1 1 1 1 1 1 1 1 1 1 1 1 1 1 1 12 12 12 12 12 12 12 12 12 12 12 12 12 12 12 12 12 12 12 12 12 12 12 12 12 12 12 12 12 12 12 12 12 12 12 12 12 12 12 12 12 12 12 12 12 12 12 12 12 12 12 12 12 12 12 12 12 12 12 12 12 12 12 12 12 12 12 12 12 12 12 12 12 12 12 12 12 12 12 12 12 12 12 12 12 12 12 12 12 12 12 12 12 12 12 12 12 12 12 12 12 12 12 12 12 12 12 12 12 12 12 12 12 12 12 12 12 12 12 12 12 12 12 12 12 12 12 12 12 12 12 12 12 12 12 12 12 12 12 12 12 12 12 12 12 12 12 12 12 12 12 12 9 9 9 9 9 9 9 9 9 9 9 9 9 9 9 9 9 9 9 9 9 9 9 9 9 9 9 9 9 9 9 9 9 9 9 9 10 10 10 10 10 10 10 10 10 10 10 10 10 10 10 10 10 10 10 10 10 10 10 10 10 10 10 10 10 10 10 10 10 10 10 10 10 10 10 10 10 10 10 10 10 10 10 10 10 10 10 10 10 10 10 10 10 10 10 10 10 10 10 10 10 10 10 10 10 10 10 10 10 10 10 10 10 10 10 10 10 10 10 10 10 10 10 10 10 10 10 10 10 10 10 10 10 10 10 10 10 10 10 10 10 10 10 10 10 10 10 10 10 10 10 10 10 10 10 10 10 10 10 1 1 1 1 1 1 1 1 1
staticfield java/lang/invoke/DirectMethodHandle IMPL_NAMES Ljava/lang/invoke/MemberName$Factory; java/lang/invoke/MemberName$Factory
staticfield java/lang/invoke/DirectMethodHandle ACCESSOR_FORMS [Ljava/lang/invoke/LambdaForm; 132 [Ljava/lang/invoke/LambdaForm;
staticfield java/lang/invoke/DirectMethodHandle $assertionsDisabled Z 1
ciInstanceKlass java/lang/invoke/MemberName 1 1 639 3 3 3 3 3 3 3 3 3 3 3 8 8 8 8 8 8 8 8 8 8 8 8 8 8 8 8 8 8 8 8 8 8 8 8 8 8 8 8 8 8 8 7 7 7 100 1 1 1 1 1 1 1 1 1 1 1 1 1 1 1 1 1 1 1 1 1 1 1 1 1 1 1 1 1 1 1 1 1 1 1 1 1 1 1 1 1 1 1 1 1 1 1 1 1 1 1 1 1 1 1 1 1 1 1 1 1 1 1 1 1 1 1 1 1 1 1 1 1 1 1 1 1 1 1 1 1 1 1 1 1 1 1 1 1 1 1 1 1 1 1 1 1 1 1 1 1 1 1 1 1 1 1 1 1 1 1 1 1 1 1 1 1 1 1 1 1 1 1 1 1 1 1 1 1 1 1 1 1 1 1 1 1 1 1 1 1 1 1 1 1 1 1 1 1 1 1 1 1 1 1 1 1 1 1 1 1 1 1 1 1 1 1 1 1 1 1 1 1 1 1 1 1 1 1 1 1 1 1 1 1 1 1 1 1 1 1 1 1 1 1 1 1 1 1 1 1 1 1 1 1 1 1 1 1 1 1 1 1 1 1 1 1 1 1 1 1 1 1 1 1 1 1 1 1 3 3 3 3 3 3 3 3 7 7 100 100 100 7 7 100 100 100 100 100 100 100 100 100 7 100 7 7 7 7 7 100 7 7 100 100 100 100 7 100 100 100 7 7 7 100 7 1 1 1 1 1 1 1 1 1 1 1 1 1 1 1 1 1 1 1 1 1 1 1 1 1 1 1 1 1 1 1 1 1 1 1 1 1 1 1 1 1 1 1 1 1 1 1 1 1 1 1 1 1 1 1 1 1 1 1 1 1 1 1 1 12 12 12 12 12 12 12 12 12 12 12 12 12 12 12 12 12 12 12 12 12 12 12 12 12 12 12 12 12 12 12 12 12 12 12 12 12 12 12 12 12 12 12 12 12 12 12 12 12 12 12 12 12 12 12 12 12 12 12 12 12 12 12 12 12 12 12 12 12 12 12 12 12 12 12 12 12 12 12 12 12 12 12 12 12 12 12 12 12 12 12 12 12 12 12 12 12 12 12 12 12 12 12 12 12 12 12 12 12 12 12 12 12 9 9 9 9 9 9 9 9 9 9 10 10 10 10 10 10 10 10 10 10 10 10 10 10 10 10 10 10 10 10 10 10 10 10 10 10 10 10 10 10 10 10 10 10 10 10 10 10 10 10 10 10 10 10 10 10 10 10 10 10 10 10 10 10 10 10 10 10 10 10 10 10 10 10 10 10 10 10 10 10 10 10 10 10 10 10 10 10 10 10 10 10 10 10 10 10 10 10 10 10 10 10 10 10 10 10 10 10 10 10 10 10 10 10 10 10 10 10 10 10 10 10 10 10 10 10 10 10 10 10 10 10 10 10 10 10 1 1 1
staticfield java/lang/invoke/MemberName $assertionsDisabled Z 1
ciInstanceKlass java/lang/invoke/MethodHandleNatives 1 1 424 8 8 8 8 8 8 8 8 8 8 8 8 8 8 8 8 8 8 8 8 8 8 8 8 8 8 8 8 100 100 7 7 100 1 1 1 1 1 1 1 1 1 1 1 1 1 1 1 1 1 1 1 1 1 1 1 1 1 1 1 1 1 1 1 1 1 1 1 1 1 1 1 1 1 1 1 1 1 1 1 1 1 1 1 1 1 1 1 1 1 1 1 1 1 1 1 1 1 1 1 1 1 1 1 1 1 1 1 1 1 1 1 1 1 1 1 1 1 1 1 1 1 1 1 1 1 1 1 1 1 1 1 1 1 1 1 1 1 1 1 1 1 1 1 1 1 1 1 1 1 1 1 1 1 1 1 1 1 1 1 1 1 1 1 1 1 1 1 1 1 1 1 1 1 1 1 1 1 1 1 1 1 1 1 1 1 1 1 1 1 1 1 1 1 1 1 1 1 100 100 100 100 7 100 100 100 100 100 100 100 100 100 100 100 100 100 7 100 7 100 100 100 7 7 7 7 7 7 100 7 7 100 100 1 1 1 1 1 1 1 1 1 1 1 1 1 1 1 1 1 1 1 1 1 1 1 1 1 1 1 1 1 1 1 1 1 1 1 1 1 1 1 1 1 1 1 1 1 1 1 12 12 12 12 12 12 12 12 12 12 12 12 12 12 12 12 12 12 12 12 12 12 12 12 12 12 12 12 12 12 12 12 12 12 12 12 12 12 12 12 12 12 12 12 12 12 12 12 12 12 12 12 12 12 12 12 12 12 12 12 12 12 12 12 9 9 9 9 9 9 10 10 10 10 10 10 10 10 10 10 10 10 10 10 10 10 10 10 10 10 10 10 10 10 10 10 10 10 10 10 10 10 10 10 10 10 10 10 10 10 10 10 10 10 10 10 10 10 10 10 10 10 10 10 10 10 10 10 10 10 10 10 10 10 10 10 10 10 10 10 10 1 1
staticfield java/lang/invoke/MethodHandleNatives COUNT_GWT Z 1
staticfield java/lang/invoke/MethodHandleNatives $assertionsDisabled Z 1
ciInstanceKlass java/lang/invoke/LambdaForm 1 1 964 8 8 8 8 8 8 8 8 8 8 8 8 8 8 8 8 8 8 8 8 8 8 8 8 8 8 8 8 8 8 8 8 8 8 8 8 8 8 8 8 8 8 8 8 8 8 8 8 8 8 8 8 8 8 100 7 7 1 1 1 1 1 1 1 1 1 1 1 1 1 1 1 1 1 1 1 1 1 1 1 1 1 1 1 1 1 1 1 1 1 1 1 1 1 1 1 1 1 1 1 1 1 1 1 1 1 1 1 1 1 1 1 1 1 1 1 1 1 1 1 1 1 1 1 1 1 1 1 1 1 1 1 1 1 1 1 1 1 1 1 1 1 1 1 1 1 1 1 1 1 1 1 1 1 1 1 1 1 1 1 1 1 1 1 1 1 1 1 1 1 1 1 1 1 1 1 1 1 1 1 1 1 1 1 1 1 1 1 1 1 1 1 1 1 1 1 1 1 1 1 1 1 1 1 1 1 1 1 1 1 1 1 1 1 1 1 1 1 1 1 1 1 1 1 1 1 1 1 1 1 1 1 1 1 1 1 1 1 1 1 1 1 1 1 1 1 1 1 1 1 1 1 1 1 1 1 1 1 1 1 1 1 1 1 1 1 1 1 1 1 1 1 1 1 1 1 1 1 1 1 1 1 1 1 1 1 1 1 1 1 1 1 1 1 1 1 1 1 1 1 1 1 1 1 1 1 1 1 1 1 1 1 1 1 1 1 1 1 1 1 1 1 1 1 1 1 1 1 1 1 1 1 1 1 1 1 1 1 1 1 1 1 1 1 1 1 1 1 1 1 1 1 1 1 1 1 1 1 1 1 1 1 1 1 1 1 1 1 1 1 1 1 1 1 1 1 1 1 1 1 1 1 1 1 1 1 1 1 1 1 1 1 1 1 1 3 3 3 3 8 100 100 100 100 7 7 100 100 100 7 100 100 100 100 100 100 100 100 7 7 7 100 7 7 100 100 100 7 100 7 100 100 7 7 7 7 7 100 100 7 7 7 7 100 100 7 7 7 1 1 1 1 1 1 1 1 1 1 1 1 1 1 1 1 1 1 1 1 1 1 1 1 1 1 1 1 1 1 1 1 1 1 1 1 1 1 1 1 1 1 1 1 1 1 1 1 1 1 1 1 1 1 1 1 1 1 1 1 1 1 1 1 1 1 1 1 1 1 1 1 1 1 1 1 1 1 1 1 1 1 1 1 1 1 1 1 1 1 1 1 1 1 1 1 1 1 1 1 1 1 1 1 1 1 1 1 1 1 1 1 1 1 12 12 12 12 12 12 12 12 12 12 12 12 12 12 12 12 12 12 12 12 12 12 12 12 12 12 12 12 12 12 12 12 12 12 12 12 12 12 12 12 12 12 12 12 12 12 12 12 12 12 12 12 12 12 12 12 12 12 12 12 12 12 12 12 12 12 12 12 12 12 12 12 12 12 12 12 12 12 12 12 12 12 12 12 12 12 12 12 12 12 12 12 12 12 12 12 12 12 12 12 12 12 12 12 12 12 12 12 12 12 12 12 12 12 12 12 12 12 12 12 12 12 12 12 12 12 12 12 12 12 12 12 12 12 12 12 12 12 12 12 12 12 12 12 12 12 12 12 12 12 12 12 12 12 12 12 12 12 12 12 12 12 12 12 12 12 12 12 12 12 12 12 12 12 12 12 12 12 12 12 12 12 12 12 12 12 12 12 12 12 12 9 9 9 9 9 9 9 9 9 9 9 9 9 9 9 9 9 9 9 9 9 9 9 9 9 9 9 9 9 9 9 9 9 9 9 9 9 9 9 9 10 10 10 10 10 10 10 10 10 10 10 10 10 10 10 10 10 10 10 10 10 10 10 10 10 10 10 10 10 10 10 10 10 10 10 10 10 10 10 10 10 10 10 10 10 10 10 10 10 10 10 10 10 10 10 10 10 10 10 10 10 10 10 10 10 10 10 10 10 10 10 10 10 10 10 10 10 10 10 10 10 10 10 10 10 10 10 10 10 10 10 10 10 10 10 10 10 10 10 10 10 10 10 10 10 10 10 10 10 10 10 10 10 10 10 10 10 10 10 10 10 10 10 10 10 10 10 10 10 10 10 10 10 10 10 10 10 10 10 10 10 10 10 10 10 10 10 10 10 10 10 10 10 10 10 10 10 10 10 10 11 11 11 11 11 1 1 1 1 1
staticfield java/lang/invoke/LambdaForm COMPILE_THRESHOLD I 0
staticfield java/lang/invoke/LambdaForm INTERNED_ARGUMENTS [[Ljava/lang/invoke/LambdaForm$Name; 5 [[Ljava/lang/invoke/LambdaForm$Name;
staticfield java/lang/invoke/LambdaForm IMPL_NAMES Ljava/lang/invoke/MemberName$Factory; java/lang/invoke/MemberName$Factory
staticfield java/lang/invoke/LambdaForm LF_identityForm [Ljava/lang/invoke/LambdaForm; 6 [Ljava/lang/invoke/LambdaForm;
staticfield java/lang/invoke/LambdaForm LF_zeroForm [Ljava/lang/invoke/LambdaForm; 6 [Ljava/lang/invoke/LambdaForm;
staticfield java/lang/invoke/LambdaForm NF_identity [Ljava/lang/invoke/LambdaForm$NamedFunction; 6 [Ljava/lang/invoke/LambdaForm$NamedFunction;
staticfield java/lang/invoke/LambdaForm NF_zero [Ljava/lang/invoke/LambdaForm$NamedFunction; 6 [Ljava/lang/invoke/LambdaForm$NamedFunction;
staticfield java/lang/invoke/LambdaForm DEBUG_NAME_COUNTERS Ljava/util/HashMap; null
staticfield java/lang/invoke/LambdaForm TRACE_INTERPRETER Z 0
staticfield java/lang/invoke/LambdaForm $assertionsDisabled Z 1
ciInstanceKlass java/lang/invoke/MethodType 1 1 585 8 8 8 8 8 8 8 8 8 8 8 8 7 7 7 7 1 1 1 1 1 1 1 1 1 1 1 1 1 1 1 1 1 1 1 1 1 1 1 1 1 1 1 1 1 1 1 1 1 1 1 1 1 1 1 1 1 1 1 1 1 1 1 1 1 1 1 1 1 1 1 1 1 1 1 1 1 1 1 1 1 1 1 1 1 1 1 1 1 1 1 1 1 1 1 1 1 1 1 1 1 1 1 1 1 1 1 1 1 1 1 1 1 1 1 1 1 1 1 1 1 1 1 1 1 1 1 1 1 1 1 1 1 1 1 1 1 1 1 1 1 1 1 1 1 1 1 1 1 1 1 1 1 1 1 1 1 1 1 1 1 1 1 1 1 1 1 1 1 1 1 1 1 1 1 1 1 1 1 1 1 1 1 1 1 1 1 1 1 1 1 1 1 1 1 1 1 1 1 1 1 1 1 1 1 1 1 1 1 1 1 1 3 3 3 5 0 7 100 100 100 100 7 100 100 7 100 7 100 100 100 100 100 7 7 7 7 100 7 7 7 7 7 7 7 7 7 7 100 100 7 1 1 1 1 1 1 1 1 1 1 1 1 1 1 1 1 1 1 1 1 1 1 1 1 1 1 1 1 1 1 1 1 1 1 1 1 1 1 1 1 1 1 1 1 1 1 1 1 1 1 1 1 1 1 1 1 1 1 1 1 1 1 1 1 1 1 1 1 1 1 1 1 1 1 1 1 1 1 1 1 1 1 1 1 1 1 1 1 1 1 1 1 1 1 1 1 1 1 1 1 1 1 12 12 12 12 12 12 12 12 12 12 12 12 12 12 12 12 12 12 12 12 12 12 12 12 12 12 12 12 12 12 12 12 12 12 12 12 12 12 12 12 12 12 12 12 12 12 12 12 12 12 12 12 12 12 12 12 12 12 12 12 12 12 12 12 12 12 12 12 12 12 12 12 12 12 12 12 12 12 12 12 12 12 12 12 12 12 12 12 12 12 12 12 12 12 12 12 12 12 12 12 12 12 12 12 12 12 12 12 12 12 12 9 9 9 9 9 9 9 9 9 9 9 9 9 9 9 9 9 9 10 10 10 10 10 10 10 10 10 10 10 10 10 10 10 10 10 10 10 10 10 10 10 10 10 10 10 10 10 10 10 10 10 10 10 10 10 10 10 10 10 10 10 10 10 10 10 10 10 10 10 10 10 10 10 10 10 10 10 10 10 10 10 10 10 10 10 10 10 10 10 10 10 10 10 10 10 10 10 10 10 10 10 10 10 10 10 10 10 10 10 10 10 10 10 10 10 11 11 11 11 1
staticfield java/lang/invoke/MethodType internTable Ljava/lang/invoke/MethodType$ConcurrentWeakInternSet; java/lang/invoke/MethodType$ConcurrentWeakInternSet
staticfield java/lang/invoke/MethodType NO_PTYPES [Ljava/lang/Class; 0 [Ljava/lang/Class;
staticfield java/lang/invoke/MethodType objectOnlyTypes [Ljava/lang/invoke/MethodType; 20 [Ljava/lang/invoke/MethodType;
staticfield java/lang/invoke/MethodType serialPersistentFields [Ljava/io/ObjectStreamField; 0 [Ljava/io/ObjectStreamField;
staticfield java/lang/invoke/MethodType rtypeOffset J 12
staticfield java/lang/invoke/MethodType ptypesOffset J 16
staticfield java/lang/invoke/MethodType $assertionsDisabled Z 1
ciInstanceKlass java/lang/BootstrapMethodError 0 0 35 1 1 1 1 1 1 1 1 1 1 1 1 1 1 1 1 5 0 100 100 100 100 1 1 12 12 12 12 12 10 10 10 10 10
instanceKlass java/lang/invoke/VolatileCallSite
instanceKlass java/lang/invoke/MutableCallSite
instanceKlass java/lang/invoke/ConstantCallSite
ciInstanceKlass java/lang/invoke/CallSite 1 1 308 8 8 8 8 8 8 8 8 7 7 7 7 1 1 1 1 1 1 1 1 1 1 1 1 1 1 1 1 1 1 1 1 1 1 1 1 1 1 1 1 1 1 1 1 1 1 1 1 1 1 1 1 1 1 1 1 1 1 1 1 1 1 1 1 1 1 1 1 1 1 1 1 1 1 1 1 1 1 1 1 1 1 1 1 1 1 1 1 1 1 1 1 1 1 1 1 1 1 1 1 1 1 1 1 1 1 1 1 1 1 1 1 1 1 1 1 100 7 100 100 100 100 7 100 100 100 100 100 100 7 100 7 100 7 7 100 100 7 1 1 1 1 1 1 1 1 1 1 1 1 1 1 1 1 1 1 1 1 1 1 1 1 1 1 1 1 1 1 1 1 1 1 1 1 1 1 1 1 1 1 1 12 12 12 12 12 12 12 12 12 12 12 12 12 12 12 12 12 12 12 12 12 12 12 12 12 12 12 12 12 12 12 12 12 12 12 12 12 12 12 12 12 12 12 12 12 12 12 12 12 12 12 12 12 12 12 12 12 12 12 12 9 9 9 9 9 9 10 10 10 10 10 10 10 10 10 10 10 10 10 10 10 10 10 10 10 10 10 10 10 10 10 10 10 10 10 10 10 10 10 10 10 10 10 10 10 10 10 10 10 10 10 10 10 10 10 10 10 10 10 10 10 10 10 10 10 1
staticfield java/lang/invoke/CallSite GET_TARGET Ljava/lang/invoke/MethodHandle; java/lang/invoke/DirectMethodHandle
staticfield java/lang/invoke/CallSite THROW_UCS Ljava/lang/invoke/MethodHandle; java/lang/invoke/MethodHandleImpl$AsVarargsCollector
staticfield java/lang/invoke/CallSite TARGET_OFFSET J 12
ciInstanceKlass java/lang/invoke/ConstantCallSite 1 1 39 1 1 1 1 1 1 1 1 1 1 1 1 1 1 1 1 1 1 100 100 100 7 7 1 1 12 12 12 12 12 12 9 9 10 10 10 10 10
ciInstanceKlass java/lang/invoke/MutableCallSite 0 0 54 1 1 1 1 1 1 1 1 1 1 1 1 1 1 1 1 1 1 1 1 1 1 1 100 100 100 100 1 1 1 1 1 1 12 12 12 12 12 12 12 12 12 12 9 9 10 10 10 10 10 10 10 10
ciInstanceKlass java/lang/invoke/VolatileCallSite 0 0 30 1 1 1 1 1 1 1 1 1 1 1 1 100 100 1 1 1 12 12 12 12 12 12 10 10 10 10 10 10
instanceKlass java/lang/StringBuilder
instanceKlass java/lang/StringBuffer
ciInstanceKlass java/lang/AbstractStringBuilder 1 1 315 3 3 3 8 8 8 8 8 8 8 8 8 8 8 8 8 1 1 1 1 1 1 1 1 1 1 1 1 1 1 1 1 1 1 1 1 1 1 1 1 1 1 1 1 1 1 1 1 1 1 1 1 1 1 1 1 1 1 1 1 1 1 1 1 1 1 1 1 1 1 1 1 1 1 1 1 1 1 1 1 1 1 1 1 1 1 1 1 1 1 1 1 1 1 1 1 1 1 1 1 1 1 1 1 1 1 1 1 1 1 1 1 1 1 1 1 1 1 1 1 1 1 1 1 1 1 1 1 1 1 5 0 100 7 100 7 100 100 100 7 7 7 100 7 100 100 100 7 7 100 1 1 1 1 1 1 1 1 1 1 1 1 1 1 1 1 1 1 1 1 1 1 1 1 1 1 1 1 1 1 1 1 1 1 1 1 1 1 1 1 1 1 1 12 12 12 12 12 12 12 12 12 12 12 12 12 12 12 12 12 12 12 12 12 12 12 12 12 12 12 12 12 12 12 12 12 12 12 12 12 12 12 12 12 12 12 12 12 12 12 12 12 12 12 12 12 12 12 9 9 10 10 10 10 10 10 10 10 10 10 10 10 10 10 10 10 10 10 10 10 10 10 10 10 10 10 10 10 10 10 10 10 10 10 10 10 10 10 10 10 10 10 10 10 10 10 10 10 10 10 10 10 10 10 10 10 10 10 10 10 10 10 11 11
ciInstanceKlass java/lang/StringBuffer 1 1 368 8 8 8 7 1 1 1 1 1 1 1 1 1 1 1 1 1 1 1 1 1 1 1 1 1 1 1 1 1 1 1 1 1 1 1 1 1 1 1 1 1 1 1 1 1 1 1 1 1 1 1 1 1 1 1 1 1 1 1 1 1 1 1 1 1 1 1 1 1 1 1 1 1 1 1 1 1 1 1 1 1 1 1 1 1 1 1 1 1 1 1 5 0 100 100 100 100 100 7 100 7 7 100 100 7 7 7 100 7 1 1 1 1 1 1 1 1 1 1 1 1 1 1 1 1 1 1 1 1 1 1 1 1 1 1 1 1 1 1 1 1 1 1 1 1 1 1 1 1 1 1 1 1 1 1 1 1 1 1 1 1 1 1 1 1 1 1 1 1 1 1 1 1 1 1 1 1 12 12 12 12 12 12 12 12 12 12 12 12 12 12 12 12 12 12 12 12 12 12 12 12 12 12 12 12 12 12 12 12 12 12 12 12 12 12 12 12 12 12 12 12 12 12 12 12 12 12 12 12 12 12 12 12 12 12 12 12 12 12 12 12 12 12 12 12 12 12 12 12 12 12 12 12 12 12 12 12 12 12 12 12 12 12 12 12 12 12 12 9 9 9 9 9 9 10 10 10 10 10 10 10 10 10 10 10 10 10 10 10 10 10 10 10 10 10 10 10 10 10 10 10 10 10 10 10 10 10 10 10 10 10 10 10 10 10 10 10 10 10 10 10 10 10 10 10 10 10 10 10 10 10 10 10 10 10 10 10 10 10 10 10 10 10 10 10 10 10 10 10 10 10 10 10 10 10 10 10 10 10 10 10 10 10 10 11 1 1
staticfield java/lang/StringBuffer serialPersistentFields [Ljava/io/ObjectStreamField; 3 [Ljava/io/ObjectStreamField;
ciInstanceKlass java/lang/StringBuilder 1 1 323 1 1 1 1 1 1 1 1 1 1 1 1 1 1 1 1 1 1 1 1 1 1 1 1 1 1 1 1 1 1 1 1 1 1 1 1 1 1 1 1 1 1 1 1 1 1 1 1 1 1 1 1 1 1 1 1 1 1 1 1 1 1 1 1 1 1 1 5 0 100 100 100 100 100 7 100 100 7 7 1 1 1 1 1 1 1 1 1 1 1 1 1 1 1 1 1 1 1 1 1 1 1 1 1 1 1 1 1 1 1 1 1 1 1 1 1 1 1 1 1 1 1 1 1 1 1 1 1 1 1 1 1 1 1 1 1 1 1 1 1 1 12 12 12 12 12 12 12 12 12 12 12 12 12 12 12 12 12 12 12 12 12 12 12 12 12 12 12 12 12 12 12 12 12 12 12 12 12 12 12 12 12 12 12 12 12 12 12 12 12 12 12 12 12 12 12 12 12 12 12 12 12 12 12 12 12 12 12 12 12 12 12 12 12 12 12 12 12 12 12 12 12 12 12 12 12 12 12 12 12 9 9 10 10 10 10 10 10 10 10 10 10 10 10 10 10 10 10 10 10 10 10 10 10 10 10 10 10 10 10 10 10 10 10 10 10 10 10 10 10 10 10 10 10 10 10 10 10 10 10 10 10 10 10 10 10 10 10 10 10 10 10 10 10 10 10 10 10 10 10 10 10 10 10 10 10 10 10 10 10 10 10 10 10 10 10 10 10 10 10 10 11
ciInstanceKlass sun/misc/Unsafe 1 1 386 8 8 7 7 7 7 7 7 7 7 7 7 1 1 1 1 1 1 1 1 1 1 1 1 1 1 1 1 1 1 1 1 1 1 1 1 1 1 1 1 1 1 1 1 1 1 1 1 1 1 1 1 1 1 1 1 1 1 1 1 1 1 1 1 1 1 1 1 1 1 1 1 1 1 1 1 1 1 1 1 1 1 1 1 1 1 1 1 1 1 1 1 1 1 1 1 1 1 1 1 1 1 1 1 1 1 1 1 1 1 1 1 1 1 1 1 1 1 1 1 1 1 1 1 1 1 1 1 1 1 1 1 1 1 1 1 1 1 1 1 1 1 1 1 1 1 1 1 1 1 1 1 1 1 1 1 1 1 1 1 1 1 1 1 1 1 1 1 1 1 1 1 1 1 1 1 1 1 3 100 7 100 100 7 100 7 100 100 7 7 1 1 1 1 1 1 1 1 1 1 1 1 1 1 1 1 1 1 1 1 1 1 1 1 1 1 1 1 1 1 1 1 1 1 1 1 1 1 1 1 1 1 1 1 1 1 1 1 1 1 1 1 1 1 1 1 1 1 1 1 1 1 1 1 1 1 1 1 1 12 12 12 12 12 12 12 12 12 12 12 12 12 12 12 12 12 12 12 12 12 12 12 12 12 12 12 12 12 12 12 12 12 12 12 12 12 12 12 12 12 12 12 12 12 12 12 12 12 12 12 12 12 12 12 12 12 12 12 12 12 12 9 9 9 9 9 9 9 9 9 9 9 9 9 9 9 9 9 9 9 9 10 10 10 10 10 10 10 10 10 10 10 10 10 10 10 10 10 10 10 10 10 10 10 10 10 10 10 10 10 10 10 10 10 10 10 10 10 10 10 10 10 10 10 10
staticfield sun/misc/Unsafe theUnsafe Lsun/misc/Unsafe; sun/misc/Unsafe
staticfield sun/misc/Unsafe ARRAY_BOOLEAN_BASE_OFFSET I 16
staticfield sun/misc/Unsafe ARRAY_BYTE_BASE_OFFSET I 16
staticfield sun/misc/Unsafe ARRAY_SHORT_BASE_OFFSET I 16
staticfield sun/misc/Unsafe ARRAY_CHAR_BASE_OFFSET I 16
staticfield sun/misc/Unsafe ARRAY_INT_BASE_OFFSET I 16
staticfield sun/misc/Unsafe ARRAY_LONG_BASE_OFFSET I 16
staticfield sun/misc/Unsafe ARRAY_FLOAT_BASE_OFFSET I 16
staticfield sun/misc/Unsafe ARRAY_DOUBLE_BASE_OFFSET I 16
staticfield sun/misc/Unsafe ARRAY_OBJECT_BASE_OFFSET I 16
staticfield sun/misc/Unsafe ARRAY_BOOLEAN_INDEX_SCALE I 1
staticfield sun/misc/Unsafe ARRAY_BYTE_INDEX_SCALE I 1
staticfield sun/misc/Unsafe ARRAY_SHORT_INDEX_SCALE I 2
staticfield sun/misc/Unsafe ARRAY_CHAR_INDEX_SCALE I 2
staticfield sun/misc/Unsafe ARRAY_INT_INDEX_SCALE I 4
staticfield sun/misc/Unsafe ARRAY_LONG_INDEX_SCALE I 8
staticfield sun/misc/Unsafe ARRAY_FLOAT_INDEX_SCALE I 4
staticfield sun/misc/Unsafe ARRAY_DOUBLE_INDEX_SCALE I 8
staticfield sun/misc/Unsafe ARRAY_OBJECT_INDEX_SCALE I 4
staticfield sun/misc/Unsafe ADDRESS_SIZE I 8
instanceKlass com/sun/imageio/plugins/common/InputStreamAdapter
instanceKlass java/io/SequenceInputStream
instanceKlass java/util/zip/ZipFile$ZipFileInputStream
instanceKlass sun/java2d/cmm/ProfileDeferralInfo
instanceKlass java/io/FilterInputStream
instanceKlass java/io/FileInputStream
instanceKlass java/io/ByteArrayInputStream
ciInstanceKlass java/io/InputStream 1 1 58 8 1 1 1 1 1 1 1 1 1 1 1 1 1 1 1 1 1 1 1 1 1 1 1 1 1 1 1 1 1 1 1 1 1 3 5 0 100 100 100 100 100 100 100 7 12 12 12 12 12 10 10 10 10 10 10 10
ciInstanceKlass java/io/ByteArrayInputStream 1 1 59 1 1 1 1 1 1 1 1 1 1 1 1 1 1 1 1 1 1 1 1 1 1 1 1 1 1 1 1 1 1 1 1 1 1 7 100 7 100 7 100 7 1 12 12 12 12 12 12 12 9 9 9 9 10 10 10 10 10
instanceKlass javax/swing/filechooser/FileSystemView$FileSystemRoot
instanceKlass sun/awt/shell/ShellFolder
ciInstanceKlass java/io/File 1 1 575 8 8 8 8 8 8 8 8 8 8 8 8 8 8 8 8 8 8 8 7 1 1 1 1 1 1 1 1 1 1 1 1 1 1 1 1 1 1 1 1 1 1 1 1 1 1 1 1 1 1 1 1 1 1 1 1 1 1 1 1 1 1 1 1 1 1 1 1 1 1 1 1 1 1 1 1 1 1 1 1 1 1 1 1 1 1 1 1 1 1 1 1 1 1 1 1 1 1 1 1 1 1 1 1 1 1 1 1 1 1 1 1 1 1 1 1 1 1 1 1 1 1 1 1 1 1 1 1 1 1 1 1 1 1 1 1 1 1 1 1 1 1 1 1 1 1 1 1 1 1 1 1 1 1 1 1 1 1 1 1 1 1 1 1 1 1 1 1 1 1 1 1 1 1 1 1 1 1 1 1 1 1 1 1 1 1 1 1 1 1 1 1 1 1 1 1 1 1 1 1 1 1 1 1 1 1 1 1 1 1 1 1 1 1 1 1 1 1 1 1 1 1 1 1 1 1 1 1 1 1 1 1 1 1 1 5 0 100 7 7 100 7 100 100 7 7 100 100 100 100 100 100 7 100 100 100 100 100 7 100 100 100 100 7 7 7 100 100 7 100 100 7 7 100 7 7 7 1 1 1 1 1 1 1 1 1 1 1 1 1 1 1 1 1 1 1 1 1 1 1 1 1 1 1 1 1 1 1 1 1 1 1 1 1 1 1 1 1 1 1 1 1 1 1 1 1 1 1 1 1 1 12 12 12 12 12 12 12 12 12 12 12 12 12 12 12 12 12 12 12 12 12 12 12 12 12 12 12 12 12 12 12 12 12 12 12 12 12 12 12 12 12 12 12 12 12 12 12 12 12 12 12 12 12 12 12 12 12 12 12 12 12 12 12 12 12 12 12 12 12 12 12 12 12 12 12 12 12 12 12 12 12 12 12 12 12 12 12 12 12 12 12 12 12 12 12 12 12 12 12 12 12 12 12 12 12 12 12 12 12 12 12 12 12 12 9 9 9 9 9 9 9 9 9 9 9 9 9 9 9 10 10 10 10 10 10 10 10 10 10 10 10 10 10 10 10 10 10 10 10 10 10 10 10 10 10 10 10 10 10 10 10 10 10 10 10 10 10 10 10 10 10 10 10 10 10 10 10 10 10 10 10 10 10 10 10 10 10 10 10 10 10 10 10 10 10 10 10 10 10 10 10 10 10 10 10 10 10 10 10 10 10 10 10 10 10 10 10 10 10 10 10 10 10 10 10 10 10 10 10 10 10 10 10 10 10 11 11 11 11 11 1 1 1
staticfield java/io/File fs Ljava/io/FileSystem; java/io/WinNTFileSystem
staticfield java/io/File separatorChar C 92
staticfield java/io/File separator Ljava/lang/String; "\"
staticfield java/io/File pathSeparatorChar C 59
staticfield java/io/File pathSeparator Ljava/lang/String; ";"
staticfield java/io/File PATH_OFFSET J 16
staticfield java/io/File PREFIX_LENGTH_OFFSET J 12
staticfield java/io/File UNSAFE Lsun/misc/Unsafe; sun/misc/Unsafe
staticfield java/io/File $assertionsDisabled Z 1
instanceKlass sun/misc/Launcher$ExtClassLoader
instanceKlass sun/misc/Launcher$AppClassLoader
ciInstanceKlass java/net/URLClassLoader 1 1 524 8 8 8 8 8 8 8 8 8 8 8 8 1 1 1 1 1 1 1 1 1 1 1 1 1 1 1 1 1 1 1 1 1 1 1 1 1 1 1 1 1 1 1 1 1 1 1 1 1 1 1 1 1 1 1 1 1 1 1 1 1 1 1 1 1 1 1 1 1 1 1 1 1 1 1 1 1 1 1 1 1 1 1 1 1 1 1 1 1 1 1 1 1 1 1 1 1 1 1 1 1 1 1 1 1 1 1 1 1 1 1 1 1 1 1 1 1 1 1 1 1 1 1 1 1 1 1 1 1 1 1 1 1 1 1 1 1 1 1 1 1 1 1 1 1 1 1 1 1 1 1 1 1 1 1 1 1 1 1 1 1 1 1 1 1 1 1 1 1 1 1 1 1 1 1 1 1 1 1 1 1 1 1 1 1 1 1 1 1 1 1 1 100 100 7 7 100 100 100 7 7 7 100 100 7 100 100 100 7 7 7 100 100 100 7 7 7 7 7 100 100 100 7 7 100 100 100 7 7 7 7 100 7 100 100 100 7 100 100 100 100 100 7 7 7 7 100 100 1 1 1 1 1 1 1 1 1 1 1 1 1 1 1 1 1 1 1 1 1 1 1 1 1 1 1 1 1 1 1 1 1 1 1 1 1 1 1 1 1 1 1 1 1 1 1 1 1 1 1 1 1 1 1 1 1 1 1 1 1 1 1 1 1 1 1 1 1 1 12 12 12 12 12 12 12 12 12 12 12 12 12 12 12 12 12 12 12 12 12 12 12 12 12 12 12 12 12 12 12 12 12 12 12 12 12 12 12 12 12 12 12 12 12 12 12 12 12 12 12 12 12 12 12 12 12 12 12 12 12 12 12 12 12 12 12 12 12 12 12 12 12 12 12 12 12 12 12 12 12 12 12 12 12 12 12 12 12 12 12 12 12 12 12 12 12 12 9 9 9 9 9 9 9 9 9 9 9 9 10 10 10 10 10 10 10 10 10 10 10 10 10 10 10 10 10 10 10 10 10 10 10 10 10 10 10 10 10 10 10 10 10 10 10 10 10 10 10 10 10 10 10 10 10 10 10 10 10 10 10 10 10 10 10 10 10 10 10 10 10 10 10 10 10 10 10 10 10 10 10 10 10 10 10 10 10 10 10 10 10 10 10 10 10 10 11 11 11 11 11 11 11 11 11
ciInstanceKlass java/net/URL 1 1 570 8 8 8 8 8 8 8 8 8 8 8 8 8 8 8 8 8 8 8 8 8 8 8 8 8 8 7 1 1 1 1 1 1 1 1 1 1 1 1 1 1 1 1 1 1 1 1 1 1 1 1 1 1 1 1 1 1 1 1 1 1 1 1 1 1 1 1 1 1 1 1 1 1 1 1 1 1 1 1 1 1 1 1 1 1 1 1 1 1 1 1 1 1 1 1 1 1 1 1 1 1 1 1 1 1 1 1 1 1 1 1 1 1 1 1 1 1 1 1 1 1 1 1 1 1 1 1 1 1 1 1 1 1 1 1 1 1 1 1 1 1 1 1 1 1 1 1 1 1 1 1 1 1 1 1 1 1 1 1 1 1 1 1 1 1 1 1 1 1 1 1 1 1 1 1 1 1 1 1 1 1 1 1 1 1 1 1 1 1 1 1 1 1 1 1 1 1 1 1 1 1 1 1 1 1 1 1 1 1 1 1 1 1 1 1 1 1 1 1 1 1 1 1 1 1 1 1 1 1 5 0 100 100 100 100 100 100 7 100 7 7 100 100 100 100 100 7 7 100 7 7 100 100 100 100 7 100 100 100 100 7 7 7 100 100 7 7 7 100 7 7 7 100 1 1 1 1 1 1 1 1 1 1 1 1 1 1 1 1 1 1 1 1 1 1 1 1 1 1 1 1 1 1 1 1 1 1 1 1 1 1 1 1 1 1 1 1 1 1 1 1 1 1 1 1 1 1 12 12 12 12 12 12 12 12 12 12 12 12 12 12 12 12 12 12 12 12 12 12 12 12 12 12 12 12 12 12 12 12 12 12 12 12 12 12 12 12 12 12 12 12 12 12 12 12 12 12 12 12 12 12 12 12 12 12 12 12 12 12 12 12 12 12 12 12 12 12 12 12 12 12 12 12 12 12 12 12 12 12 12 12 12 12 12 12 12 12 12 12 12 12 12 12 12 12 12 12 12 12 12 12 12 12 12 12 12 12 12 12 12 9 9 9 9 9 9 9 9 9 9 9 9 9 9 9 9 9 9 9 9 9 10 10 10 10 10 10 10 10 10 10 10 10 10 10 10 10 10 10 10 10 10 10 10 10 10 10 10 10 10 10 10 10 10 10 10 10 10 10 10 10 10 10 10 10 10 10 10 10 10 10 10 10 10 10 10 10 10 10 10 10 10 10 10 10 10 10 10 10 10 10 10 10 10 10 10 10 10 10 10 10 10 10 10 10 10 10 10 10 10 10 10 10 10 10 10 10 10 10 10 10 10 10 10 10 10 10 11 1
staticfield java/net/URL serialPersistentFields [Ljava/io/ObjectStreamField; 7 [Ljava/io/ObjectStreamField;
ciInstanceKlass java/util/jar/Manifest 1 1 253 8 8 8 8 8 8 8 1 1 1 1 1 1 1 1 1 1 1 1 1 1 1 1 1 1 1 1 1 1 1 1 1 1 1 1 1 1 1 1 1 1 1 1 1 1 1 1 1 1 1 1 1 1 1 1 1 1 1 1 1 1 1 1 1 1 1 1 1 1 1 1 1 1 1 1 1 1 1 1 1 1 1 1 1 1 1 1 1 1 1 1 1 1 1 1 1 1 1 100 100 100 100 100 100 100 100 100 100 100 100 100 100 100 100 100 100 100 100 100 100 1 1 1 1 1 1 1 1 1 1 1 1 1 1 1 1 1 1 1 1 1 1 1 1 1 12 12 12 12 12 12 12 12 12 12 12 12 12 12 12 12 12 12 12 12 12 12 12 12 12 12 12 12 12 12 12 12 12 12 12 12 12 12 12 12 12 12 12 12 12 12 12 12 9 9 9 10 10 10 10 10 10 10 10 10 10 10 10 10 10 10 10 10 10 10 10 10 10 10 10 10 10 10 10 10 10 10 10 10 10 10 10 10 10 10 10 10 10 10 11 11 11 11 11 11 11 11 11 11 11 11 1
ciInstanceKlass sun/misc/Launcher 1 1 215 8 8 8 8 8 8 8 8 1 1 1 1 1 1 1 1 1 1 1 1 1 1 1 1 1 1 1 1 1 1 1 1 1 1 1 1 1 1 1 1 1 1 1 1 1 1 1 1 1 1 1 1 1 1 1 1 1 1 1 1 1 1 1 1 1 1 1 1 1 1 1 1 1 1 1 1 1 1 1 1 1 1 1 1 1 1 1 1 1 1 1 1 1 100 100 7 100 100 100 100 100 100 100 100 7 100 7 100 7 7 100 7 7 100 7 7 7 7 7 1 1 1 1 1 1 1 1 1 1 1 1 1 1 1 1 1 1 1 1 1 1 1 12 12 12 12 12 12 12 12 12 12 12 12 12 12 12 12 12 12 12 12 12 12 12 12 12 12 12 12 12 12 12 12 9 9 9 9 9 9 10 10 10 10 10 10 10 10 10 10 10 10 10 10 10 10 10 10 10 10 10 10 10 10 10 10 10 10 10 10 1 1 1 1
ciInstanceKlass sun/misc/Launcher$AppClassLoader 1 1 198 8 8 7 1 1 1 1 1 1 1 1 1 1 1 1 1 1 1 1 1 1 1 1 1 1 1 1 1 1 1 1 1 1 1 1 1 1 1 1 1 1 1 1 1 1 1 1 1 1 1 1 1 1 1 1 1 1 1 1 1 1 1 1 1 1 1 1 1 1 1 1 1 1 1 1 1 1 100 100 100 100 100 7 7 100 7 100 7 7 100 100 7 100 7 100 7 100 7 7 7 100 7 7 1 1 1 1 1 1 1 1 1 1 1 1 1 1 1 1 1 1 1 1 1 1 1 1 1 12 12 12 12 12 12 12 12 12 12 12 12 12 12 12 12 12 12 12 12 12 12 12 12 12 12 12 12 12 12 12 12 12 9 9 10 10 10 10 10 10 10 10 10 10 10 10 10 10 10 10 10 10 10 10 10 10 10 10 10 10 10 10 10 10 10 10 11 1
staticfield sun/misc/Launcher$AppClassLoader $assertionsDisabled Z 1
ciInstanceKlass sun/misc/Launcher$ExtClassLoader 1 1 240 8 8 8 7 1 1 1 1 1 1 1 1 1 1 1 1 1 1 1 1 1 1 1 1 1 1 1 1 1 1 1 1 1 1 1 1 1 1 1 1 1 1 1 1 1 1 1 1 1 1 1 1 1 1 1 1 1 1 1 1 1 1 1 1 1 1 1 1 1 1 1 1 1 1 1 1 1 1 1 1 1 1 1 1 1 1 1 1 1 1 1 1 100 100 100 100 7 100 7 100 7 7 100 100 100 7 7 100 100 100 7 100 100 100 7 7 7 7 7 100 7 7 100 1 1 1 1 1 1 1 1 1 1 1 1 1 1 1 1 1 1 1 1 1 1 1 1 1 1 1 12 12 12 12 12 12 12 12 12 12 12 12 12 12 12 12 12 12 12 12 12 12 12 12 12 12 12 12 12 12 12 12 12 12 12 12 12 12 12 12 12 12 12 9 9 10 10 10 10 10 10 10 10 10 10 10 10 10 10 10 10 10 10 10 10 10 10 10 10 10 10 10 10 10 10 10 10 10 10 10 10 10 10 10 10 10 11 11 1
ciInstanceKlass java/security/CodeSource 1 1 321 8 8 8 8 8 8 8 8 8 8 8 8 8 8 1 1 1 1 1 1 1 1 1 1 1 1 1 1 1 1 1 1 1 1 1 1 1 1 1 1 1 1 1 1 1 1 1 1 1 1 1 1 1 1 1 1 1 1 1 1 1 1 1 1 1 1 1 1 1 1 1 1 1 1 1 1 1 1 1 1 1 1 1 1 1 1 1 1 1 1 1 1 1 1 1 1 1 1 1 1 1 1 1 1 1 1 1 1 1 1 1 1 1 1 1 1 1 1 1 1 1 1 1 1 1 1 1 1 1 1 1 1 1 1 5 0 100 100 100 100 100 100 100 100 100 7 100 100 100 7 100 7 100 100 100 100 100 100 100 100 100 100 1 1 1 1 1 1 1 1 1 1 1 1 1 1 1 1 1 1 1 1 1 1 1 1 1 12 12 12 12 12 12 12 12 12 12 12 12 12 12 12 12 12 12 12 12 12 12 12 12 12 12 12 12 12 12 12 12 12 12 12 12 12 12 12 12 12 12 12 12 12 12 12 12 12 12 12 12 12 12 12 12 12 12 12 12 12 9 9 9 9 9 10 10 10 10 10 10 10 10 10 10 10 10 10 10 10 10 10 10 10 10 10 10 10 10 10 10 10 10 10 10 10 10 10 10 10 10 10 10 10 10 10 10 10 10 10 10 10 10 10 10 10 10 10 10 10 10 10 10 10 10 10 10 10 11 11 11 11
ciInstanceKlass java/lang/StackTraceElement 0 0 95 8 8 8 8 8 8 8 8 1 1 1 1 1 1 1 1 1 1 1 1 1 1 1 1 1 1 1 1 1 1 1 1 1 1 1 1 1 1 1 1 1 1 1 1 1 1 1 1 1 5 0 100 100 100 100 100 100 1 1 1 1 1 1 12 12 12 12 12 12 12 12 12 12 12 12 12 12 12 9 9 9 9 10 10 10 10 10 10 10 10 10 10 10 10
instanceKlass java/nio/ShortBuffer
instanceKlass java/nio/IntBuffer
instanceKlass java/nio/LongBuffer
instanceKlass java/nio/CharBuffer
instanceKlass java/nio/ByteBuffer
ciInstanceKlass java/nio/Buffer 1 1 100 8 8 8 8 1 1 1 1 1 1 1 1 1 1 1 1 1 1 1 1 1 1 1 1 1 1 1 1 1 1 1 1 1 1 1 1 1 1 1 1 1 1 1 1 1 1 1 1 1 1 1 1 1 1 1 1 1 1 3 100 100 7 100 7 100 100 100 1 1 1 1 12 12 12 12 12 12 12 12 12 12 12 9 9 9 9 10 10 10 10 10 10 10 10 10 10 10 10 10
ciInstanceKlass java/lang/Boolean 1 1 107 8 8 8 1 1 1 1 1 1 1 1 1 1 1 1 1 1 1 1 1 1 1 1 1 1 1 1 1 1 1 1 1 1 1 1 1 1 1 1 1 1 1 1 1 1 1 1 1 1 1 1 1 1 1 1 1 1 1 5 0 100 7 7 100 100 100 7 100 7 7 1 1 1 1 1 1 1 1 12 12 12 12 12 12 12 12 12 12 12 12 12 12 9 9 9 9 10 10 10 10 10 10 10 10 10 10
staticfield java/lang/Boolean TRUE Ljava/lang/Boolean; java/lang/Boolean
staticfield java/lang/Boolean FALSE Ljava/lang/Boolean; java/lang/Boolean
staticfield java/lang/Boolean TYPE Ljava/lang/Class; java/lang/Class
ciInstanceKlass java/lang/Character 1 1 456 3 3 3 3 3 3 3 3 8 8 7 1 1 1 1 1 1 1 1 1 1 1 1 1 1 1 1 1 1 1 1 1 1 1 1 1 1 1 1 1 1 1 1 1 1 1 1 1 1 1 1 1 1 1 1 1 1 1 1 1 1 1 1 1 1 1 1 1 1 1 1 1 1 1 1 1 1 1 1 1 1 1 1 1 1 1 1 1 1 1 1 1 1 1 1 1 1 1 1 1 1 1 1 1 1 1 1 1 1 1 1 1 1 1 1 1 1 1 1 1 1 1 1 1 1 1 1 1 1 1 1 1 1 1 1 1 1 1 1 1 1 1 1 1 1 1 1 1 1 1 1 1 1 1 1 1 1 1 1 1 1 1 1 1 1 1 1 1 1 1 1 1 1 1 1 1 1 1 1 1 1 1 1 1 1 1 1 1 1 1 1 1 1 1 1 1 1 1 1 1 1 1 1 1 1 1 1 1 1 1 1 1 1 1 1 1 1 1 1 1 1 1 3 3 3 3 3 3 3 3 3 3 3 3 3 3 3 3 3 3 3 3 3 3 3 3 3 3 3 3 3 3 3 3 3 3 3 3 3 5 0 5 0 100 100 100 7 100 100 100 7 100 7 100 100 100 100 7 100 100 100 1 1 1 1 1 1 1 1 1 1 1 1 1 1 1 12 12 12 12 12 12 12 12 12 12 12 12 12 12 12 12 12 12 12 12 12 12 12 12 12 12 12 12 12 12 12 12 12 12 12 12 12 12 12 12 12 12 12 12 12 12 12 12 12 12 12 12 12 12 12 12 12 12 12 12 12 12 12 12 12 12 12 12 9 9 9 9 9 10 10 10 10 10 10 10 10 10 10 10 10 10 10 10 10 10 10 10 10 10 10 10 10 10 10 10 10 10 10 10 10 10 10 10 10 10 10 10 10 10 10 10 10 10 10 10 10 10 10 10 10 10 10 10 10 10 10 10 10 10 10 10 10 10 10 10 10 10 10 10 10 10 10 10 10 10 10 10 10 11 11 1 1 1 1
staticfield java/lang/Character TYPE Ljava/lang/Class; java/lang/Class
staticfield java/lang/Character $assertionsDisabled Z 1
instanceKlass java/util/concurrent/atomic/AtomicLong
instanceKlass java/util/concurrent/atomic/AtomicInteger
instanceKlass java/lang/Long
instanceKlass java/lang/Integer
instanceKlass java/lang/Short
instanceKlass java/lang/Byte
instanceKlass java/lang/Double
instanceKlass java/lang/Float
ciInstanceKlass java/lang/Number 1 1 31 1 1 1 1 1 1 1 1 1 1 1 1 1 1 1 1 1 1 1 1 1 5 0 100 100 7 12 12 10 10
ciInstanceKlass java/lang/Float 1 1 166 3 3 3 4 4 4 4 8 8 8 1 1 1 1 1 1 1 1 1 1 1 1 1 1 1 1 1 1 1 1 1 1 1 1 1 1 1 1 1 1 1 1 1 1 1 1 1 1 1 1 1 1 1 1 1 1 1 1 1 1 1 1 1 1 1 1 1 1 1 1 1 1 1 1 1 1 1 1 1 1 1 1 1 1 1 1 1 1 1 1 1 1 1 1 1 1 3 3 3 3 4 4 5 0 7 100 100 7 100 7 100 100 7 1 1 1 1 1 1 1 1 1 12 12 12 12 12 12 12 12 12 12 12 12 12 12 12 12 12 12 12 12 12 9 9 10 10 10 10 10 10 10 10 10 10 10 10 10 10 10 10 10 10 10 10
staticfield java/lang/Float TYPE Ljava/lang/Class; java/lang/Class
ciInstanceKlass java/lang/Double 1 1 220 8 8 8 8 8 8 8 8 8 8 1 1 1 1 1 1 1 1 1 1 1 1 1 1 1 1 1 1 1 1 1 1 1 1 1 1 1 1 1 1 1 1 1 1 1 1 1 1 1 1 1 1 1 1 1 1 1 1 1 1 1 1 1 1 1 1 1 1 1 1 1 1 1 1 1 1 1 1 1 1 1 1 1 1 1 1 1 1 1 1 1 1 1 1 1 1 1 1 1 1 1 1 1 1 1 1 1 1 1 3 3 3 3 5 0 5 0 5 0 5 0 5 0 6 0 6 0 6 0 6 0 6 0 6 0 6 0 7 100 7 100 100 7 100 100 100 7 1 1 1 1 1 1 1 1 1 1 1 12 12 12 12 12 12 12 12 12 12 12 12 12 12 12 12 12 12 12 12 12 12 12 12 12 12 12 12 12 12 9 9 10 10 10 10 10 10 10 10 10 10 10 10 10 10 10 10 10 10 10 10 10 10 10 10 10 10 10 10 10
staticfield java/lang/Double TYPE Ljava/lang/Class; java/lang/Class
ciInstanceKlass java/lang/Byte 1 1 150 8 8 8 8 8 1 1 1 1 1 1 1 1 1 1 1 1 1 1 1 1 1 1 1 1 1 1 1 1 1 1 1 1 1 1 1 1 1 1 1 1 1 1 1 1 1 1 1 1 1 1 1 1 1 1 1 1 1 1 1 1 1 1 1 1 1 1 1 1 1 1 1 1 1 1 3 3 3 3 5 0 5 0 7 7 7 100 100 7 100 100 1 1 1 1 1 1 1 1 1 1 1 1 1 1 12 12 12 12 12 12 12 12 12 12 12 12 12 12 12 12 12 12 12 12 12 9 9 9 10 10 10 10 10 10 10 10 10 10 10 10 10 10 10 10 10 10 10 1
staticfield java/lang/Byte TYPE Ljava/lang/Class; java/lang/Class
ciInstanceKlass java/lang/Short 1 1 156 3 3 8 8 8 8 8 1 1 1 1 1 1 1 1 1 1 1 1 1 1 1 1 1 1 1 1 1 1 1 1 1 1 1 1 1 1 1 1 1 1 1 1 1 1 1 1 1 1 1 1 1 1 1 1 1 1 1 1 1 1 1 1 1 1 1 1 1 1 1 1 1 1 1 1 1 1 1 1 3 3 3 3 5 0 5 0 7 100 100 7 100 7 7 100 1 1 1 1 1 1 1 1 1 1 1 1 1 1 12 12 12 12 12 12 12 12 12 12 12 12 12 12 12 12 12 12 12 12 12 12 9 9 9 10 10 10 10 10 10 10 10 10 10 10 10 10 10 10 10 10 10 10 10 1
staticfield java/lang/Short TYPE Ljava/lang/Class; java/lang/Class
ciInstanceKlass java/lang/Integer 1 1 306 3 3 3 3 3 3 3 3 3 3 3 3 3 3 3 8 8 8 8 8 8 8 8 8 8 8 8 8 8 8 8 1 1 1 1 1 1 1 1 1 1 1 1 1 1 1 1 1 1 1 1 1 1 1 1 1 1 1 1 1 1 1 1 1 1 1 1 1 1 1 1 1 1 1 1 1 1 1 1 1 1 1 1 1 1 1 1 1 1 1 1 1 1 1 1 1 1 1 1 1 1 1 1 1 1 1 1 1 1 1 1 1 1 1 1 1 1 1 1 1 1 1 1 1 1 1 1 1 1 1 1 1 1 1 1 1 1 1 1 1 1 1 1 1 1 1 1 1 1 1 1 1 1 1 1 1 1 1 1 1 1 1 1 1 1 1 1 3 3 5 0 5 0 5 0 100 7 7 100 100 7 7 100 7 100 7 100 100 100 7 100 7 1 1 1 1 1 1 1 1 1 1 1 1 1 1 1 1 1 12 12 12 12 12 12 12 12 12 12 12 12 12 12 12 12 12 12 12 12 12 12 12 12 12 12 12 12 12 12 12 12 12 12 12 12 12 12 12 12 12 12 12 12 12 12 12 9 9 9 9 9 9 9 9 10 10 10 10 10 10 10 10 10 10 10 10 10 10 10 10 10 10 10 10 10 10 10 10 10 10 10 10 10 10 10 10 10 10 10 10 10 10 10 10 1
staticfield java/lang/Integer TYPE Ljava/lang/Class; java/lang/Class
staticfield java/lang/Integer digits [C 36
staticfield java/lang/Integer DigitTens [C 100
staticfield java/lang/Integer DigitOnes [C 100
staticfield java/lang/Integer sizeTable [I 10
ciInstanceKlass java/lang/Long 1 1 353 3 3 8 8 8 8 8 8 8 8 8 8 8 8 8 8 8 8 8 1 1 1 1 1 1 1 1 1 1 1 1 1 1 1 1 1 1 1 1 1 1 1 1 1 1 1 1 1 1 1 1 1 1 1 1 1 1 1 1 1 1 1 1 1 1 1 1 1 1 1 1 1 1 1 1 1 1 1 1 1 1 1 1 1 1 1 1 1 1 1 1 1 1 1 1 1 1 1 1 1 1 1 1 1 1 1 1 1 1 1 1 1 1 1 1 1 1 1 1 1 1 1 1 1 1 1 1 1 1 1 1 1 1 1 1 1 1 1 1 1 1 1 1 1 1 1 1 1 1 1 1 1 1 1 1 1 1 1 1 1 1 3 3 5 0 5 0 5 0 5 0 5 0 5 0 5 0 5 0 5 0 5 0 5 0 5 0 5 0 5 0 5 0 100 100 7 100 100 7 7 7 7 100 7 100 100 100 7 100 100 100 1 1 1 1 1 1 1 1 1 1 1 1 1 1 1 1 1 1 1 1 1 1 12 12 12 12 12 12 12 12 12 12 12 12 12 12 12 12 12 12 12 12 12 12 12 12 12 12 12 12 12 12 12 12 12 12 12 12 12 12 12 12 12 12 12 12 12 12 12 12 12 12 12 12 12 12 12 12 12 12 9 9 9 9 9 9 10 10 10 10 10 10 10 10 10 10 10 10 10 10 10 10 10 10 10 10 10 10 10 10 10 10 10 10 10 10 10 10 10 10 10 10 10 10 10 10 10 10 10 10 10 10 10 10 10 10 10 10 10 10 1
staticfield java/lang/Long TYPE Ljava/lang/Class; java/lang/Class
ciInstanceKlass java/lang/NullPointerException 1 1 18 1 1 1 1 1 1 1 1 1 5 0 100 100 12 12 10 10
ciInstanceKlass java/lang/ArithmeticException 1 1 18 1 1 1 1 1 1 1 1 1 5 0 100 100 12 12 10 10
ciInstanceKlass java/lang/Math 1 1 278 3 3 3 3 3 3 4 4 4 4 4 8 8 7 1 1 1 1 1 1 1 1 1 1 1 1 1 1 1 1 1 1 1 1 1 1 1 1 1 1 1 1 1 1 1 1 1 1 1 1 1 1 1 1 1 1 1 1 1 1 1 1 1 1 1 1 1 1 1 1 1 1 1 1 1 1 1 1 1 1 1 1 1 1 1 1 1 1 1 1 1 1 1 1 1 1 1 1 1 1 1 1 1 1 1 1 1 1 1 1 1 1 1 1 1 1 1 1 1 1 1 1 1 5 0 5 0 5 0 5 0 5 0 5 0 5 0 5 0 5 0 5 0 6 0 6 0 6 0 6 0 6 0 6 0 6 0 6 0 6 0 100 100 7 7 7 100 100 7 100 1 12 12 12 12 12 12 12 12 12 12 12 12 12 12 12 12 12 12 12 12 12 12 12 12 12 12 12 12 12 12 12 12 12 12 12 12 12 12 12 12 12 12 12 12 12 12 12 12 12 12 12 12 9 9 9 9 9 9 10 10 10 10 10 10 10 10 10 10 10 10 10 10 10 10 10 10 10 10 10 10 10 10 10 10 10 10 10 10 10 10 10 10 10 10 10 10 10 10 10 10 10 10 10 10 10 1
staticfield java/lang/Math $assertionsDisabled Z 1
instanceKlass java/lang/NumberFormatException
ciInstanceKlass java/lang/IllegalArgumentException 1 1 24 1 1 1 1 1 1 1 1 1 1 5 0 100 100 1 12 12 12 12 10 10 10 10
ciInstanceKlass java/util/concurrent/ConcurrentHashMap 1 1 1009 3 3 3 4 8 8 8 8 7 7 100 100 7 7 1 1 1 1 1 1 1 1 1 1 1 1 1 1 1 1 1 1 1 1 1 1 1 1 1 1 1 1 1 1 1 1 1 1 1 1 1 1 1 1 1 1 1 1 1 1 1 1 1 1 1 1 1 1 1 1 1 1 1 1 1 1 1 1 1 1 1 1 1 1 1 1 1 1 1 1 1 1 1 1 1 1 1 1 1 1 1 1 1 1 1 1 1 1 1 1 1 1 1 1 1 1 1 1 1 1 1 1 1 1 1 1 1 1 1 1 1 1 1 1 1 1 1 1 1 1 1 1 1 1 1 1 1 1 1 1 1 1 1 1 1 1 1 1 1 1 1 1 1 1 1 1 1 1 1 1 1 1 1 1 1 1 1 1 1 1 1 1 1 1 1 1 1 1 1 1 1 1 1 1 1 1 1 1 1 1 1 1 1 1 1 1 1 1 1 1 1 1 1 1 1 1 1 1 1 1 1 1 1 1 1 1 1 1 1 1 1 1 1 1 1 1 1 1 1 1 1 1 1 1 1 1 1 1 1 1 1 1 1 1 1 1 1 1 1 1 1 1 1 1 1 1 1 1 1 1 1 1 1 1 1 1 1 1 1 1 1 1 1 1 1 1 1 1 1 1 1 1 1 1 1 1 1 1 1 1 1 1 1 1 1 1 1 1 1 1 1 1 1 1 1 1 1 1 3 3 3 3 3 3 3 3 5 0 5 0 5 0 5 0 5 0 5 0 8 8 8 8 8 8 100 100 100 100 100 100 7 100 100 7 100 100 100 100 100 7 100 100 7 7 100 100 100 100 100 7 100 100 100 100 100 100 100 100 100 100 100 100 100 100 100 100 100 100 100 7 100 100 100 100 100 100 100 100 100 100 100 100 100 100 100 100 100 100 100 100 7 100 100 100 7 100 100 100 100 100 100 100 100 100 100 100 100 100 100 100 100 100 100 7 7 1 1 1 1 1 1 1 1 1 1 1 1 1 1 1 1 1 1 1 1 1 1 1 1 1 1 1 1 1 1 1 1 1 1 1 1 1 1 1 1 1 1 1 1 1 1 1 1 1 1 1 1 1 1 1 1 1 1 1 1 1 1 1 1 1 1 1 1 1 1 1 1 1 1 1 1 1 1 1 1 1 1 1 1 1 1 1 1 1 1 1 1 1 1 1 1 1 1 1 1 1 1 1 1 1 1 1 1 1 1 1 1 1 1 1 1 1 1 1 1 1 1 1 1 1 1 1 1 1 1 1 1 1 1 1 1 1 1 1 1 1 1 1 1 1 1 1 1 1 1 1 1 1 1 1 1 1 1 1 1 1 1 1 1 1 1 1 1 1 1 1 1 12 12 12 12 12 12 12 12 12 12 12 12 12 12 12 12 12 12 12 12 12 12 12 12 12 12 12 12 12 12 12 12 12 12 12 12 12 12 12 12 12 12 12 12 12 12 12 12 12 12 12 12 12 12 12 12 12 12 12 12 12 12 12 12 12 12 12 12 12 12 12 12 12 12 12 12 12 12 12 12 12 12 12 12 12 12 12 12 12 12 12 12 12 12 12 12 12 12 12 12 12 12 12 12 12 12 12 12 12 12 12 12 12 12 12 12 12 12 12 12 12 12 12 12 12 12 12 12 12 12 12 12 12 12 12 12 12 12 12 12 12 12 12 12 12 12 12 12 12 12 9 9 9 9 9 9 9 9 9 9 9 9 9 9 9 9 9 9 9 9 9 9 9 9 9 9 9 9 9 9 9 9 9 9 9 9 10 10 10 10 10 10 10 10 10 10 10 10 10 10 10 10 10 10 10 10 10 10 10 10 10 10 10 10 10 10 10 10 10 10 10 10 10 10 10 10 10 10 10 10 10 10 10 10 10 10 10 10 10 10 10 10 10 10 10 10 10 10 10 10 10 10 10 10 10 10 10 10 10 10 10 10 10 10 10 10 10 10 10 10 10 10 10 10 10 10 10 10 10 10 10 10 10 10 10 10 10 10 10 10 10 10 10 10 10 10 10 10 10 10 10 10 10 10 10 10 10 10 10 10 10 10 10 10 10 10 10 10 10 10 10 10 10 10 10 10 10 10 10 10 10 10 10 10 11 11 11 11 11 11 11 11 11 11 11 11 11 11 1 1 1 1 1 1 1 1 1 1 1 1 1 1 1 1 1 1 1 1 1 1 1 1 1 1 1 1 1 1 1 1 1 1 1 1 1 1 1 1 1 1 1 1 1 1 1 1 1 1 1 1 1
staticfield java/util/concurrent/ConcurrentHashMap MAX_RESIZERS I 65535
staticfield java/util/concurrent/ConcurrentHashMap RESIZE_STAMP_SHIFT I 16
staticfield java/util/concurrent/ConcurrentHashMap NCPU I 4
staticfield java/util/concurrent/ConcurrentHashMap serialPersistentFields [Ljava/io/ObjectStreamField; 3 [Ljava/io/ObjectStreamField;
staticfield java/util/concurrent/ConcurrentHashMap U Lsun/misc/Unsafe; sun/misc/Unsafe
staticfield java/util/concurrent/ConcurrentHashMap SIZECTL J 20
staticfield java/util/concurrent/ConcurrentHashMap TRANSFERINDEX J 32
staticfield java/util/concurrent/ConcurrentHashMap BASECOUNT J 24
staticfield java/util/concurrent/ConcurrentHashMap CELLSBUSY J 36
staticfield java/util/concurrent/ConcurrentHashMap CELLVALUE J 144
staticfield java/util/concurrent/ConcurrentHashMap ABASE J 16
staticfield java/util/concurrent/ConcurrentHashMap ASHIFT I 2
instanceKlass sun/awt/image/ToolkitImage
instanceKlass java/awt/image/VolatileImage
instanceKlass java/awt/image/BufferedImage
ciInstanceKlass java/awt/Image 1 1 117 4 8 1 1 1 1 1 1 1 1 1 1 1 1 1 1 1 1 1 1 1 1 1 1 1 1 1 1 1 1 1 1 1 1 1 1 1 1 1 1 1 1 1 1 1 1 1 1 1 1 1 1 3 3 3 3 3 7 7 7 100 100 100 100 100 100 7 7 100 1 1 1 1 1 1 1 1 1 1 1 1 12 12 12 12 12 12 12 12 12 12 12 12 12 12 12 12 9 9 9 9 10 10 10 10 10 10 10 10 10 10 10 10 10 10 1
staticfield java/awt/Image UndefinedProperty Ljava/lang/Object; java/lang/Object
ciInstanceKlass java/awt/image/BufferedImage 1 1 587 3 3 3 3 8 8 8 8 8 8 8 8 8 8 8 8 8 8 8 8 8 8 8 1 1 1 1 1 1 1 1 1 1 1 1 1 1 1 1 1 1 1 1 1 1 1 1 1 1 1 1 1 1 1 1 1 1 1 1 1 1 1 1 1 1 1 1 1 1 1 1 1 1 1 1 1 1 1 1 1 1 1 1 1 1 1 1 1 1 1 1 1 1 1 1 1 1 1 1 1 1 1 1 1 1 1 1 1 1 1 1 1 1 1 1 1 1 1 1 1 1 1 1 1 1 1 1 1 1 1 1 1 1 1 1 1 1 1 1 1 1 1 1 1 1 1 1 1 1 1 1 1 1 1 1 1 1 1 1 1 1 1 1 1 1 1 1 1 1 1 1 1 1 1 1 1 1 1 1 1 1 1 1 1 1 1 1 1 1 1 1 1 1 1 1 1 1 1 1 1 1 1 1 1 1 1 1 1 1 1 1 1 1 1 1 1 1 1 1 1 1 1 1 1 1 1 1 1 1 1 1 1 1 1 1 1 1 1 1 1 1 1 1 1 1 3 3 3 3 3 3 3 3 3 3 3 3 3 3 3 3 3 3 3 100 100 7 7 100 100 100 7 7 7 7 7 100 100 7 7 7 100 100 100 7 100 100 7 100 100 100 7 100 100 7 7 100 100 7 7 7 100 7 1 1 1 1 1 1 1 1 1 1 1 1 1 1 1 1 1 1 1 1 1 1 1 1 1 1 1 1 1 1 1 1 1 1 1 1 1 1 1 1 1 1 1 1 1 1 1 1 1 1 1 1 1 1 1 1 1 1 1 1 1 1 1 12 12 12 12 12 12 12 12 12 12 12 12 12 12 12 12 12 12 12 12 12 12 12 12 12 12 12 12 12 12 12 12 12 12 12 12 12 12 12 12 12 12 12 12 12 12 12 12 12 12 12 12 12 12 12 12 12 12 12 12 12 12 12 12 12 12 12 12 12 12 12 12 12 12 12 12 12 12 12 12 12 12 12 12 12 12 12 12 12 12 12 12 12 12 12 12 12 12 12 9 9 9 9 9 9 9 9 9 9 9 9 9 9 10 10 10 10 10 10 10 10 10 10 10 10 10 10 10 10 10 10 10 10 10 10 10 10 10 10 10 10 10 10 10 10 10 10 10 10 10 10 10 10 10 10 10 10 10 10 10 10 10 10 10 10 10 10 10 10 10 10 10 10 10 10 10 10 10 10 10 10 10 10 10 10 10 10 10 10 10 10 10 10 10 10 10 10 10 10 10 10 10 10 10 10 10 10 10 10 10 10 10 10 10 10 11 11 11 11 11
instanceKlass sun/awt/image/BufImgSurfaceData
instanceKlass sun/java2d/d3d/D3DSurfaceData
instanceKlass sun/java2d/windows/GDIWindowSurfaceData
instanceKlass sun/java2d/NullSurfaceData
ciInstanceKlass sun/java2d/SurfaceData 1 1 739 8 1 1 1 1 1 1 1 1 1 1 1 1 1 1 1 1 1 1 1 1 1 1 1 1 1 1 1 1 1 1 1 1 1 1 1 1 1 1 1 1 1 1 1 1 1 1 1 1 1 1 1 1 1 1 1 1 1 1 1 1 1 1 1 1 1 1 1 1 1 1 1 1 1 1 1 1 1 1 1 1 1 1 1 1 1 1 1 1 1 1 1 1 1 1 1 1 1 1 1 1 1 1 1 1 1 1 1 1 1 1 1 1 1 1 1 1 1 1 1 1 1 1 1 1 1 1 1 1 1 1 1 1 1 1 1 1 1 1 1 1 1 1 1 1 1 1 1 1 1 1 1 1 1 1 1 1 1 1 1 1 1 1 1 1 1 1 1 1 1 1 1 1 1 1 1 1 1 1 1 1 1 1 1 1 1 1 1 1 1 1 1 1 1 1 1 1 1 1 1 1 1 1 1 1 1 1 1 1 1 1 1 1 1 1 1 1 1 1 1 1 1 1 1 1 1 1 1 1 1 1 1 1 1 1 1 1 1 1 1 1 1 1 3 3 3 6 0 6 0 6 0 100 100 7 7 100 7 7 100 100 7 7 100 100 100 7 7 7 100 7 7 7 7 7 7 7 7 7 7 7 7 7 7 7 7 7 100 7 7 7 7 7 7 7 7 7 7 7 7 7 7 7 7 7 7 100 7 7 1 1 1 1 1 1 1 1 1 1 1 1 1 1 1 1 1 1 1 1 1 1 1 1 1 1 1 1 1 1 1 1 1 1 1 1 1 1 1 1 1 1 1 1 1 1 1 1 1 1 1 1 1 1 1 1 1 1 1 1 1 1 1 1 1 1 1 1 1 1 1 1 1 1 1 1 1 1 1 1 1 1 1 1 1 1 1 1 1 1 1 12 12 12 12 12 12 12 12 12 12 12 12 12 12 12 12 12 12 12 12 12 12 12 12 12 12 12 12 12 12 12 12 12 12 12 12 12 12 12 12 12 12 12 12 12 12 12 12 12 12 12 12 12 12 12 12 12 12 12 12 12 12 12 12 12 12 12 12 12 12 12 12 12 12 12 12 12 12 12 12 12 12 12 12 12 12 12 12 12 12 12 12 12 12 12 12 12 12 12 12 12 12 12 12 12 12 12 12 12 12 12 12 12 12 12 12 12 12 12 12 12 12 12 12 12 12 12 12 12 12 12 12 12 12 12 12 12 12 12 12 12 12 12 12 12 12 12 12 12 12 12 12 12 12 12 12 12 12 9 9 9 9 9 9 9 9 9 9 9 9 9 9 9 9 9 9 9 9 9 9 9 9 9 9 9 9 9 9 9 9 9 9 9 9 9 9 9 9 9 9 9 9 9 9 9 9 9 9 9 9 9 9 9 9 9 9 9 9 9 9 9 9 9 9 9 9 9 9 9 9 9 9 9 9 9 9 9 9 9 9 9 9 9 9 9 9 9 9 9 9 9 9 9 9 9 9 9 9 10 10 10 10 10 10 10 10 10 10 10 10 10 10 10 10 10 10 10 10 10 10 10 10 10 10 10 10 10 10 10 10 10 10 10 10 10 10 10 10 10 10 10 10 10 10 10 10 10 10 10 10 10 10 10 10 10 10 10 10 10 10 10 10 10 10 10 10 10 10 10 10 10 10 10 10 11 1 1 1
staticfield sun/java2d/SurfaceData colorPrimitives Lsun/java2d/pipe/LoopPipe; sun/java2d/pipe/LoopPipe
staticfield sun/java2d/SurfaceData outlineTextRenderer Lsun/java2d/pipe/TextPipe; sun/java2d/pipe/OutlineTextRenderer
staticfield sun/java2d/SurfaceData solidTextRenderer Lsun/java2d/pipe/TextPipe; sun/java2d/pipe/SolidTextRenderer
staticfield sun/java2d/SurfaceData aaTextRenderer Lsun/java2d/pipe/TextPipe; sun/java2d/pipe/AATextRenderer
staticfield sun/java2d/SurfaceData lcdTextRenderer Lsun/java2d/pipe/TextPipe; sun/java2d/pipe/LCDTextRenderer
staticfield sun/java2d/SurfaceData colorPipe Lsun/java2d/pipe/AlphaColorPipe; sun/java2d/pipe/AlphaColorPipe
staticfield sun/java2d/SurfaceData colorViaShape Lsun/java2d/pipe/PixelToShapeConverter; sun/java2d/SurfaceData$PixelToShapeLoopConverter
staticfield sun/java2d/SurfaceData colorViaPgram Lsun/java2d/pipe/PixelToParallelogramConverter; sun/java2d/SurfaceData$PixelToPgramLoopConverter
staticfield sun/java2d/SurfaceData colorText Lsun/java2d/pipe/TextPipe; sun/java2d/pipe/TextRenderer
staticfield sun/java2d/SurfaceData clipColorPipe Lsun/java2d/pipe/CompositePipe; sun/java2d/pipe/SpanClipRenderer
staticfield sun/java2d/SurfaceData clipColorText Lsun/java2d/pipe/TextPipe; sun/java2d/pipe/TextRenderer
staticfield sun/java2d/SurfaceData AAColorShape Lsun/java2d/pipe/AAShapePipe; sun/java2d/pipe/AAShapePipe
staticfield sun/java2d/SurfaceData AAColorViaShape Lsun/java2d/pipe/PixelToParallelogramConverter; sun/java2d/pipe/PixelToParallelogramConverter
staticfield sun/java2d/SurfaceData AAColorViaPgram Lsun/java2d/pipe/PixelToParallelogramConverter; sun/java2d/pipe/PixelToParallelogramConverter
staticfield sun/java2d/SurfaceData AAClipColorShape Lsun/java2d/pipe/AAShapePipe; sun/java2d/pipe/AAShapePipe
staticfield sun/java2d/SurfaceData AAClipColorViaShape Lsun/java2d/pipe/PixelToParallelogramConverter; sun/java2d/pipe/PixelToParallelogramConverter
staticfield sun/java2d/SurfaceData paintPipe Lsun/java2d/pipe/CompositePipe; sun/java2d/pipe/AlphaPaintPipe
staticfield sun/java2d/SurfaceData paintShape Lsun/java2d/pipe/SpanShapeRenderer; sun/java2d/pipe/SpanShapeRenderer$Composite
staticfield sun/java2d/SurfaceData paintViaShape Lsun/java2d/pipe/PixelToShapeConverter; sun/java2d/pipe/PixelToShapeConverter
staticfield sun/java2d/SurfaceData paintText Lsun/java2d/pipe/TextPipe; sun/java2d/pipe/TextRenderer
staticfield sun/java2d/SurfaceData clipPaintPipe Lsun/java2d/pipe/CompositePipe; sun/java2d/pipe/SpanClipRenderer
staticfield sun/java2d/SurfaceData clipPaintText Lsun/java2d/pipe/TextPipe; sun/java2d/pipe/TextRenderer
staticfield sun/java2d/SurfaceData AAPaintShape Lsun/java2d/pipe/AAShapePipe; sun/java2d/pipe/AAShapePipe
staticfield sun/java2d/SurfaceData AAPaintViaShape Lsun/java2d/pipe/PixelToParallelogramConverter; sun/java2d/pipe/PixelToParallelogramConverter
staticfield sun/java2d/SurfaceData AAClipPaintShape Lsun/java2d/pipe/AAShapePipe; sun/java2d/pipe/AAShapePipe
staticfield sun/java2d/SurfaceData AAClipPaintViaShape Lsun/java2d/pipe/PixelToParallelogramConverter; sun/java2d/pipe/PixelToParallelogramConverter
staticfield sun/java2d/SurfaceData compPipe Lsun/java2d/pipe/CompositePipe; sun/java2d/pipe/GeneralCompositePipe
staticfield sun/java2d/SurfaceData compShape Lsun/java2d/pipe/SpanShapeRenderer; sun/java2d/pipe/SpanShapeRenderer$Composite
staticfield sun/java2d/SurfaceData compViaShape Lsun/java2d/pipe/PixelToShapeConverter; sun/java2d/pipe/PixelToShapeConverter
staticfield sun/java2d/SurfaceData compText Lsun/java2d/pipe/TextPipe; sun/java2d/pipe/TextRenderer
staticfield sun/java2d/SurfaceData clipCompPipe Lsun/java2d/pipe/CompositePipe; sun/java2d/pipe/SpanClipRenderer
staticfield sun/java2d/SurfaceData clipCompText Lsun/java2d/pipe/TextPipe; sun/java2d/pipe/TextRenderer
staticfield sun/java2d/SurfaceData AACompShape Lsun/java2d/pipe/AAShapePipe; sun/java2d/pipe/AAShapePipe
staticfield sun/java2d/SurfaceData AACompViaShape Lsun/java2d/pipe/PixelToParallelogramConverter; sun/java2d/pipe/PixelToParallelogramConverter
staticfield sun/java2d/SurfaceData AAClipCompShape Lsun/java2d/pipe/AAShapePipe; sun/java2d/pipe/AAShapePipe
staticfield sun/java2d/SurfaceData AAClipCompViaShape Lsun/java2d/pipe/PixelToParallelogramConverter; sun/java2d/pipe/PixelToParallelogramConverter
staticfield sun/java2d/SurfaceData imagepipe Lsun/java2d/pipe/DrawImagePipe; sun/java2d/pipe/DrawImage
ciInstanceKlass sun/java2d/InvalidPipeException 1 1 13 1 1 1 1 1 1 7 100 12 12 10 10
ciInstanceKlass sun/java2d/NullSurfaceData 1 1 100 8 1 1 1 1 1 1 1 1 1 1 1 1 1 1 1 1 1 1 1 1 1 1 1 1 1 1 1 1 1 1 1 1 1 1 1 1 1 1 1 1 1 1 1 100 7 100 7 100 7 100 7 7 7 1 1 1 1 1 1 1 1 1 1 1 1 1 1 1 1 1 12 12 12 12 12 12 12 12 12 12 12 12 12 9 9 9 9 9 9 9 9 9 10 10 10 10 10 10
staticfield sun/java2d/NullSurfaceData theInstance Lsun/java2d/SurfaceData; sun/java2d/NullSurfaceData
staticfield sun/java2d/NullSurfaceData nullpipe Lsun/java2d/pipe/NullPipe; sun/java2d/pipe/NullPipe
ciInstanceKlass sun/java2d/StateTrackable$State 1 1 52 8 8 8 8 7 1 1 1 1 1 1 1 1 1 1 1 1 1 1 1 1 1 1 1 1 7 7 100 1 1 1 1 1 1 12 12 12 12 12 12 12 12 9 9 9 9 9 10 10 10 10
staticfield sun/java2d/StateTrackable$State IMMUTABLE Lsun/java2d/StateTrackable$State; sun/java2d/StateTrackable$State
staticfield sun/java2d/StateTrackable$State STABLE Lsun/java2d/StateTrackable$State; sun/java2d/StateTrackable$State
staticfield sun/java2d/StateTrackable$State DYNAMIC Lsun/java2d/StateTrackable$State; sun/java2d/StateTrackable$State
staticfield sun/java2d/StateTrackable$State UNTRACKABLE Lsun/java2d/StateTrackable$State; sun/java2d/StateTrackable$State
staticfield sun/java2d/StateTrackable$State $VALUES [Lsun/java2d/StateTrackable$State; 4 [Lsun/java2d/StateTrackable$State;
ciInstanceKlass sun/java2d/loops/SurfaceType 1 1 445 8 8 8 8 8 8 8 8 8 8 8 8 8 8 8 8 8 8 8 8 8 8 8 8 8 8 8 8 8 8 8 8 8 8 8 8 8 8 8 8 8 8 8 8 8 8 1 1 1 1 1 1 1 1 1 1 1 1 1 1 1 1 1 1 1 1 1 1 1 1 1 1 1 1 1 1 1 1 1 1 1 1 1 1 1 1 1 1 1 1 1 1 1 1 1 1 1 1 1 1 1 1 1 1 1 1 1 1 1 1 1 1 1 1 1 1 1 1 1 1 1 1 1 1 1 1 1 1 1 1 1 1 1 1 1 1 1 1 1 1 1 1 1 1 1 1 1 1 1 1 1 1 1 1 1 1 1 1 1 1 1 1 1 1 1 1 1 1 1 1 1 1 1 1 1 1 1 1 1 1 1 1 1 1 1 1 1 1 1 1 1 1 1 1 1 1 1 1 1 1 1 1 1 1 1 1 1 1 1 1 1 1 1 1 1 1 1 1 1 1 1 1 1 1 1 1 1 1 1 1 1 1 1 1 1 1 1 1 1 1 1 1 1 1 1 1 1 7 100 7 100 7 7 7 7 7 7 7 7 7 7 7 7 7 7 7 7 7 7 1 1 1 1 1 1 1 1 1 1 1 1 1 12 12 12 12 12 12 12 12 12 12 12 12 12 12 12 12 12 12 12 12 12 12 12 12 12 12 12 12 12 12 12 12 12 12 12 12 12 12 12 12 12 12 12 12 12 12 12 12 12 12 12 12 12 12 12 12 12 12 12 12 12 12 12 12 12 12 12 12 12 9 9 9 9 9 9 9 9 9 9 9 9 9 9 9 9 9 9 9 9 9 9 9 9 9 9 9 9 9 9 9 9 9 9 9 9 9 9 9 9 9 9 9 9 9 9 9 9 9 9 9 9 9 9 9 9 9 9 9 9 9 9 9 9 9 9 9 9 10 10 10 10 10 10 10 10 10 10 10 10 10 10 10 10 1 1 1 1 1 1 1 1 1
staticfield sun/java2d/loops/SurfaceType Any Lsun/java2d/loops/SurfaceType; sun/java2d/loops/SurfaceType
staticfield sun/java2d/loops/SurfaceType AnyInt Lsun/java2d/loops/SurfaceType; sun/java2d/loops/SurfaceType
staticfield sun/java2d/loops/SurfaceType AnyShort Lsun/java2d/loops/SurfaceType; sun/java2d/loops/SurfaceType
staticfield sun/java2d/loops/SurfaceType AnyByte Lsun/java2d/loops/SurfaceType; sun/java2d/loops/SurfaceType
staticfield sun/java2d/loops/SurfaceType AnyByteBinary Lsun/java2d/loops/SurfaceType; sun/java2d/loops/SurfaceType
staticfield sun/java2d/loops/SurfaceType Any3Byte Lsun/java2d/loops/SurfaceType; sun/java2d/loops/SurfaceType
staticfield sun/java2d/loops/SurfaceType Any4Byte Lsun/java2d/loops/SurfaceType; sun/java2d/loops/SurfaceType
staticfield sun/java2d/loops/SurfaceType AnyDcm Lsun/java2d/loops/SurfaceType; sun/java2d/loops/SurfaceType
staticfield sun/java2d/loops/SurfaceType Custom Lsun/java2d/loops/SurfaceType; sun/java2d/loops/SurfaceType
staticfield sun/java2d/loops/SurfaceType IntRgb Lsun/java2d/loops/SurfaceType; sun/java2d/loops/SurfaceType
staticfield sun/java2d/loops/SurfaceType IntArgb Lsun/java2d/loops/SurfaceType; sun/java2d/loops/SurfaceType
staticfield sun/java2d/loops/SurfaceType IntArgbPre Lsun/java2d/loops/SurfaceType; sun/java2d/loops/SurfaceType
staticfield sun/java2d/loops/SurfaceType IntBgr Lsun/java2d/loops/SurfaceType; sun/java2d/loops/SurfaceType
staticfield sun/java2d/loops/SurfaceType ThreeByteBgr Lsun/java2d/loops/SurfaceType; sun/java2d/loops/SurfaceType
staticfield sun/java2d/loops/SurfaceType FourByteAbgr Lsun/java2d/loops/SurfaceType; sun/java2d/loops/SurfaceType
staticfield sun/java2d/loops/SurfaceType FourByteAbgrPre Lsun/java2d/loops/SurfaceType; sun/java2d/loops/SurfaceType
staticfield sun/java2d/loops/SurfaceType Ushort565Rgb Lsun/java2d/loops/SurfaceType; sun/java2d/loops/SurfaceType
staticfield sun/java2d/loops/SurfaceType Ushort555Rgb Lsun/java2d/loops/SurfaceType; sun/java2d/loops/SurfaceType
staticfield sun/java2d/loops/SurfaceType Ushort555Rgbx Lsun/java2d/loops/SurfaceType; sun/java2d/loops/SurfaceType
staticfield sun/java2d/loops/SurfaceType Ushort4444Argb Lsun/java2d/loops/SurfaceType; sun/java2d/loops/SurfaceType
staticfield sun/java2d/loops/SurfaceType UshortIndexed Lsun/java2d/loops/SurfaceType; sun/java2d/loops/SurfaceType
staticfield sun/java2d/loops/SurfaceType ByteGray Lsun/java2d/loops/SurfaceType; sun/java2d/loops/SurfaceType
staticfield sun/java2d/loops/SurfaceType UshortGray Lsun/java2d/loops/SurfaceType; sun/java2d/loops/SurfaceType
staticfield sun/java2d/loops/SurfaceType ByteBinary1Bit Lsun/java2d/loops/SurfaceType; sun/java2d/loops/SurfaceType
staticfield sun/java2d/loops/SurfaceType ByteBinary2Bit Lsun/java2d/loops/SurfaceType; sun/java2d/loops/SurfaceType
staticfield sun/java2d/loops/SurfaceType ByteBinary4Bit Lsun/java2d/loops/SurfaceType; sun/java2d/loops/SurfaceType
staticfield sun/java2d/loops/SurfaceType ByteIndexed Lsun/java2d/loops/SurfaceType; sun/java2d/loops/SurfaceType
staticfield sun/java2d/loops/SurfaceType IntRgbx Lsun/java2d/loops/SurfaceType; sun/java2d/loops/SurfaceType
staticfield sun/java2d/loops/SurfaceType IntBgrx Lsun/java2d/loops/SurfaceType; sun/java2d/loops/SurfaceType
staticfield sun/java2d/loops/SurfaceType ThreeByteRgb Lsun/java2d/loops/SurfaceType; sun/java2d/loops/SurfaceType
staticfield sun/java2d/loops/SurfaceType IntArgbBm Lsun/java2d/loops/SurfaceType; sun/java2d/loops/SurfaceType
staticfield sun/java2d/loops/SurfaceType ByteIndexedBm Lsun/java2d/loops/SurfaceType; sun/java2d/loops/SurfaceType
staticfield sun/java2d/loops/SurfaceType ByteIndexedOpaque Lsun/java2d/loops/SurfaceType; sun/java2d/loops/SurfaceType
staticfield sun/java2d/loops/SurfaceType Index8Gray Lsun/java2d/loops/SurfaceType; sun/java2d/loops/SurfaceType
staticfield sun/java2d/loops/SurfaceType Index12Gray Lsun/java2d/loops/SurfaceType; sun/java2d/loops/SurfaceType
staticfield sun/java2d/loops/SurfaceType AnyPaint Lsun/java2d/loops/SurfaceType; sun/java2d/loops/SurfaceType
staticfield sun/java2d/loops/SurfaceType AnyColor Lsun/java2d/loops/SurfaceType; sun/java2d/loops/SurfaceType
staticfield sun/java2d/loops/SurfaceType OpaqueColor Lsun/java2d/loops/SurfaceType; sun/java2d/loops/SurfaceType
staticfield sun/java2d/loops/SurfaceType GradientPaint Lsun/java2d/loops/SurfaceType; sun/java2d/loops/SurfaceType
staticfield sun/java2d/loops/SurfaceType OpaqueGradientPaint Lsun/java2d/loops/SurfaceType; sun/java2d/loops/SurfaceType
staticfield sun/java2d/loops/SurfaceType LinearGradientPaint Lsun/java2d/loops/SurfaceType; sun/java2d/loops/SurfaceType
staticfield sun/java2d/loops/SurfaceType OpaqueLinearGradientPaint Lsun/java2d/loops/SurfaceType; sun/java2d/loops/SurfaceType
staticfield sun/java2d/loops/SurfaceType RadialGradientPaint Lsun/java2d/loops/SurfaceType; sun/java2d/loops/SurfaceType
staticfield sun/java2d/loops/SurfaceType OpaqueRadialGradientPaint Lsun/java2d/loops/SurfaceType; sun/java2d/loops/SurfaceType
staticfield sun/java2d/loops/SurfaceType TexturePaint Lsun/java2d/loops/SurfaceType; sun/java2d/loops/SurfaceType
staticfield sun/java2d/loops/SurfaceType OpaqueTexturePaint Lsun/java2d/loops/SurfaceType; sun/java2d/loops/SurfaceType
instanceKlass java/awt/image/ComponentColorModel
instanceKlass java/awt/image/IndexColorModel
instanceKlass java/awt/image/PackedColorModel
ciInstanceKlass java/awt/image/ColorModel 1 1 409 3 3 3 3 3 4 4 4 4 4 4 4 4 4 8 8 8 8 8 8 8 8 8 8 8 8 8 8 8 8 8 8 8 8 8 1 1 1 1 1 1 1 1 1 1 1 1 1 1 1 1 1 1 1 1 1 1 1 1 1 1 1 1 1 1 1 1 1 1 1 1 1 1 1 1 1 1 1 1 1 1 1 1 1 1 1 1 1 1 1 1 1 1 1 1 1 1 1 1 1 1 1 1 1 1 1 1 1 1 1 1 1 1 1 1 1 1 1 1 1 1 1 1 1 1 1 1 1 1 1 1 1 1 1 1 1 1 1 1 1 1 1 1 1 1 1 1 1 1 1 1 1 1 1 1 1 1 1 1 1 1 1 1 1 1 1 1 1 1 1 1 1 1 1 1 1 1 1 1 1 1 1 1 1 1 1 1 1 1 1 1 1 1 6 0 6 0 100 7 100 100 100 7 100 7 7 7 100 100 100 7 100 100 100 7 100 100 100 7 100 100 1 1 1 1 1 1 1 1 1 1 1 1 1 1 1 1 1 1 1 1 1 1 1 1 1 1 1 1 1 1 1 1 1 1 1 12 12 12 12 12 12 12 12 12 12 12 12 12 12 12 12 12 12 12 12 12 12 12 12 12 12 12 12 12 12 12 12 12 12 12 12 12 12 12 12 12 12 12 12 12 12 12 12 12 12 12 12 12 12 12 12 12 12 12 12 12 12 12 12 12 12 12 12 12 12 12 12 12 9 9 9 9 9 9 9 9 9 9 9 9 9 9 9 9 9 9 9 9 9 9 9 9 10 10 10 10 10 10 10 10 10 10 10 10 10 10 10 10 10 10 10 10 10 10 10 10 10 10 10 10 10 10 10 10 10 10 10 10 10 10 10 10 10 10 10 10 10 10 10 10 10 11 11 11 11 11 11
ciInstanceKlass java/awt/image/DirectColorModel 1 1 346 3 4 4 4 4 4 8 8 8 8 8 8 8 8 8 1 1 1 1 1 1 1 1 1 1 1 1 1 1 1 1 1 1 1 1 1 1 1 1 1 1 1 1 1 1 1 1 1 1 1 1 1 1 1 1 1 1 1 1 1 1 1 1 1 1 1 1 1 1 1 1 1 1 1 1 1 1 1 1 1 1 1 1 1 1 1 1 1 1 1 1 1 1 1 1 1 1 1 1 1 1 1 1 1 1 1 1 1 1 1 1 1 1 1 1 1 1 1 1 1 1 1 1 1 1 1 1 1 1 1 1 1 1 1 1 1 1 1 1 1 1 1 1 1 1 1 1 1 1 1 1 100 100 100 100 7 7 7 7 7 100 100 100 100 100 100 100 100 100 100 100 1 1 1 1 1 1 1 1 1 1 1 1 1 1 1 1 1 12 12 12 12 12 12 12 12 12 12 12 12 12 12 12 12 12 12 12 12 12 12 12 12 12 12 12 12 12 12 12 12 12 12 12 12 12 12 12 12 12 12 12 12 12 12 12 12 12 12 12 12 12 12 12 12 12 12 12 12 12 12 12 12 12 12 12 12 12 12 12 12 12 12 12 12 12 9 9 9 9 9 9 9 9 9 9 9 9 9 9 9 9 9 9 9 9 9 9 9 9 9 9 9 9 9 9 10 10 10 10 10 10 10 10 10 10 10 10 10 10 10 10 10 10 10 10 10 10 10 10 10 10 10 10 10 10 10 10 10 10 10 10 10 10 10 10 10 10 10 10 10 10 10 10 10 10
ciInstanceKlass sun/java2d/StateTrackableDelegate 1 1 102 8 8 8 8 1 1 1 1 1 1 1 1 1 1 1 1 1 1 1 1 1 1 1 1 1 1 1 1 1 1 1 1 1 1 1 1 1 1 1 1 1 1 1 1 1 1 1 1 1 100 100 7 100 7 7 7 7 100 1 1 1 1 1 1 1 1 12 12 12 12 12 12 12 12 12 12 12 12 12 12 12 12 12 9 9 9 9 9 9 9 9 9 9 9 9 10 10 10 10 10 10
staticfield sun/java2d/StateTrackableDelegate UNTRACKABLE_DELEGATE Lsun/java2d/StateTrackableDelegate; sun/java2d/StateTrackableDelegate
staticfield sun/java2d/StateTrackableDelegate IMMUTABLE_DELEGATE Lsun/java2d/StateTrackableDelegate; sun/java2d/StateTrackableDelegate
ciInstanceKlass sun/java2d/pipe/PixelDrawPipe 1 0 15 1 1 1 1 1 1 1 1 1 100 100 1 1 1
ciInstanceKlass sun/java2d/pipe/PixelFillPipe 1 0 13 1 1 1 1 1 1 1 100 100 1 1 1
ciInstanceKlass sun/java2d/pipe/ShapeDrawPipe 1 0 8 1 1 1 1 100 100 1
ciInstanceKlass sun/java2d/pipe/TextPipe 1 0 11 1 1 1 1 1 100 100 1 1 1
ciInstanceKlass sun/java2d/pipe/DrawImagePipe 1 0 14 1 1 1 1 1 100 100 1 1 1 1 1 1
ciInstanceKlass java/awt/image/IndexColorModel 1 1 375 3 3 3 3 3 3 3 8 8 8 8 8 8 8 8 8 8 8 8 8 8 1 1 1 1 1 1 1 1 1 1 1 1 1 1 1 1 1 1 1 1 1 1 1 1 1 1 1 1 1 1 1 1 1 1 1 1 1 1 1 1 1 1 1 1 1 1 1 1 1 1 1 1 1 1 1 1 1 1 1 1 1 1 1 1 1 1 1 1 1 1 1 1 1 1 1 1 1 1 1 1 1 1 1 1 1 1 1 1 1 1 1 1 1 1 1 1 1 1 1 1 1 1 1 1 1 1 1 1 1 1 1 1 1 1 1 1 1 1 1 1 1 1 1 1 1 1 1 1 1 1 1 1 1 1 1 1 1 1 1 1 1 1 1 1 1 1 1 1 1 1 3 100 100 100 7 100 7 100 100 100 7 100 7 7 100 100 7 100 100 100 7 100 100 100 100 100 1 1 1 1 1 1 1 1 1 1 1 1 1 1 1 1 1 1 1 1 1 1 1 1 1 1 1 1 1 12 12 12 12 12 12 12 12 12 12 12 12 12 12 12 12 12 12 12 12 12 12 12 12 12 12 12 12 12 12 12 12 12 12 12 12 12 12 12 12 12 12 12 12 12 12 12 12 12 12 12 12 12 12 12 12 12 12 12 12 12 12 12 12 12 12 12 12 12 12 12 9 9 9 9 9 9 9 9 9 9 9 9 9 9 9 9 9 9 10 10 10 10 10 10 10 10 10 10 10 10 10 10 10 10 10 10 10 10 10 10 10 10 10 10 10 10 10 10 10 10 10 10 10 10 10 10 10 10 10 10 10 10 10 10 10 10 10 10 10 10 10 10 10 10 10 10 1
instanceKlass sun/java2d/pipe/Region$ImmutableRegion
ciInstanceKlass sun/java2d/pipe/Region 1 1 325 3 3 8 8 8 8 8 8 8 8 8 8 1 1 1 1 1 1 1 1 1 1 1 1 1 1 1 1 1 1 1 1 1 1 1 1 1 1 1 1 1 1 1 1 1 1 1 1 1 1 1 1 1 1 1 1 1 1 1 1 1 1 1 1 1 1 1 1 1 1 1 1 1 1 1 1 1 1 1 1 1 1 1 1 1 1 1 1 1 1 1 1 1 1 1 1 1 1 1 1 1 1 1 1 1 1 1 1 1 1 1 1 1 1 1 1 1 1 1 1 1 1 1 1 1 1 1 1 1 1 1 1 1 1 1 1 1 1 1 1 1 1 1 1 1 1 3 3 3 3 6 0 6 0 100 7 100 100 7 100 100 7 100 100 100 7 7 100 100 100 100 100 1 1 1 1 1 1 1 1 1 1 1 1 1 1 1 1 1 1 1 1 1 1 1 1 1 12 12 12 12 12 12 12 12 12 12 12 12 12 12 12 12 12 12 12 12 12 12 12 12 12 12 12 12 12 12 12 12 12 12 12 12 12 12 12 12 12 12 12 12 12 12 12 12 12 12 12 12 12 12 12 12 12 12 12 12 12 9 9 9 9 9 9 9 9 9 9 9 9 10 10 10 10 10 10 10 10 10 10 10 10 10 10 10 10 10 10 10 10 10 10 10 10 10 10 10 10 10 10 10 10 10 10 10 10 10 10 10 10 10 10 10 10 10 10 10 10 10 10 11 11 11 1
staticfield sun/java2d/pipe/Region EMPTY_REGION Lsun/java2d/pipe/Region; sun/java2d/pipe/Region$ImmutableRegion
staticfield sun/java2d/pipe/Region WHOLE_REGION Lsun/java2d/pipe/Region; sun/java2d/pipe/Region$ImmutableRegion
instanceKlass sun/java2d/d3d/D3DDrawImage
ciInstanceKlass sun/java2d/pipe/DrawImage 1 1 460 1 1 1 1 1 1 1 1 1 1 1 1 1 1 1 1 1 1 1 1 1 1 1 1 1 1 1 1 1 1 1 1 1 1 1 1 1 1 1 1 1 1 1 1 1 1 1 1 1 1 1 1 1 1 1 1 1 1 1 1 1 1 1 1 1 1 1 1 1 1 1 1 1 1 1 1 1 1 1 1 1 1 1 1 1 1 1 1 1 1 1 1 1 1 1 1 1 1 1 1 1 1 1 1 1 1 1 1 1 1 1 1 1 1 1 1 1 1 1 1 1 1 1 1 1 1 1 1 1 1 1 1 1 1 1 1 1 1 1 1 1 1 1 1 1 1 6 0 6 0 6 0 6 0 100 100 100 7 7 100 100 100 100 100 100 100 100 100 7 100 7 100 7 100 7 100 7 7 7 100 7 7 7 7 7 7 100 7 1 1 1 1 1 1 1 1 1 1 1 1 1 1 1 1 1 1 1 1 1 1 1 1 1 1 1 1 1 1 1 1 1 1 1 1 1 1 1 1 1 1 1 1 1 1 1 1 1 1 1 1 1 1 1 1 1 1 1 1 1 1 1 12 12 12 12 12 12 12 12 12 12 12 12 12 12 12 12 12 12 12 12 12 12 12 12 12 12 12 12 12 12 12 12 12 12 12 12 12 12 12 12 12 12 12 12 12 12 12 12 12 12 12 12 12 12 12 12 12 12 12 12 12 12 12 12 12 12 12 12 12 12 12 12 12 12 12 12 12 12 12 12 12 12 12 12 12 12 12 12 12 12 12 12 12 12 12 12 12 12 12 12 12 12 12 9 9 9 9 9 9 9 9 9 9 9 9 9 9 9 9 9 9 9 10 10 10 10 10 10 10 10 10 10 10 10 10 10 10 10 10 10 10 10 10 10 10 10 10 10 10 10 10 10 10 10 10 10 10 10 10 10 10 10 10 10 10 10 10 10 10 10 10 10 10 10 10 10 10 10 10 10 10 10 10 10 10 10 10 10 10 10 10 10 10 10 10 10 10 10 10 10 10 10 10 10 10 10 11 11
ciInstanceKlass sun/java2d/loops/RenderCache 1 1 41 1 1 1 1 1 1 1 1 1 1 1 1 1 1 1 1 1 1 7 7 7 7 1 1 1 1 1 1 12 12 12 12 12 12 9 10 10 10 10 10
ciInstanceKlass sun/java2d/loops/RenderCache$Entry 1 1 39 1 1 1 1 1 1 1 1 1 1 1 1 1 1 1 1 1 1 7 100 7 1 1 1 1 1 12 12 12 12 12 12 9 9 9 9 9 10
instanceKlass sun/awt/image/SunVolatileImage
ciInstanceKlass java/awt/image/VolatileImage 1 1 49 1 1 1 1 1 1 1 1 1 1 1 1 1 1 1 1 1 1 1 1 1 1 1 1 1 3 3 3 7 100 100 7 1 1 1 1 1 1 12 12 12 12 12 9 10 10 10 10
ciInstanceKlass sun/awt/image/SunVolatileImage 1 1 249 8 8 8 8 8 8 1 1 1 1 1 1 1 1 1 1 1 1 1 1 1 1 1 1 1 1 1 1 1 1 1 1 1 1 1 1 1 1 1 1 1 1 1 1 1 1 1 1 1 1 1 1 1 1 1 1 1 1 1 1 1 1 1 1 1 1 1 1 1 1 1 1 1 1 1 1 1 1 1 1 1 1 1 1 1 1 1 1 1 1 100 7 7 7 100 100 100 100 100 7 100 100 100 100 100 7 7 7 7 100 7 7 7 1 1 1 1 1 1 1 1 1 1 1 1 1 1 1 1 1 1 1 1 1 1 1 1 1 1 1 1 1 1 1 1 1 1 1 1 12 12 12 12 12 12 12 12 12 12 12 12 12 12 12 12 12 12 12 12 12 12 12 12 12 12 12 12 12 12 12 12 12 12 12 12 12 12 12 12 12 12 12 12 12 12 12 9 9 9 9 9 9 9 9 9 9 9 9 10 10 10 10 10 10 10 10 10 10 10 10 10 10 10 10 10 10 10 10 10 10 10 10 10 10 10 10 10 10 10 10 10 10 10 10 10 10 10 10
instanceKlass java/awt/Image$1
ciInstanceKlass sun/awt/image/SurfaceManager$ImageAccessor 1 1 18 1 1 1 1 1 1 1 1 1 7 100 100 1 1 12 10 1
ciInstanceKlass java/awt/Image$1 1 1 25 1 1 1 1 1 1 1 1 1 1 1 1 7 100 100 7 1 1 1 12 12 9 10 1
instanceKlass sun/awt/image/BufImgSurfaceManager
instanceKlass sun/awt/image/VolatileSurfaceManager
ciInstanceKlass sun/awt/image/SurfaceManager 1 1 144 8 8 1 1 1 1 1 1 1 1 1 1 1 1 1 1 1 1 1 1 1 1 1 1 1 1 1 1 1 1 1 1 1 1 1 1 1 1 1 1 1 1 1 1 1 1 1 1 1 1 1 1 1 1 1 1 1 1 1 1 1 1 100 7 7 100 100 100 7 100 100 100 7 7 7 100 7 100 100 7 1 1 1 1 1 1 1 1 1 1 1 1 1 1 12 12 12 12 12 12 12 12 12 12 12 12 12 12 12 12 12 12 12 12 12 12 9 9 10 10 10 10 10 10 10 10 10 10 10 10 10 10 10 10 11 11 11 11 11 1 1 1 1
instanceKlass sun/java2d/d3d/D3DVolatileSurfaceManager
ciInstanceKlass sun/awt/image/VolatileSurfaceManager 1 1 186 1 1 1 1 1 1 1 1 1 1 1 1 1 1 1 1 1 1 1 1 1 1 1 1 1 1 1 1 1 1 1 1 1 1 1 1 1 1 1 1 1 1 1 1 1 1 1 1 1 1 1 1 1 1 1 1 1 1 1 1 1 1 1 1 1 1 1 1 1 1 1 1 7 100 7 100 100 100 100 100 100 7 100 7 7 100 100 100 7 7 1 1 1 1 1 1 1 1 1 1 1 1 1 1 1 1 1 1 12 12 12 12 12 12 12 12 12 12 12 12 12 12 12 12 12 12 12 12 12 12 12 12 12 12 12 12 12 12 12 12 12 12 12 12 12 12 9 9 9 9 9 9 9 10 10 10 10 10 10 10 10 10 10 10 10 10 10 10 10 10 10 10 10 10 10 10 10 10 10 10 10 10 10 10 1
ciInstanceKlass java/awt/image/ImageObserver 1 0 25 1 1 1 1 1 1 1 1 1 1 1 1 1 3 3 3 3 3 3 3 3 100 100 1
ciInstanceKlass java/awt/geom/AffineTransform 1 1 346 8 8 8 8 8 8 8 1 1 1 1 1 1 1 1 1 1 1 1 1 1 1 1 1 1 1 1 1 1 1 1 1 1 1 1 1 1 1 1 1 1 1 1 1 1 1 1 1 1 1 1 1 1 1 1 1 1 1 1 1 1 1 1 1 1 1 1 1 1 1 1 1 1 1 1 1 1 1 1 1 1 1 1 1 1 1 1 1 1 1 1 1 1 1 1 1 1 1 1 1 1 1 1 1 1 1 1 1 1 1 1 1 1 1 1 1 1 1 1 1 1 1 1 1 1 1 1 1 1 1 1 1 1 1 1 1 1 1 1 1 1 1 1 1 1 1 1 1 1 1 1 1 1 1 1 1 1 1 1 1 1 1 1 1 1 1 1 1 1 1 1 1 1 1 1 1 1 3 3 3 3 3 3 3 3 3 3 3 3 5 0 5 0 6 0 6 0 6 0 100 100 100 7 100 100 100 100 100 100 100 100 100 100 100 100 100 7 100 100 7 100 100 1 1 1 1 1 1 1 1 1 1 1 1 1 1 1 1 12 12 12 12 12 12 12 12 12 12 12 12 12 12 12 12 12 12 12 12 12 12 12 12 12 12 12 12 12 12 12 12 12 12 12 12 12 12 12 12 12 12 12 12 12 12 12 12 12 12 12 9 9 9 9 9 9 9 9 9 10 10 10 10 10 10 10 10 10 10 10 10 10 10 10 10 10 10 10 10 10 10 10 10 10 10 10 10 10 10 10 10 10 10 10 10 10 10 10 10 10 10 10 10 10 10 10
staticfield java/awt/geom/AffineTransform rot90conversion [I 8
instanceKlass javax/swing/text/DefaultCaret
ciInstanceKlass java/awt/Rectangle 1 1 212 3 3 8 8 8 8 8 1 1 1 1 1 1 1 1 1 1 1 1 1 1 1 1 1 1 1 1 1 1 1 1 1 1 1 1 1 1 1 1 1 1 1 1 1 1 1 1 1 1 1 1 1 1 1 1 1 1 1 1 1 1 1 1 1 1 1 1 1 1 1 1 1 1 1 1 1 1 1 1 1 1 1 1 1 1 1 1 1 1 1 1 1 1 5 0 5 0 5 0 6 0 6 0 6 0 7 7 7 7 100 7 7 100 100 100 100 100 100 1 1 1 1 1 1 1 1 1 1 1 1 1 1 1 1 1 1 12 12 12 12 12 12 12 12 12 12 12 12 12 12 12 12 12 12 12 12 12 12 12 12 12 12 12 12 12 12 12 12 12 12 9 9 9 9 9 9 9 9 10 10 10 10 10 10 10 10 10 10 10 10 10 10 10 10 10 10 10 10 10 10 10 10 10 10 10 10 10 10 10 10 10
instanceKlass java/awt/SystemColor
instanceKlass javax/swing/plaf/ColorUIResource
ciInstanceKlass java/awt/Color 1 1 326 3 4 4 4 4 8 8 8 8 8 8 8 8 8 8 8 8 8 8 1 1 1 1 1 1 1 1 1 1 1 1 1 1 1 1 1 1 1 1 1 1 1 1 1 1 1 1 1 1 1 1 1 1 1 1 1 1 1 1 1 1 1 1 1 1 1 1 1 1 1 1 1 1 1 1 1 1 1 1 1 1 1 1 1 1 1 1 1 1 1 1 1 1 1 1 1 1 1 1 1 1 1 1 1 1 1 1 1 1 1 1 1 1 1 1 1 1 1 1 1 1 1 1 1 1 1 1 1 1 1 1 1 1 1 1 1 1 1 1 1 1 1 1 1 1 1 1 1 1 1 5 0 6 0 6 0 100 7 100 7 100 7 100 100 100 100 7 100 100 7 100 100 1 1 1 1 1 1 1 1 1 1 1 1 1 1 1 1 1 1 12 12 12 12 12 12 12 12 12 12 12 12 12 12 12 12 12 12 12 12 12 12 12 12 12 12 12 12 12 12 12 12 12 12 12 12 12 12 12 12 12 12 12 12 12 12 12 12 12 12 12 12 12 12 12 12 12 12 12 12 12 12 12 12 12 12 12 9 9 9 9 9 9 9 9 9 9 9 9 9 9 9 9 9 9 9 9 9 9 9 9 9 9 9 9 9 9 9 10 10 10 10 10 10 10 10 10 10 10 10 10 10 10 10 10 10 10 10 10 10 10 10 10 10 10 10 10 10 10 10 10 10 10 10 10
staticfield java/awt/Color white Ljava/awt/Color; java/awt/Color
staticfield java/awt/Color WHITE Ljava/awt/Color; java/awt/Color
staticfield java/awt/Color lightGray Ljava/awt/Color; java/awt/Color
staticfield java/awt/Color LIGHT_GRAY Ljava/awt/Color; java/awt/Color
staticfield java/awt/Color gray Ljava/awt/Color; java/awt/Color
staticfield java/awt/Color GRAY Ljava/awt/Color; java/awt/Color
staticfield java/awt/Color darkGray Ljava/awt/Color; java/awt/Color
staticfield java/awt/Color DARK_GRAY Ljava/awt/Color; java/awt/Color
staticfield java/awt/Color black Ljava/awt/Color; java/awt/Color
staticfield java/awt/Color BLACK Ljava/awt/Color; java/awt/Color
staticfield java/awt/Color red Ljava/awt/Color; java/awt/Color
staticfield java/awt/Color RED Ljava/awt/Color; java/awt/Color
staticfield java/awt/Color pink Ljava/awt/Color; java/awt/Color
staticfield java/awt/Color PINK Ljava/awt/Color; java/awt/Color
staticfield java/awt/Color orange Ljava/awt/Color; java/awt/Color
staticfield java/awt/Color ORANGE Ljava/awt/Color; java/awt/Color
staticfield java/awt/Color yellow Ljava/awt/Color; java/awt/Color
staticfield java/awt/Color YELLOW Ljava/awt/Color; java/awt/Color
staticfield java/awt/Color green Ljava/awt/Color; java/awt/Color
staticfield java/awt/Color GREEN Ljava/awt/Color; java/awt/Color
staticfield java/awt/Color magenta Ljava/awt/Color; java/awt/Color
staticfield java/awt/Color MAGENTA Ljava/awt/Color; java/awt/Color
staticfield java/awt/Color cyan Ljava/awt/Color; java/awt/Color
staticfield java/awt/Color CYAN Ljava/awt/Color; java/awt/Color
staticfield java/awt/Color blue Ljava/awt/Color; java/awt/Color
staticfield java/awt/Color BLUE Ljava/awt/Color; java/awt/Color
ciInstanceKlass java/awt/Composite 1 0 7 1 1 1 100 100 1
ciInstanceKlass sun/java2d/loops/XORComposite 1 1 55 1 1 1 1 1 1 1 1 1 1 1 1 1 1 1 1 1 1 1 1 1 1 1 100 100 100 100 100 100 100 1 1 1 1 1 1 12 12 12 12 12 12 12 12 12 9 9 9 10 10 10 10 10 10
instanceKlass sun/java2d/loops/TransformBlit
instanceKlass sun/java2d/loops/GraphicsPrimitiveProxy
instanceKlass sun/java2d/loops/TransformHelper
instanceKlass sun/java2d/loops/DrawGlyphListLCD
instanceKlass sun/java2d/loops/DrawGlyphListAA
instanceKlass sun/java2d/loops/DrawGlyphList
instanceKlass sun/java2d/loops/MaskFill
instanceKlass sun/java2d/loops/MaskBlit
instanceKlass sun/java2d/loops/FillPath
instanceKlass sun/java2d/loops/DrawPath
instanceKlass sun/java2d/loops/DrawPolygons
instanceKlass sun/java2d/loops/DrawRect
instanceKlass sun/java2d/loops/DrawLine
instanceKlass sun/java2d/loops/DrawParallelogram
instanceKlass sun/java2d/loops/FillParallelogram
instanceKlass sun/java2d/loops/FillSpans
instanceKlass sun/java2d/loops/FillRect
instanceKlass sun/java2d/loops/ScaledBlit
instanceKlass sun/java2d/loops/BlitBg
instanceKlass sun/java2d/loops/Blit
ciInstanceKlass sun/java2d/loops/GraphicsPrimitive 1 1 416 8 8 8 8 8 8 8 8 8 8 8 8 8 8 8 8 8 8 8 8 8 8 8 8 8 8 8 8 8 8 8 8 7 7 1 1 1 1 1 1 1 1 1 1 1 1 1 1 1 1 1 1 1 1 1 1 1 1 1 1 1 1 1 1 1 1 1 1 1 1 1 1 1 1 1 1 1 1 1 1 1 1 1 1 1 1 1 1 1 1 1 1 1 1 1 1 1 1 1 1 1 1 1 1 1 1 1 1 1 1 1 1 1 1 1 1 1 1 1 1 1 1 1 1 1 1 1 1 1 1 1 1 1 1 1 1 1 1 1 1 1 1 1 1 1 1 1 1 1 1 1 1 1 1 1 1 1 1 1 1 1 1 1 1 1 1 1 1 1 1 1 1 1 1 1 1 1 1 1 1 1 1 1 1 1 1 1 1 1 1 3 3 3 100 7 100 7 100 100 100 100 100 7 100 100 100 100 7 100 100 7 100 7 7 100 7 100 100 7 7 1 1 1 1 1 1 1 1 1 1 1 1 1 1 1 1 1 1 1 1 1 1 1 1 1 1 1 1 1 1 1 1 1 1 1 1 1 1 1 1 1 12 12 12 12 12 12 12 12 12 12 12 12 12 12 12 12 12 12 12 12 12 12 12 12 12 12 12 12 12 12 12 12 12 12 12 12 12 12 12 12 12 12 12 12 12 12 12 12 12 12 12 12 12 12 12 12 12 12 12 12 12 12 12 12 12 12 12 12 12 9 9 9 9 9 9 9 9 9 9 9 9 9 9 9 9 9 9 10 10 10 10 10 10 10 10 10 10 10 10 10 10 10 10 10 10 10 10 10 10 10 10 10 10 10 10 10 10 10 10 10 10 10 10 10 10 10 10 10 10 10 10 10 10 10 10 10 10 10 10 10 11 11 11 11 11 11 11 11 11 11 11 1 1 1
ciInstanceKlass sun/java2d/loops/GraphicsPrimitiveMgr 1 1 239 8 8 8 8 8 8 8 8 8 8 7 7 7 7 7 7 7 7 7 7 7 1 1 1 1 1 1 1 1 1 1 1 1 1 1 1 1 1 1 1 1 1 1 1 1 1 1 1 1 1 1 1 1 1 1 1 1 1 1 1 1 1 1 1 1 1 1 1 1 1 1 1 1 1 1 1 1 1 1 1 1 1 1 1 1 1 1 1 1 1 1 1 1 1 1 1 1 1 1 1 1 1 1 1 1 1 1 1 1 1 3 100 100 100 100 100 100 7 7 7 7 7 7 7 7 7 1 1 1 1 1 1 1 1 1 1 1 1 1 1 1 1 1 1 1 1 1 1 1 1 1 12 12 12 12 12 12 12 12 12 12 12 12 12 12 12 12 12 12 12 12 12 12 12 12 12 12 12 12 12 12 12 12 12 12 12 12 12 12 12 12 12 9 9 9 9 9 9 9 9 9 9 10 10 10 10 10 10 10 10 10 10 10 10 10 10 10 10 10 10 10 10 10 10 10 10 10 10 10 10 10 10 10 10 10 10 10 1
ciInstanceKlass sun/java2d/loops/CompositeType 1 1 211 8 8 8 8 8 8 8 8 8 8 8 8 8 8 8 8 8 8 8 1 1 1 1 1 1 1 1 1 1 1 1 1 1 1 1 1 1 1 1 1 1 1 1 1 1 1 1 1 1 1 1 1 1 1 1 1 1 1 1 1 1 1 1 1 1 1 1 1 1 1 1 1 1 1 1 1 1 1 1 1 1 1 1 1 1 1 1 1 1 1 1 1 1 1 1 1 1 1 1 1 1 1 1 1 1 1 1 1 1 1 1 1 1 1 1 1 1 1 1 7 7 100 7 100 7 7 1 1 1 1 1 1 1 1 1 1 12 12 12 12 12 12 12 12 12 12 12 12 12 12 12 12 12 12 12 12 12 12 12 12 12 12 12 12 12 12 12 12 12 12 12 12 12 9 9 9 9 9 9 9 9 9 9 9 9 9 9 9 9 9 9 9 9 9 9 9 9 10 10 10 10 10 10 10 10 10 10 10 10 10
staticfield sun/java2d/loops/CompositeType compositeUIDMap Ljava/util/HashMap; java/util/HashMap
staticfield sun/java2d/loops/CompositeType Any Lsun/java2d/loops/CompositeType; sun/java2d/loops/CompositeType
staticfield sun/java2d/loops/CompositeType General Lsun/java2d/loops/CompositeType; sun/java2d/loops/CompositeType
staticfield sun/java2d/loops/CompositeType AnyAlpha Lsun/java2d/loops/CompositeType; sun/java2d/loops/CompositeType
staticfield sun/java2d/loops/CompositeType Xor Lsun/java2d/loops/CompositeType; sun/java2d/loops/CompositeType
staticfield sun/java2d/loops/CompositeType Clear Lsun/java2d/loops/CompositeType; sun/java2d/loops/CompositeType
staticfield sun/java2d/loops/CompositeType Src Lsun/java2d/loops/CompositeType; sun/java2d/loops/CompositeType
staticfield sun/java2d/loops/CompositeType Dst Lsun/java2d/loops/CompositeType; sun/java2d/loops/CompositeType
staticfield sun/java2d/loops/CompositeType SrcOver Lsun/java2d/loops/CompositeType; sun/java2d/loops/CompositeType
staticfield sun/java2d/loops/CompositeType DstOver Lsun/java2d/loops/CompositeType; sun/java2d/loops/CompositeType
staticfield sun/java2d/loops/CompositeType SrcIn Lsun/java2d/loops/CompositeType; sun/java2d/loops/CompositeType
staticfield sun/java2d/loops/CompositeType DstIn Lsun/java2d/loops/CompositeType; sun/java2d/loops/CompositeType
staticfield sun/java2d/loops/CompositeType SrcOut Lsun/java2d/loops/CompositeType; sun/java2d/loops/CompositeType
staticfield sun/java2d/loops/CompositeType DstOut Lsun/java2d/loops/CompositeType; sun/java2d/loops/CompositeType
staticfield sun/java2d/loops/CompositeType SrcAtop Lsun/java2d/loops/CompositeType; sun/java2d/loops/CompositeType
staticfield sun/java2d/loops/CompositeType DstAtop Lsun/java2d/loops/CompositeType; sun/java2d/loops/CompositeType
staticfield sun/java2d/loops/CompositeType AlphaXor Lsun/java2d/loops/CompositeType; sun/java2d/loops/CompositeType
staticfield sun/java2d/loops/CompositeType SrcNoEa Lsun/java2d/loops/CompositeType; sun/java2d/loops/CompositeType
staticfield sun/java2d/loops/CompositeType SrcOverNoEa Lsun/java2d/loops/CompositeType; sun/java2d/loops/CompositeType
staticfield sun/java2d/loops/CompositeType OpaqueSrcOverNoEa Lsun/java2d/loops/CompositeType; sun/java2d/loops/CompositeType
instanceKlass java/awt/Graphics2D
ciInstanceKlass java/awt/Graphics 1 1 191 8 8 8 8 1 1 1 1 1 1 1 1 1 1 1 1 1 1 1 1 1 1 1 1 1 1 1 1 1 1 1 1 1 1 1 1 1 1 1 1 1 1 1 1 1 1 1 1 1 1 1 1 1 1 1 1 1 1 1 1 1 1 1 1 1 1 1 1 1 1 1 1 1 1 1 1 1 1 1 1 1 1 1 1 1 1 1 1 1 100 7 100 100 100 100 7 100 100 1 1 1 1 1 1 1 1 1 1 1 1 1 1 1 1 1 1 1 1 1 1 1 1 1 12 12 12 12 12 12 12 12 12 12 12 12 12 12 12 12 12 12 12 12 12 12 12 12 12 12 12 12 12 12 12 12 12 9 9 9 9 9 9 9 10 10 10 10 10 10 10 10 10 10 10 10 10 10 10 10 10 10 10 10 10 10 10 10 10 10 10
instanceKlass sun/java2d/SunGraphics2D
ciInstanceKlass java/awt/Graphics2D 1 1 108 1 1 1 1 1 1 1 1 1 1 1 1 1 1 1 1 1 1 1 1 1 1 1 1 1 1 1 1 1 1 1 1 1 1 1 1 1 1 1 1 1 1 1 1 1 1 1 1 1 1 1 1 1 1 1 1 1 100 7 100 100 100 100 1 1 1 1 1 1 1 1 1 1 1 1 1 1 1 1 1 1 1 1 1 1 1 1 1 1 1 1 12 12 12 12 12 12 12 12 10 10 10 10 10 10 10 10
ciInstanceKlass sun/java2d/SunGraphics2D 1 1 1528 8 8 8 8 7 100 100 100 1 1 1 1 1 1 1 1 1 1 1 1 1 1 1 1 1 1 1 1 1 1 1 1 1 1 1 1 1 1 1 1 1 1 1 1 1 1 1 1 1 1 1 1 1 1 1 1 1 1 1 1 1 1 1 1 1 1 1 1 1 1 1 1 1 1 1 1 1 1 1 1 1 1 1 1 1 1 1 1 1 1 1 1 1 1 1 1 1 1 1 1 1 1 1 1 1 1 1 1 1 1 1 1 1 1 1 1 1 1 1 1 1 1 1 1 1 1 1 1 1 1 1 1 1 1 1 1 1 1 1 1 1 1 1 1 1 1 1 1 1 1 1 1 1 1 1 1 1 1 1 1 1 1 1 1 1 1 1 1 1 1 1 1 1 1 1 1 1 1 1 1 1 1 1 1 1 1 1 1 1 1 1 1 1 1 1 1 1 1 1 1 1 1 1 1 1 1 1 1 1 1 1 1 1 1 1 1 1 1 1 1 1 1 1 1 1 1 1 1 1 1 1 1 1 1 1 1 1 1 1 1 1 1 1 1 1 1 1 1 1 1 1 1 1 1 1 1 1 1 1 1 1 1 1 1 1 1 1 1 1 1 1 1 1 1 1 1 1 1 1 1 1 1 1 1 1 1 1 1 1 1 1 1 1 1 1 1 1 1 1 1 1 1 1 1 1 1 1 1 1 1 1 1 1 1 1 1 1 1 1 1 1 1 1 1 1 1 1 1 1 1 1 1 1 1 1 1 1 1 1 1 1 1 1 1 1 1 1 1 1 1 1 1 1 1 1 1 1 1 1 1 1 1 1 1 1 1 1 1 1 1 1 1 1 1 1 1 1 1 1 1 1 1 1 1 1 1 1 1 1 1 1 1 1 1 1 1 1 1 1 1 1 1 1 1 1 1 1 1 1 1 1 1 1 1 1 1 1 1 1 1 1 1 1 1 1 1 1 1 1 1 1 1 1 1 1 1 1 1 1 1 1 1 1 1 1 1 1 1 1 1 1 1 1 1 1 1 1 1 1 1 1 1 1 1 1 1 1 1 1 1 1 1 1 1 1 1 1 1 1 1 1 1 1 1 1 1 1 1 1 1 1 1 1 1 1 1 1 1 1 1 1 1 1 1 1 1 1 1 1 1 1 1 1 1 1 1 1 1 1 1 1 1 1 1 1 1 1 3 3 3 3 3 3 3 3 3 3 3 3 3 6 0 6 0 6 0 8 8 8 8 8 8 8 8 8 8 8 100 100 7 100 7 7 7 100 7 100 7 7 7 7 7 100 7 7 100 7 100 100 7 100 100 100 100 7 100 100 100 100 100 100 100 100 100 100 100 100 100 100 100 100 7 100 100 100 7 100 100 100 100 100 100 100 100 7 7 7 7 100 7 100 7 7 7 100 7 7 7 7 100 7 7 100 7 7 100 7 7 7 7 100 100 7 7 7 1 1 1 1 1 1 1 1 1 1 1 1 1 1 1 1 1 1 1 1 1 1 1 1 1 1 1 1 1 1 1 1 1 1 1 1 1 1 1 1 1 1 1 1 1 1 1 1 1 1 1 1 1 1 1 1 1 1 1 1 1 1 1 1 1 1 1 1 1 1 1 1 1 1 1 1 1 1 1 1 1 1 1 1 1 1 1 1 1 1 1 1 1 1 1 1 1 1 1 1 1 1 1 1 1 1 1 1 1 1 1 1 1 1 1 1 1 1 1 1 1 1 1 1 1 1 1 1 1 1 1 1 1 1 1 1 1 1 1 1 1 1 1 1 1 1 1 1 1 1 1 1 1 1 1 1 1 1 1 1 1 1 12 12 12 12 12 12 12 12 12 12 12 12 12 12 12 12 12 12 12 12 12 12 12 12 12 12 12 12 12 12 12 12 12 12 12 12 12 12 12 12 12 12 12 12 12 12 12 12 12 12 12 12 12 12 12 12 12 12 12 12 12 12 12 12 12 12 12 12 12 12 12 12 12 12 12 12 12 12 12 12 12 12 12 12 12 12 12 12 12 12 12 12 12 12 12 12 12 12 12 12 12 12 12 12 12 12 12 12 12 12 12 12 12 12 12 12 12 12 12 12 12 12 12 12 12 12 12 12 12 12 12 12 12 12 12 12 12 12 12 12 12 12 12 12 12 12 12 12 12 12 12 12 12 12 12 12 12 12 12 12 12 12 12 12 12 12 12 12 12 12 12 12 12 12 12 12 12 12 12 12 12 12 12 12 12 12 12 12 12 12 12 12 12 12 12 12 12 12 12 12 12 12 12 12 12 12 12 12 12 12 12 12 12 12 12 12 12 12 12 12 12 12 12 12 12 12 12 12 12 12 12 12 12 12 12 12 12 12 12 12 12 12 12 12 12 12 12 12 12 12 12 12 12 12 12 12 12 12 12 12 12 12 12 12 12 12 12 12 12 12 12 12 12 12 12 12 12 12 12 12 12 12 12 12 12 12 12 12 12 12 12 12 12 12 12 12 12 12 12 12 12 12 12 12 12 12 12 12 12 12 12 12 12 12 12 12 12 12 12 12 12 12 12 12 12 12 12 12 12 12 12 12 12 12 12 12 12 12 12 12 12 12 12 12 9 9 9 9 9 9 9 9 9 9 9 9 9 9 9 9 9 9 9 9 9 9 9 9 9 9 9 9 9 9 9 9 9 9 9 9 9 9 9 9 9 9 9 9 9 9 9 9 9 9 9 9 9 9 9 9 9 9 9 9 9 9 9 9 9 9 9 9 9 9 9 9 9 9 9 9 9 9 9 9 9 9 9 9 9 9 9 9 9 9 9 9 9 9 9 9 10 10 10 10 10 10 10 10 10 10 10 10 10 10 10 10 10 10 10 10 10 10 10 10 10 10 10 10 10 10 10 10 10 10 10 10 10 10 10 10 10 10 10 10 10 10 10 10 10 10 10 10 10 10 10 10 10 10 10 10 10 10 10 10 10 10 10 10 10 10 10 10 10 10 10 10 10 10 10 10 10 10 10 10 10 10 10 10 10 10 10 10 10 10 10 10 10 10 10 10 10 10 10 10 10 10 10 10 10 10 10 10 10 10 10 10 10 10 10 10 10 10 10 10 10 10 10 10 10 10 10 10 10 10 10 10 10 10 10 10 10 10 10 10 10 10 10 10 10 10 10 10 10 10 10 10 10 10 10 10 10 10 10 10 10 10 10 10 10 10 10 10 10 10 10 10 10 10 10 10 10 10 10 10 10 10 10 10 10 10 10 10 10 10 10 10 10 10 10 10 10 10 10 10 10 10 10 10 10 10 10 10 10 10 10 10 10 10 10 10 10 10 10 10 10 10 10 10 10 10 10 11 11 11 11 11 11 11 11 11 11 11 11 11 11 11 11 11 11 11 11 11 11 11 11 11 11 11 11 11 11 11 11 11 11 11 11 11 11 11 11 11 11 11 11 11 11 11 11 11
staticfield sun/java2d/SunGraphics2D defaultStroke Ljava/awt/Stroke; java/awt/BasicStroke
staticfield sun/java2d/SunGraphics2D defaultComposite Ljava/awt/Composite; java/awt/AlphaComposite
staticfield sun/java2d/SunGraphics2D defaultFont Ljava/awt/Font; java/awt/Font
staticfield sun/java2d/SunGraphics2D IDENT_MATRIX [D 4
staticfield sun/java2d/SunGraphics2D IDENT_ATX Ljava/awt/geom/AffineTransform; java/awt/geom/AffineTransform
staticfield sun/java2d/SunGraphics2D MinPenSizeAA D 4596373779264831488
staticfield sun/java2d/SunGraphics2D MinPenSizeAASquared D 4585925427871633920
instanceKlass sun/java2d/d3d/D3DTextureToSurfaceScale
instanceKlass sun/java2d/d3d/D3DSwToSurfaceScale
instanceKlass sun/java2d/d3d/D3DRTTSurfaceToSurfaceScale
instanceKlass sun/java2d/d3d/D3DSurfaceToSurfaceScale
instanceKlass sun/java2d/d3d/D3DSurfaceToGDIWindowSurfaceScale
ciInstanceKlass sun/java2d/loops/ScaledBlit 1 1 86 8 1 1 1 1 1 1 1 1 1 1 1 1 1 1 1 1 1 1 1 1 1 1 1 1 1 1 1 1 1 1 1 1 100 7 7 7 7 7 100 1 1 1 1 1 1 1 1 1 1 1 1 1 1 12 12 12 12 12 12 12 12 12 12 12 12 12 12 12 9 9 9 10 10 10 10 10 10 10 10 10 10 10 10 1
staticfield sun/java2d/loops/ScaledBlit methodSignature Ljava/lang/String; "ScaledBlit(...)"
staticfield sun/java2d/loops/ScaledBlit primTypeID I 3
instanceKlass sun/java2d/loops/MaskBlit$General
instanceKlass sun/java2d/pipe/BufferedMaskBlit
ciInstanceKlass sun/java2d/loops/MaskBlit 1 1 145 8 8 8 8 8 8 1 1 1 1 1 1 1 1 1 1 1 1 1 1 1 1 1 1 1 1 1 1 1 1 1 1 1 1 1 1 1 1 1 1 1 1 1 1 1 1 1 1 1 1 1 1 1 1 1 1 1 1 1 1 100 100 100 7 100 100 7 7 100 7 7 7 100 7 1 1 1 1 1 1 1 1 1 1 1 1 1 1 1 1 1 1 12 12 12 12 12 12 12 12 12 12 12 12 12 12 12 12 12 12 12 12 12 12 12 12 9 9 9 9 9 10 10 10 10 10 10 10 10 10 10 10 10 10 10 10 10 10 10 10 10 10 1 1
staticfield sun/java2d/loops/MaskBlit methodSignature Ljava/lang/String; "MaskBlit(...)"
staticfield sun/java2d/loops/MaskBlit primTypeID I 13
ciInstanceKlass sun/java2d/loops/DrawGlyphListLCD 1 1 63 8 1 1 1 1 1 1 1 1 1 1 1 1 1 1 1 1 1 1 1 1 1 1 1 1 7 7 100 7 7 1 1 1 1 1 1 1 1 1 1 1 12 12 12 12 12 12 12 12 12 12 9 9 10 10 10 10 10 10 10 10 1
staticfield sun/java2d/loops/DrawGlyphListLCD methodSignature Ljava/lang/String; "DrawGlyphListLCD(...)"
staticfield sun/java2d/loops/DrawGlyphListLCD primTypeID I 17
ciInstanceKlass sun/java2d/loops/TransformHelper 1 1 92 8 1 1 1 1 1 1 1 1 1 1 1 1 1 1 1 1 1 1 1 1 1 1 1 1 1 1 1 1 1 1 1 1 1 1 1 100 7 7 7 7 7 7 7 100 1 1 1 1 1 1 1 1 1 1 1 1 1 1 1 12 12 12 12 12 12 12 12 12 12 12 12 12 12 12 9 9 9 9 9 10 10 10 10 10 10 10 10 10 10 1
staticfield sun/java2d/loops/TransformHelper methodSignature Ljava/lang/String; "TransformHelper(...)"
staticfield sun/java2d/loops/TransformHelper primTypeID I 18
ciInstanceKlass sun/java2d/pipe/ValidatePipe 1 1 129 1 1 1 1 1 1 1 1 1 1 1 1 1 1 1 1 1 1 1 1 1 1 1 1 1 1 1 1 1 1 1 1 1 1 1 1 1 1 1 7 7 7 7 7 100 7 7 1 1 1 1 1 1 1 1 1 1 1 1 1 1 1 1 1 1 1 12 12 12 12 12 12 12 12 12 12 12 12 12 12 12 12 12 12 12 12 12 12 12 12 12 12 12 12 12 12 12 9 9 9 9 9 10 10 10 11 11 11 11 11 11 11 11 11 11 11 11 11 11 11 11 11 11 11 11 11 11 11
ciInstanceKlass sun/java2d/loops/RenderLoops 1 1 45 1 1 1 1 1 1 1 1 1 1 1 1 1 1 1 1 1 1 1 1 1 1 1 7 7 7 1 1 1 1 1 1 1 1 1 1 1 1 12 12 12 9 10 10
staticfield sun/java2d/loops/RenderLoops primTypeID I 19
instanceKlass sun/java2d/d3d/D3DSurfaceDataProxy
instanceKlass sun/java2d/SurfaceDataProxy$1
ciInstanceKlass sun/java2d/SurfaceDataProxy 1 1 265 8 8 8 8 8 8 1 1 1 1 1 1 1 1 1 1 1 1 1 1 1 1 1 1 1 1 1 1 1 1 1 1 1 1 1 1 1 1 1 1 1 1 1 1 1 1 1 1 1 1 1 1 1 1 1 1 1 1 1 1 1 1 1 1 1 1 1 1 1 1 1 1 1 1 1 1 1 1 1 1 1 1 1 1 1 1 1 1 1 1 1 1 1 1 1 1 1 1 1 1 1 1 1 1 1 1 1 7 100 7 7 100 100 100 7 100 100 100 100 7 100 100 100 100 100 7 7 7 7 7 100 7 100 7 7 1 1 1 1 1 1 1 1 1 1 1 1 1 1 1 1 1 1 1 1 1 1 1 1 1 1 12 12 12 12 12 12 12 12 12 12 12 12 12 12 12 12 12 12 12 12 12 12 12 12 12 12 12 12 12 12 12 12 12 12 12 12 12 12 12 12 12 12 12 12 12 12 12 12 9 9 9 9 9 9 9 9 9 9 9 9 9 9 9 9 9 10 10 10 10 10 10 10 10 10 10 10 10 10 10 10 10 10 10 10 10 10 10 10 10 10 10 10 10 10 10 10 10 10 10 10 11 1 1
ciInstanceKlass sun/java2d/SurfaceDataProxy$1 1 1 27 8 1 1 1 1 1 1 1 1 1 1 1 1 1 1 1 100 7 100 1 1 1 12 12 10 10
ciInstanceKlass sun/java2d/StateTracker 1 1 26 1 1 1 1 1 1 1 1 1 1 1 1 1 100 7 7 7 1 12 12 12 9 9 10 10
staticfield sun/java2d/StateTracker ALWAYS_CURRENT Lsun/java2d/StateTracker; sun/java2d/StateTracker$1
staticfield sun/java2d/StateTracker NEVER_CURRENT Lsun/java2d/StateTracker; sun/java2d/StateTracker$2
ciInstanceKlass sun/java2d/StateTracker$2 1 1 16 1 1 1 1 1 1 1 1 1 1 7 100 100 12 10
instanceKlass sun/java2d/d3d/D3DSurfaceData$D3DWindowSurfaceData
ciInstanceKlass sun/java2d/d3d/D3DSurfaceData 1 1 656 3 3 8 8 8 8 1 1 1 1 1 1 1 1 1 1 1 1 1 1 1 1 1 1 1 1 1 1 1 1 1 1 1 1 1 1 1 1 1 1 1 1 1 1 1 1 1 1 1 1 1 1 1 1 1 1 1 1 1 1 1 1 1 1 1 1 1 1 1 1 1 1 1 1 1 1 1 1 1 1 1 1 1 1 1 1 1 1 1 1 1 1 1 1 1 1 1 1 1 1 1 1 1 1 1 1 1 1 1 1 1 1 1 1 1 1 1 1 1 1 1 1 1 1 1 1 1 1 1 1 1 1 1 1 1 1 1 1 1 1 1 1 1 1 1 1 1 1 1 1 1 1 1 1 1 1 1 1 1 1 1 1 1 1 1 1 1 1 1 1 1 1 1 1 1 1 1 1 1 1 1 1 1 1 1 1 1 1 1 1 1 1 1 1 1 1 1 1 1 1 1 1 1 1 1 1 1 1 1 1 1 1 1 1 1 1 1 1 1 1 1 1 1 1 1 1 1 1 1 1 1 1 1 1 1 1 1 1 1 1 1 3 3 3 3 3 3 3 3 3 3 3 6 0 6 0 6 0 100 7 7 100 100 100 100 100 7 7 100 100 100 100 100 100 7 100 100 100 7 100 7 7 7 100 100 7 7 7 7 7 7 7 7 7 7 7 100 100 7 7 7 100 100 7 7 7 7 100 100 7 7 1 1 1 1 1 1 1 1 1 1 1 1 1 1 1 1 1 1 1 1 1 1 1 1 1 1 1 1 1 1 1 1 1 1 1 1 1 1 1 1 1 1 1 1 1 1 1 1 1 1 1 1 1 1 1 1 1 1 1 1 1 1 1 1 1 1 1 1 1 1 1 1 1 12 12 12 12 12 12 12 12 12 12 12 12 12 12 12 12 12 12 12 12 12 12 12 12 12 12 12 12 12 12 12 12 12 12 12 12 12 12 12 12 12 12 12 12 12 12 12 12 12 12 12 12 12 12 12 12 12 12 12 12 12 12 12 12 12 12 12 12 12 12 12 12 12 12 12 12 12 12 12 12 12 12 12 12 12 12 12 12 12 12 12 12 12 12 12 12 12 12 12 12 12 12 12 12 12 12 12 12 12 12 12 12 12 12 12 12 12 12 12 12 12 12 12 12 12 12 12 9 9 9 9 9 9 9 9 9 9 9 9 9 9 9 9 9 9 9 9 9 9 9 9 9 9 9 9 9 9 9 9 9 9 9 9 9 9 9 9 9 9 9 9 9 9 9 10 10 10 10 10 10 10 10 10 10 10 10 10 10 10 10 10 10 10 10 10 10 10 10 10 10 10 10 10 10 10 10 10 10 10 10 10 10 10 10 10 10 10 10 10 10 10 10 10 10 10 10 10 10 10 10 10 10 10 10 10 10 10 10 10 10 10 10 10 10 10 10 10 10 10 10 10 10 10 10 10 10 10 10 10 10 10 10 10 10 10 1 1 1 1 1 1
staticfield sun/java2d/d3d/D3DSurfaceData D3DSurface Lsun/java2d/loops/SurfaceType; sun/java2d/loops/SurfaceType
staticfield sun/java2d/d3d/D3DSurfaceData D3DSurfaceRTT Lsun/java2d/loops/SurfaceType; sun/java2d/loops/SurfaceType
staticfield sun/java2d/d3d/D3DSurfaceData D3DTexture Lsun/java2d/loops/SurfaceType; sun/java2d/loops/SurfaceType
ciInstanceKlass sun/java2d/d3d/D3DDrawImage 1 1 88 1 1 1 1 1 1 1 1 1 1 1 1 1 1 1 1 1 1 1 1 1 1 1 1 1 1 1 1 1 100 100 100 100 100 100 100 7 1 1 1 1 1 1 1 1 1 1 1 1 1 1 1 1 12 12 12 12 12 12 12 12 12 12 12 12 12 12 12 12 12 9 9 9 10 10 10 10 10 10 10 10 10 10 10 10 10 11
ciInstanceKlass sun/java2d/d3d/D3DSurfaceData$D3DWindowSurfaceData 1 1 149 8 8 1 1 1 1 1 1 1 1 1 1 1 1 1 1 1 1 1 1 1 1 1 1 1 1 1 1 1 1 1 1 1 1 1 1 1 1 1 1 1 1 1 1 1 1 1 1 1 1 1 1 1 1 1 1 1 1 7 100 100 7 100 7 7 7 7 7 7 7 100 7 1 1 1 1 1 1 1 1 1 1 1 1 1 1 1 1 1 12 12 12 12 12 12 12 12 12 12 12 12 12 12 12 12 12 12 12 12 12 12 12 12 12 12 12 12 9 9 9 9 9 9 10 10 10 10 10 10 10 10 10 10 10 10 10 10 10 10 10 10 10 10 10 10 11 1 1
instanceKlass java/awt/image/WritableRaster
ciInstanceKlass java/awt/image/Raster 1 1 399 8 8 8 8 8 8 8 8 8 8 8 8 8 8 8 8 8 8 8 8 8 8 8 8 1 1 1 1 1 1 1 1 1 1 1 1 1 1 1 1 1 1 1 1 1 1 1 1 1 1 1 1 1 1 1 1 1 1 1 1 1 1 1 1 1 1 1 1 1 1 1 1 1 1 1 1 1 1 1 1 1 1 1 1 1 1 1 1 1 1 1 1 1 1 1 1 1 1 1 1 1 1 1 1 1 1 1 1 1 1 1 1 1 1 1 1 1 1 1 1 1 1 1 1 1 1 1 1 1 1 1 1 1 1 1 1 1 1 1 1 1 1 1 1 1 1 1 1 1 1 1 1 1 1 1 1 1 1 1 100 7 7 100 7 7 7 7 100 100 7 7 100 7 7 100 100 100 100 100 7 100 100 100 7 100 7 100 100 100 1 1 1 1 1 1 1 1 1 1 1 1 1 1 1 1 1 1 1 1 1 1 1 1 1 1 1 1 1 1 1 1 1 1 1 1 1 1 1 1 1 1 1 1 1 1 1 1 1 12 12 12 12 12 12 12 12 12 12 12 12 12 12 12 12 12 12 12 12 12 12 12 12 12 12 12 12 12 12 12 12 12 12 12 12 12 12 12 12 12 12 12 12 12 12 12 12 12 12 12 12 12 12 12 12 12 12 12 12 12 12 12 12 12 12 12 12 12 9 9 9 9 9 9 9 9 9 9 9 9 9 9 9 9 9 10 10 10 10 10 10 10 10 10 10 10 10 10 10 10 10 10 10 10 10 10 10 10 10 10 10 10 10 10 10 10 10 10 10 10 10 10 10 10 10 10 10 10 10 10 10 10 10 10 10 10 10 10 10 10 10 10 10 10 10 10 10 10 10 10 10 10 10 10 10 10 10 10 10
instanceKlass java/awt/image/DataBufferByte
instanceKlass java/awt/image/DataBufferInt
ciInstanceKlass java/awt/image/DataBuffer 1 1 165 3 8 8 1 1 1 1 1 1 1 1 1 1 1 1 1 1 1 1 1 1 1 1 1 1 1 1 1 1 1 1 1 1 1 1 1 1 1 1 1 1 1 1 1 1 1 1 1 1 1 1 1 1 1 1 1 1 1 1 1 1 1 1 1 1 1 1 1 1 1 1 1 1 1 1 1 1 1 1 1 3 3 3 3 3 3 3 100 100 100 7 7 100 100 7 100 7 100 100 100 7 1 1 1 1 1 1 1 1 1 1 1 12 12 12 12 12 12 12 12 12 12 12 12 12 12 12 12 12 12 12 12 12 12 12 12 9 9 9 9 9 9 9 9 10 10 10 10 10 10 10 10 10 10 10 10 10 10 10 10 10 10 10 1
staticfield java/awt/image/DataBuffer dataTypeSize [I 6
instanceKlass sun/awt/image/SunWritableRaster
ciInstanceKlass java/awt/image/WritableRaster 1 1 219 8 8 8 8 8 1 1 1 1 1 1 1 1 1 1 1 1 1 1 1 1 1 1 1 1 1 1 1 1 1 1 1 1 1 1 1 1 1 1 1 1 1 1 1 1 1 1 1 1 1 1 1 1 1 1 1 1 1 1 1 1 1 1 1 1 1 1 1 1 1 1 1 1 1 100 100 100 100 100 7 100 100 100 100 100 1 1 1 1 1 1 1 1 1 1 1 1 1 1 1 1 1 1 1 1 1 1 1 1 1 1 1 1 1 1 1 1 12 12 12 12 12 12 12 12 12 12 12 12 12 12 12 12 12 12 12 12 12 12 12 12 12 12 12 12 12 12 12 12 12 12 12 12 12 12 12 12 12 12 12 12 12 12 12 12 12 9 9 9 9 9 9 9 9 9 9 9 10 10 10 10 10 10 10 10 10 10 10 10 10 10 10 10 10 10 10 10 10 10 10 10 10 10 10 10 10 10 10 10 10 10 10 10 10 10 10 10 10
instanceKlass java/awt/image/ComponentSampleModel
instanceKlass java/awt/image/SinglePixelPackedSampleModel
ciInstanceKlass java/awt/image/SampleModel 1 1 166 8 8 8 8 8 8 8 8 8 8 1 1 1 1 1 1 1 1 1 1 1 1 1 1 1 1 1 1 1 1 1 1 1 1 1 1 1 1 1 1 1 1 1 1 1 1 1 1 1 1 1 1 1 1 1 1 1 1 1 1 1 1 1 1 1 1 1 1 1 1 1 1 1 1 5 0 100 100 100 100 100 7 100 7 100 100 7 100 1 1 1 1 1 1 1 1 1 1 1 1 1 1 1 1 1 1 1 1 1 1 1 1 1 1 1 1 1 1 1 1 1 12 12 12 12 12 12 12 12 12 12 12 12 12 12 12 12 12 12 12 12 12 9 9 9 9 10 10 10 10 10 10 10 10 10 10 10 10 10 10 10 10 10 10 10
instanceKlass sun/awt/image/IntegerInterleavedRaster
ciInstanceKlass sun/awt/image/IntegerComponentRaster 1 1 335 3 8 8 8 8 8 8 8 8 8 8 8 8 8 8 8 8 8 8 8 8 8 8 8 8 8 8 8 8 8 8 8 8 1 1 1 1 1 1 1 1 1 1 1 1 1 1 1 1 1 1 1 1 1 1 1 1 1 1 1 1 1 1 1 1 1 1 1 1 1 1 1 1 1 1 1 1 1 1 1 1 1 1 1 1 1 1 1 1 1 1 1 1 1 1 1 1 1 1 1 1 1 1 1 1 1 1 1 1 1 1 1 1 1 1 1 1 1 1 1 1 1 1 1 1 1 1 1 1 1 1 1 1 1 1 1 1 1 1 1 1 1 1 1 1 1 1 1 1 1 1 1 1 1 1 1 1 1 3 3 3 3 3 3 3 3 3 3 3 3 100 7 7 100 7 100 100 100 7 100 100 100 100 100 7 7 7 1 1 1 1 1 1 1 1 1 1 1 1 1 1 1 1 1 1 1 1 1 1 1 12 12 12 12 12 12 12 12 12 12 12 12 12 12 12 12 12 12 12 12 12 12 12 12 12 12 12 12 12 12 12 12 12 12 12 12 12 12 12 12 12 12 12 12 12 12 12 12 12 12 12 12 12 12 12 12 12 12 9 9 9 9 9 9 9 9 9 9 9 9 9 9 9 9 9 9 9 9 9 9 9 10 10 10 10 10 10 10 10 10 10 10 10 10 10 10 10 10 10 10 10 10 10 10 10 10 10 10 10 10 10 10 10 10 10 10 10 10 10 10 10 10 10 10
ciInstanceKlass sun/awt/image/IntegerInterleavedRaster 1 1 253 8 8 8 8 8 8 8 8 8 8 8 8 8 8 8 8 1 1 1 1 1 1 1 1 1 1 1 1 1 1 1 1 1 1 1 1 1 1 1 1 1 1 1 1 1 1 1 1 1 1 1 1 1 1 1 1 1 1 1 1 1 1 1 1 1 1 1 1 1 1 1 1 1 1 1 1 1 1 1 1 1 1 1 1 1 1 1 1 1 1 1 1 1 1 1 1 1 1 1 1 1 1 1 1 100 7 7 100 7 100 100 7 7 100 100 100 100 100 7 7 1 1 1 1 1 1 1 1 1 1 1 1 1 1 1 1 1 1 1 1 1 1 1 12 12 12 12 12 12 12 12 12 12 12 12 12 12 12 12 12 12 12 12 12 12 12 12 12 12 12 12 12 12 12 12 12 12 12 12 12 12 12 12 12 12 12 12 12 12 12 12 12 12 12 9 9 9 9 9 9 9 9 9 9 9 9 9 9 9 9 9 9 9 9 9 10 10 10 10 10 10 10 10 10 10 10 10 10 10 10 10 10 10 10 10 10 10 10 10 10 10 10 10 10 10 10 10 10 10 10 10 10
ciInstanceKlass sun/java2d/d3d/D3DVolatileSurfaceManager 1 1 199 8 8 1 1 1 1 1 1 1 1 1 1 1 1 1 1 1 1 1 1 1 1 1 1 1 1 1 1 1 1 1 1 1 1 1 1 1 1 1 1 1 1 1 1 1 1 1 1 1 1 1 1 1 1 1 1 1 1 1 1 1 1 1 1 1 1 1 1 1 1 1 1 1 1 1 1 1 1 1 1 7 7 100 100 7 100 100 100 100 100 100 7 100 7 7 100 100 100 100 7 7 100 7 7 100 1 1 1 1 1 1 1 1 1 1 1 1 1 1 1 1 1 1 12 12 12 12 12 12 12 12 12 12 12 12 12 12 12 12 12 12 12 12 12 12 12 12 12 12 12 12 12 12 12 12 12 12 12 12 12 9 9 9 9 9 10 10 10 10 10 10 10 10 10 10 10 10 10 10 10 10 10 10 10 10 10 10 10 10 10 10 10 10 10 10 10 10 1
ciInstanceKlass sun/awt/image/MultiResolutionImage 0 0 11 1 1 1 1 1 100 100 1 1 1
instanceKlass sun/awt/image/MultiResolutionToolkitImage
ciInstanceKlass sun/awt/image/ToolkitImage 1 1 180 8 8 1 1 1 1 1 1 1 1 1 1 1 1 1 1 1 1 1 1 1 1 1 1 1 1 1 1 1 1 1 1 1 1 1 1 1 1 1 1 1 1 1 1 1 1 1 1 1 1 1 1 1 1 1 1 1 1 1 1 1 1 1 1 1 1 1 1 1 1 1 1 1 1 7 7 100 100 100 100 7 100 100 100 100 7 7 7 7 1 1 1 1 1 1 1 1 1 1 1 1 1 1 1 1 1 1 1 12 12 12 12 12 12 12 12 12 12 12 12 12 12 12 12 12 12 12 12 12 12 12 12 12 12 12 12 12 12 12 12 12 12 9 9 9 9 9 9 9 9 9 10 10 10 10 10 10 10 10 10 10 10 10 10 10 10 10 10 10 10 10 10 10 10 10 10 10 10 11
ciInstanceKlass sun/java2d/d3d/D3DSurfaceDataProxy 1 1 70 1 1 1 1 1 1 1 1 1 1 1 1 1 1 1 1 1 1 1 1 1 1 1 1 1 1 1 1 100 7 7 7 100 7 7 1 1 1 1 1 1 1 1 12 12 12 12 12 12 12 12 12 12 12 12 12 9 9 9 10 10 10 10 10 10 10 10 10 10
ciInstanceKlass java/awt/image/ComponentColorModel 1 1 441 3 4 4 4 4 4 4 4 4 4 4 4 4 8 8 8 8 8 8 8 8 8 8 1 1 1 1 1 1 1 1 1 1 1 1 1 1 1 1 1 1 1 1 1 1 1 1 1 1 1 1 1 1 1 1 1 1 1 1 1 1 1 1 1 1 1 1 1 1 1 1 1 1 1 1 1 1 1 1 1 1 1 1 1 1 1 1 1 1 1 1 1 1 1 1 1 1 1 1 1 1 1 1 1 1 1 1 1 1 1 1 1 1 1 1 1 1 1 1 1 1 1 1 1 1 1 1 1 1 1 1 1 1 1 1 1 1 1 1 1 1 1 1 1 1 1 1 1 1 1 1 1 1 1 1 1 1 1 1 1 1 1 1 1 1 1 1 1 1 6 0 6 0 6 0 6 0 6 0 6 0 6 0 6 0 7 100 100 100 100 7 100 7 7 7 7 100 7 7 100 100 100 100 100 100 100 1 1 1 1 1 1 1 1 1 1 1 1 1 1 1 1 1 1 1 1 1 1 1 1 1 1 1 1 1 1 1 1 1 1 1 12 12 12 12 12 12 12 12 12 12 12 12 12 12 12 12 12 12 12 12 12 12 12 12 12 12 12 12 12 12 12 12 12 12 12 12 12 12 12 12 12 12 12 12 12 12 12 12 12 12 12 12 12 12 12 12 12 12 12 12 12 12 12 12 12 12 12 12 12 12 12 12 12 12 12 12 12 12 12 12 12 12 12 12 12 12 12 12 12 12 12 12 12 12 12 12 12 9 9 9 9 9 9 9 9 9 9 9 9 9 9 9 9 9 9 9 9 9 9 9 9 9 9 9 9 10 10 10 10 10 10 10 10 10 10 10 10 10 10 10 10 10 10 10 10 10 10 10 10 10 10 10 10 10 10 10 10 10 10 10 10 10 10 10 10 10 10 10 10 10 10 10 10 10 10 10 10 10 10 10 10 10 10 10 10 10 10 10 10 10 10 10 10 10 10 10 10 10 10
ciInstanceKlass sun/awt/image/ByteInterleavedRaster 1 1 326 8 8 8 8 8 8 8 8 8 8 8 8 8 8 1 1 1 1 1 1 1 1 1 1 1 1 1 1 1 1 1 1 1 1 1 1 1 1 1 1 1 1 1 1 1 1 1 1 1 1 1 1 1 1 1 1 1 1 1 1 1 1 1 1 1 1 1 1 1 1 1 1 1 1 1 1 1 1 1 1 1 1 1 1 1 1 1 1 1 1 1 1 1 1 1 1 1 1 1 1 1 1 1 1 1 1 1 1 1 1 1 1 1 1 1 1 1 1 1 1 1 1 1 1 1 1 1 1 1 1 1 1 1 1 1 7 100 7 7 7 7 7 7 7 100 7 100 100 100 100 100 7 7 7 1 1 1 1 1 1 1 1 1 1 1 1 1 1 1 1 1 1 1 1 1 1 1 1 1 12 12 12 12 12 12 12 12 12 12 12 12 12 12 12 12 12 12 12 12 12 12 12 12 12 12 12 12 12 12 12 12 12 12 12 12 12 12 12 12 12 12 12 12 12 12 12 12 12 12 12 12 12 12 12 12 12 12 12 12 12 12 12 12 12 12 12 12 9 9 9 9 9 9 9 9 9 9 9 9 9 9 9 9 9 9 9 9 9 9 9 9 9 9 9 10 10 10 10 10 10 10 10 10 10 10 10 10 10 10 10 10 10 10 10 10 10 10 10 10 10 10 10 10 10 10 10 10 10 10 10 10 10 10 10 10 10 10 10 10 10 10 10 10 10 10
ciInstanceKlass sun/awt/image/ShortComponentRaster 0 0 302 3 8 8 8 8 8 8 8 8 8 8 8 8 8 8 8 8 8 8 8 8 8 8 8 8 8 8 8 8 1 1 1 1 1 1 1 1 1 1 1 1 1 1 1 1 1 1 1 1 1 1 1 1 1 1 1 1 1 1 1 1 1 1 1 1 1 1 1 1 1 1 1 1 1 1 1 1 1 1 1 1 1 1 1 1 1 1 1 1 1 1 1 1 1 1 1 1 1 1 1 1 1 1 1 1 1 1 1 1 1 1 1 1 1 1 1 1 1 1 1 1 1 1 1 1 1 1 1 1 1 1 1 1 1 1 1 1 1 1 1 1 1 1 1 100 100 100 100 100 100 100 100 100 100 100 100 100 100 100 100 100 100 100 1 1 1 1 1 1 1 1 1 1 1 1 1 1 1 1 1 1 1 1 1 1 1 12 12 12 12 12 12 12 12 12 12 12 12 12 12 12 12 12 12 12 12 12 12 12 12 12 12 12 12 12 12 12 12 12 12 12 12 12 12 12 12 12 12 12 12 12 12 12 12 12 12 12 12 12 12 9 9 9 9 9 9 9 9 9 9 9 9 9 9 9 9 9 9 9 9 9 10 10 10 10 10 10 10 10 10 10 10 10 10 10 10 10 10 10 10 10 10 10 10 10 10 10 10 10 10 10 10 10 10 10 10 10 10 10 10 10
ciInstanceKlass sun/awt/image/BufImgSurfaceManager 1 1 28 1 1 1 1 1 1 1 1 1 1 1 7 7 7 1 1 1 1 1 12 12 12 12 9 9 10 10
ciInstanceKlass sun/awt/image/BufImgSurfaceData 1 1 399 3 3 3 3 3 3 8 8 8 8 7 7 1 1 1 1 1 1 1 1 1 1 1 1 1 1 1 1 1 1 1 1 1 1 1 1 1 1 1 1 1 1 1 1 1 1 1 1 1 1 1 1 1 1 1 1 1 1 1 1 1 1 1 1 1 1 1 1 1 1 1 1 1 1 1 1 1 1 1 1 1 1 1 1 1 1 1 1 1 1 1 1 1 1 1 1 1 1 1 1 1 1 1 1 1 1 1 1 1 1 1 1 1 1 1 1 1 1 1 1 1 1 1 1 1 1 1 1 1 1 1 1 1 1 1 1 1 1 1 1 1 1 1 1 1 1 1 1 1 1 1 3 3 3 3 3 3 3 7 7 7 100 100 100 100 100 100 7 7 100 7 100 7 100 7 7 7 7 7 7 1 1 1 1 1 1 1 1 1 1 1 1 1 1 1 1 1 1 1 1 1 1 1 1 1 1 1 1 1 1 1 1 1 1 12 12 12 12 12 12 12 12 12 12 12 12 12 12 12 12 12 12 12 12 12 12 12 12 12 12 12 12 12 12 12 12 12 12 12 12 12 12 12 12 12 12 12 12 12 12 12 12 12 12 12 12 12 12 12 12 12 12 12 12 12 12 12 12 12 12 12 12 12 12 12 12 12 12 12 12 12 12 12 12 12 9 9 9 9 9 9 9 9 9 9 9 9 9 9 9 9 9 9 9 9 9 9 9 9 9 9 9 9 9 9 9 9 9 9 9 9 9 10 10 10 10 10 10 10 10 10 10 10 10 10 10 10 10 10 10 10 10 10 10 10 10 10 10 10 10 10 10 10 10 10 10 10 10 10 10 10 10 10 10 10 10 10 10 10 10 10 10 10 10 10 10 10 10 10 10 10 10 10 10 10 10 10 1
ciInstanceKlass sun/awt/image/ImageRepresentation 1 1 437 3 3 3 8 8 1 1 1 1 1 1 1 1 1 1 1 1 1 1 1 1 1 1 1 1 1 1 1 1 1 1 1 1 1 1 1 1 1 1 1 1 1 1 1 1 1 1 1 1 1 1 1 1 1 1 1 1 1 1 1 1 1 1 1 1 1 1 1 1 1 1 1 1 1 1 1 1 1 1 1 1 1 1 1 1 1 1 1 1 1 1 1 1 1 1 1 1 1 1 1 1 1 1 1 1 1 1 1 1 1 1 1 1 1 1 1 1 1 1 1 1 1 1 1 1 1 1 1 1 1 1 1 1 1 1 1 1 1 1 1 1 1 1 1 1 1 1 1 1 1 1 1 1 1 1 1 1 1 1 100 100 7 100 7 7 100 7 100 100 7 7 100 7 100 100 100 7 7 7 100 100 7 7 7 7 100 7 100 7 1 1 1 1 1 1 1 1 1 1 1 1 1 1 1 1 1 1 1 1 1 1 1 1 1 1 1 1 1 1 1 1 1 1 1 1 1 1 1 1 1 1 1 1 1 1 12 12 12 12 12 12 12 12 12 12 12 12 12 12 12 12 12 12 12 12 12 12 12 12 12 12 12 12 12 12 12 12 12 12 12 12 12 12 12 12 12 12 12 12 12 12 12 12 12 12 12 12 12 12 12 12 12 12 12 12 12 12 12 12 12 12 12 12 12 12 12 12 12 12 12 12 12 12 12 12 12 12 12 12 12 12 12 12 12 12 12 12 12 12 12 12 12 12 12 9 9 9 9 9 9 9 9 9 9 9 9 9 9 9 9 9 9 9 9 10 10 10 10 10 10 10 10 10 10 10 10 10 10 10 10 10 10 10 10 10 10 10 10 10 10 10 10 10 10 10 10 10 10 10 10 10 10 10 10 10 10 10 10 10 10 10 10 10 10 10 10 10 10 10 10 10 10 10 10 10 10 10 10 10 10 10 10 10 10 10 10 10 10 10 10 10 10 10 11 11 11
ciMethod sun/awt/image/ShortComponentRaster getPixelStride ()I 0 0 1 0 -1
ciMethodData sun/java2d/StateTrackableDelegate markDirty ()V 2 32005 orig 264 208 132 49 119 0 0 0 0 160 206 234 250 196 1 0 0 32 1 0 0 0 0 0 0 0 0 0 0 0 0 0 0 0 0 0 0 0 0 0 0 0 0 0 0 0 0 0 0 0 0 0 0 0 0 0 0 0 0 0 0 0 0 0 0 0 0 0 0 0 0 0 0 0 0 0 0 0 0 0 0 77 68 79 32 101 120 116 114 97 32 100 97 116 97 32 108 111 99 107 0 0 0 0 0 0 0 0 0 0 0 0 0 0 0 0 0 0 0 0 0 0 0 0 0 0 0 0 0 0 0 0 0 0 0 0 0 0 0 0 0 0 0 0 0 0 0 0 0 0 0 0 0 0 0 0 0 0 0 0 0 0 0 0 0 0 0 0 0 0 0 0 0 0 0 0 0 0 0 0 0 0 0 0 0 0 0 0 0 0 0 0 0 0 0 0 0 0 0 0 0 0 0 0 0 0 0 0 0 0 0 0 0 0 0 0 0 161 0 0 0 33 227 3 0 1 0 0 0 0 0 0 0 0 0 0 0 2 0 0 0 0 0 3 0 1 0 0 0 0 0 0 0 255 255 255 255 0 0 0 0 0 0 0 0 data 0 oops 0
ciMethod sun/awt/image/BufImgSurfaceManager <init> (Ljava/awt/image/BufferedImage;)V 377 1 53 0 0
ciMethod sun/awt/image/BufImgSurfaceManager getPrimarySurfaceData ()Lsun/java2d/SurfaceData; 1025 1 128 0 0
ciMethod sun/awt/image/BufImgSurfaceData createData (Ljava/awt/image/BufferedImage;)Lsun/java2d/SurfaceData; 393 1 1632 0 0
ciMethod sun/awt/image/BufImgSurfaceData createDataIC (Ljava/awt/image/BufferedImage;Lsun/java2d/loops/SurfaceType;)Lsun/java2d/SurfaceData; 33 1 4 0 -1
ciMethod sun/awt/image/BufImgSurfaceData createDataSC (Ljava/awt/image/BufferedImage;Lsun/java2d/loops/SurfaceType;Ljava/awt/image/IndexColorModel;)Lsun/java2d/SurfaceData; 0 0 1 0 -1
ciMethod sun/awt/image/BufImgSurfaceData createDataBC (Ljava/awt/image/BufferedImage;Lsun/java2d/loops/SurfaceType;I)Lsun/java2d/SurfaceData; 4241 1 1628 0 -1
ciMethod sun/awt/image/BufImgSurfaceData createDataBP (Ljava/awt/image/BufferedImage;Lsun/java2d/loops/SurfaceType;)Lsun/java2d/SurfaceData; 0 0 1 0 -1
ciMethod sun/awt/image/BufImgSurfaceData <init> (Ljava/awt/image/DataBuffer;Ljava/awt/image/BufferedImage;Lsun/java2d/loops/SurfaceType;)V 4121 1 1632 0 -1
ciMethod sun/awt/image/BufImgSurfaceData initSolidLoops ()V 4249 1 1632 0 -1
ciMethod sun/awt/image/ImageRepresentation drawToBufImage (Ljava/awt/Graphics;Lsun/awt/image/ToolkitImage;IIIILjava/awt/Color;Ljava/awt/image/ImageObserver;)Z 0 0 1 0 -1
ciMethodData sun/java2d/loops/GraphicsPrimitiveMgr locatePrim (ILsun/java2d/loops/SurfaceType;Lsun/java2d/loops/CompositeType;Lsun/java2d/loops/SurfaceType;)Lsun/java2d/loops/GraphicsPrimitive; 2 79634 orig 264 208 132 49 119 0 0 0 0 8 176 15 251 196 1 0 0 232 2 0 0 40 1 0 0 0 0 0 0 0 0 0 0 0 0 0 0 0 0 0 0 0 0 0 0 0 0 0 0 0 0 0 0 0 0 0 0 0 0 0 0 0 0 0 0 0 0 0 0 0 0 0 0 0 0 0 0 0 0 0 0 77 68 79 32 101 120 116 114 97 32 100 97 116 97 32 108 111 99 107 0 0 0 0 0 0 0 0 0 0 0 0 0 0 0 0 0 0 0 0 0 0 0 0 0 0 0 0 0 0 0 0 0 0 0 0 0 0 0 0 0 0 0 0 0 0 0 0 0 0 0 0 0 0 0 0 0 0 0 0 0 0 0 0 0 0 0 0 0 0 0 0 0 0 0 0 0 0 0 0 0 0 0 0 0 25 0 0 0 0 0 0 0 0 0 0 0 0 0 0 0 8 0 0 0 0 0 0 0 0 0 0 0 0 0 0 0 79 20 0 0 89 36 0 0 97 21 9 0 0 0 0 0 0 0 0 0 2 0 0 0 3 0 15 0 2 0 0 0 136 1 0 0 255 255 255 255 2 0 5 0 0 0 0 0 data 49 0x50002 0x48b 0xf0007 0x48a 0x178 0x1229 0x170007 0x1228 0x110 0x3679 0x1f0007 0x3678 0xa8 0xd9e3 0x2b0002 0xd9e3 0x330002 0xd9e3 0x3a0007 0xd9e2 0x20 0x1 0x420005 0x1a0 0x1c4fc82abf0 0xd842 0x0 0x0 0x470003 0xd9e2 0xffffffffffffff70 0x4c0005 0x68 0x1c4fc82d8b0 0x3610 0x0 0x0 0x510003 0x3678 0xffffffffffffff08 0x560005 0x23 0x1c4fc82d8b0 0x1205 0x0 0x0 0x5b0003 0x1228 0xfffffffffffffea0 oops 3 24 sun/java2d/loops/CompositeType 33 sun/java2d/loops/SurfaceType 42 sun/java2d/loops/SurfaceType
ciMethodData sun/java2d/loops/RenderCache get (Lsun/java2d/loops/SurfaceType;Lsun/java2d/loops/CompositeType;Lsun/java2d/loops/SurfaceType;)Ljava/lang/Object; 2 88523 orig 264 208 132 49 119 0 0 0 0 144 72 237 250 196 1 0 0 176 2 0 0 88 0 0 0 0 0 0 0 0 0 0 0 0 0 0 0 0 0 0 0 0 0 0 0 0 0 0 0 0 0 0 0 0 0 0 0 0 0 0 0 0 0 0 0 0 0 0 0 0 0 0 0 0 0 0 0 0 0 0 0 77 68 79 32 101 120 116 114 97 32 100 97 116 97 32 108 111 99 107 0 0 0 0 0 0 0 0 0 0 0 0 0 0 0 0 0 0 0 0 0 0 0 0 0 0 0 0 0 0 0 0 0 0 0 0 0 0 0 0 0 0 0 0 0 1 0 0 0 0 0 0 0 0 0 0 0 0 0 0 0 0 0 0 0 0 0 0 0 0 0 0 0 0 0 0 0 0 0 0 0 0 0 0 0 0 0 0 0 0 0 0 0 0 0 0 0 0 0 0 0 0 0 0 0 0 0 0 0 0 0 0 0 0 0 0 0 4 1 0 0 41 198 10 0 169 6 0 0 188 21 0 0 3 0 0 0 2 0 0 0 1 0 23 0 2 0 0 0 80 1 0 0 255 255 255 255 7 0 15 0 0 0 0 0 data 42 0xf0007 0x0 0x150 0x1599a 0x1d0007 0xada9 0x38 0xabf1 0x200003 0xabf1 0x110 0x280005 0xa2d9 0x1c4fba94fd0 0xad0 0x0 0x0 0x2b0007 0xd5 0xb0 0xacd5 0x340007 0xacd3 0x60 0x2 0x4a0002 0x2 0x550004 0x0 0x1c4fba94fd0 0x2 0x0 0x0 0x580005 0xa208 0x1c4fba94fd0 0xacd 0x0 0x0 0x5f0003 0xd5 0xfffffffffffffec8 oops 3 13 sun/java2d/loops/RenderCache$Entry 29 sun/java2d/loops/RenderCache$Entry 35 sun/java2d/loops/RenderCache$Entry
ciMethodData sun/java2d/loops/RenderCache$Entry matches (Lsun/java2d/loops/SurfaceType;Lsun/java2d/loops/CompositeType;Lsun/java2d/loops/SurfaceType;)Z 2 44588 orig 264 208 132 49 119 0 0 0 0 200 77 237 250 196 1 0 0 216 1 0 0 64 0 0 0 0 0 0 0 0 0 0 0 0 0 0 0 0 0 0 0 0 0 0 0 0 0 0 0 0 0 0 0 0 0 0 0 0 0 0 0 0 0 0 0 0 0 0 0 0 0 0 0 0 0 0 0 0 0 0 0 77 68 79 32 101 120 116 114 97 32 100 97 116 97 32 108 111 99 107 0 0 0 0 0 0 0 0 0 0 0 0 0 0 0 0 0 0 0 0 0 0 0 0 0 0 0 0 0 0 0 0 0 0 0 0 0 0 0 0 0 0 0 0 0 0 0 0 0 0 0 0 0 0 0 0 0 0 0 0 0 0 0 0 0 0 0 0 0 0 0 0 0 0 0 0 0 0 0 0 1 0 0 0 0 0 0 0 0 0 0 0 0 0 0 0 0 0 0 0 0 0 0 0 0 0 0 0 0 0 0 0 0 0 0 0 0 133 0 0 0 57 109 5 0 1 0 0 0 228 10 0 0 0 0 0 0 2 0 0 0 0 0 11 0 2 0 0 0 120 0 0 0 255 255 255 255 7 0 5 0 0 0 0 0 data 15 0x50007 0xaf 0x78 0xacf8 0xd0007 0x4 0x58 0xacf4 0x15e007 0x22 0x38 0xacd3 0x190003 0xacd3 0x18 oops 0
ciMethodData java/awt/Image getAccelerationPriority ()F 2 67521 orig 264 208 132 49 119 0 0 0 0 24 136 211 250 196 1 0 0 32 1 0 0 0 0 0 0 0 0 0 0 0 0 0 0 0 0 0 0 0 0 0 0 0 0 0 0 0 0 0 0 0 0 0 0 0 0 0 0 0 0 0 0 0 0 0 0 0 0 0 0 0 0 0 0 0 0 0 0 0 0 0 0 77 68 79 32 101 120 116 114 97 32 100 97 116 97 32 108 111 99 107 0 0 0 0 0 0 0 0 0 0 0 0 0 0 0 0 0 0 0 0 0 0 0 0 0 0 0 0 0 0 0 0 0 0 0 0 0 0 0 0 0 0 0 0 0 0 0 0 0 0 0 0 0 0 0 0 0 0 0 0 0 0 0 0 0 0 0 0 0 0 0 0 0 0 0 0 0 0 0 0 0 0 0 0 0 0 0 0 0 0 0 0 0 0 0 0 0 0 0 0 0 0 0 0 0 0 0 0 0 0 0 0 0 0 0 0 0 2 1 0 0 249 53 8 0 1 0 0 0 0 0 0 0 0 0 0 0 2 0 0 0 0 0 3 0 1 0 0 0 0 0 0 0 255 255 255 255 0 0 0 0 0 0 0 0 data 0 oops 0
ciMethodData sun/awt/image/SurfaceManager getManager (Ljava/awt/Image;)Lsun/awt/image/SurfaceManager; 2 5497 orig 264 208 132 49 119 0 0 0 0 136 144 237 250 196 1 0 0 16 2 0 0 0 0 0 0 0 0 0 0 0 0 0 0 0 0 0 0 0 0 0 0 0 0 0 0 0 0 0 0 0 0 0 0 0 0 0 0 0 0 0 0 0 0 0 0 0 0 0 0 0 0 0 0 0 0 0 0 0 0 0 0 77 68 79 32 101 120 116 114 97 32 100 97 116 97 32 108 111 99 107 0 0 0 0 0 0 0 0 0 0 0 0 0 0 0 0 0 0 0 0 0 0 0 0 0 0 0 0 0 0 0 0 0 0 0 0 0 0 0 0 0 0 0 0 0 0 0 0 0 0 0 0 0 0 0 0 0 0 0 0 0 0 0 0 0 0 0 0 0 0 0 0 0 0 0 0 0 0 0 0 0 0 0 0 0 0 0 0 0 0 0 0 0 0 0 0 0 0 0 0 0 0 0 0 0 0 0 0 0 0 0 0 0 0 0 0 0 5 1 0 0 161 163 0 0 1 0 0 0 0 0 0 0 0 0 0 0 2 0 0 0 0 0 8 0 2 0 0 0 200 0 0 0 255 255 255 255 5 0 4 0 0 0 0 0 data 25 0x40005 0x0 0x1c4fc80c490 0x1474 0x0 0x0 0x90007 0x146e 0x98 0x6 0xd0004 0x0 0x1c4fd446ae0 0x6 0x0 0x0 0x160002 0x6 0x1c0002 0x6 0x1f0003 0x6 0x28 0x290002 0x0 oops 2 2 java/awt/Image$1 12 java/awt/image/BufferedImage
ciMethodData sun/awt/image/BufImgSurfaceManager <init> (Ljava/awt/image/BufferedImage;)V 1 53 orig 264 208 132 49 119 0 0 0 0 192 208 136 132 196 1 0 0 112 1 0 0 0 0 0 0 0 0 0 0 0 0 0 0 0 0 0 0 0 0 0 0 0 0 0 0 0 0 0 0 0 0 0 0 0 0 0 0 0 0 0 0 0 0 0 0 0 0 0 0 0 0 0 0 0 0 0 0 0 0 0 0 77 68 79 32 101 120 116 114 97 32 100 97 116 97 32 108 111 99 107 0 0 0 0 0 0 0 0 0 0 0 0 0 0 0 0 0 0 0 0 0 0 0 0 0 0 0 0 0 0 0 0 0 0 0 0 0 0 0 0 0 0 0 0 0 0 0 0 0 0 0 0 0 0 0 0 0 0 0 0 0 0 0 0 0 0 0 0 0 0 0 0 0 0 0 0 0 0 0 0 0 0 0 0 0 0 0 0 0 0 0 0 0 0 0 0 0 0 0 0 0 0 0 0 0 0 0 0 0 0 0 0 0 0 0 0 0 47 0 0 0 49 0 0 0 1 0 0 0 0 0 0 0 0 0 0 0 2 0 0 0 0 0 0 0 0 0 0 0 32 0 0 0 255 255 255 255 2 0 1 0 0 0 0 0 data 4 0x10002 0x6 0xb0002 0x6 oops 0
ciMethodData sun/awt/image/SurfaceManager <init> ()V 1 60 orig 264 208 132 49 119 0 0 0 0 32 143 237 250 196 1 0 0 48 1 0 0 0 0 0 0 0 0 0 0 0 0 0 0 0 0 0 0 0 0 0 0 0 0 0 0 0 0 0 0 0 0 0 0 0 0 0 0 0 0 0 0 0 0 0 0 0 0 0 0 0 0 0 0 0 0 0 0 0 0 0 0 77 68 79 32 101 120 116 114 97 32 100 97 116 97 32 108 111 99 107 0 0 0 0 0 0 0 0 0 0 0 0 0 0 0 0 0 0 0 0 0 0 0 0 0 0 0 0 0 0 0 0 0 0 0 0 0 0 0 0 0 0 0 0 0 0 0 0 0 0 0 0 0 0 0 0 0 0 0 0 0 0 0 0 0 0 0 0 0 0 0 0 0 0 0 0 0 0 0 0 0 0 0 0 0 0 0 0 0 0 0 0 0 0 0 0 0 0 0 0 0 0 0 0 0 0 0 0 0 0 0 0 0 0 0 0 0 49 0 0 0 89 0 0 0 1 0 0 0 0 0 0 0 0 0 0 0 2 0 0 0 0 0 0 0 0 0 0 0 16 0 0 0 255 255 255 255 2 0 1 0 0 0 0 0 data 2 0x10002 0xb oops 0
ciMethodData sun/awt/image/BufImgSurfaceData createData (Ljava/awt/image/BufferedImage;)Lsun/java2d/SurfaceData; 2 1641 orig 264 208 132 49 119 0 0 0 0 0 231 136 132 196 1 0 0 152 17 0 0 224 15 0 0 0 0 0 0 0 0 0 0 0 0 0 0 0 0 0 0 0 0 0 0 0 0 0 0 0 0 0 0 0 0 0 0 0 0 0 0 0 0 0 0 0 0 0 0 0 0 0 0 0 0 0 0 0 0 0 0 77 68 79 32 101 120 116 114 97 32 100 97 116 97 32 108 111 99 107 0 0 0 0 0 0 0 0 0 0 0 0 0 0 0 0 0 0 0 0 0 0 0 0 0 0 0 0 0 0 0 0 0 0 0 0 0 0 0 0 0 0 0 0 0 0 0 0 0 0 0 0 0 0 0 0 0 0 0 0 0 0 0 0 0 0 0 0 0 0 0 0 0 0 0 0 0 0 0 0 0 0 0 0 0 0 0 0 0 0 0 0 0 0 0 0 0 0 0 0 0 0 0 0 0 0 0 0 0 0 0 0 0 0 0 0 0 49 0 0 0 193 49 0 0 1 0 0 0 0 0 0 0 0 0 0 0 2 0 0 0 0 0 0 0 0 0 0 0 80 16 0 0 255 255 255 255 7 0 1 0 0 0 0 0 data 522 0x10007 0x638 0x30 0x0 0xa0002 0x0 0xf0005 0x0 0x1c4fd446ae0 0x638 0x0 0x0 0x140005 0x0 0x1c4fd446ae0 0x638 0x0 0x0 0x190008 0x1e 0x0 0x5a0 0x0 0x5a0 0x0 0x128 0x0 0x150 0x0 0x178 0x0 0x100 0x0 0x1a0 0x634 0x1c8 0x0 0x1f0 0x0 0x218 0x0 0x240 0x0 0x3e0 0x0 0x408 0x0 0x430 0x4 0x268 0x640002 0x0 0x680003 0x0 0xe50 0x6f0002 0x0 0x730003 0x0 0xe28 0x7a0002 0x0 0x7e0003 0x0 0xe00 0x850002 0x0 0x890003 0x0 0xdd8 0x910002 0x0 0x950003 0x0 0xdb0 0x9d0002 0x634 0xa10003 0x634 0xd88 0xa90002 0x0 0xad0003 0x0 0xd60 0xb50002 0x0 0xb90003 0x0 0xd38 0xc10002 0x0 0xc50003 0x0 0xd10 0xc90005 0x0 0x1c4fc71f400 0x4 0x0 0x0 0xcc0008 0x8 0x0 0x110 0x0 0x50 0x4 0xe0 0x0 0xf8 0xe90004 0x0 0x0 0x0 0x0 0x0 0xec0002 0x0 0xef0007 0x0 0x38 0x0 0xf70003 0x0 0x70 0xff0003 0x0 0x58 0x1070003 0x4 0x40 0x10f0003 0x0 0x28 0x1180002 0x0 0x1200002 0x4 0x1240003 0x4 0xb98 0x12c0002 0x0 0x1300003 0x0 0xb70 0x1380002 0x0 0x13c0003 0x0 0xb48 0x1400005 0x0 0x0 0x0 0x0 0x0 0x1430005 0x0 0x0 0x0 0x0 0x0 0x14b0005 0x0 0x0 0x0 0x0 0x0 0x14e0008 0xa 0x0 0xa8 0x0 0x60 0x0 0x78 0x0 0xa8 0x0 0x90 0x1710003 0x0 0x58 0x1790003 0x0 0x40 0x1810003 0x0 0x28 0x18a0002 0x0 0x1910002 0x0 0x1950003 0x0 0x9d8 0x1990005 0x0 0x0 0x0 0x0 0x0 0x1a00005 0x0 0x0 0x0 0x0 0x0 0x1a70004 0x0 0x0 0x0 0x0 0x0 0x1aa0007 0x0 0x3c8 0x0 0x1af0005 0x0 0x0 0x0 0x0 0x0 0x1b30007 0x0 0x378 0x0 0x1b80004 0x0 0x0 0x0 0x0 0x0 0x1bb0005 0x0 0x0 0x0 0x0 0x0 0x1bf0007 0x0 0x2f8 0x0 0x1c80004 0x0 0x0 0x0 0x0 0x0 0x1cb0007 0x0 0x280 0x0 0x1cf0004 0x0 0x0 0x0 0x0 0x0 0x1d60005 0x0 0x0 0x0 0x0 0x0 0x1dd0005 0x0 0x0 0x0 0x0 0x0 0x1e40005 0x0 0x0 0x0 0x0 0x0 0x1eb0005 0x0 0x0 0x0 0x0 0x0 0x1f30007 0x0 0xb8 0x0 0x1f80007 0x0 0x98 0x0 0x1ff0007 0x0 0x78 0x0 0x2060007 0x0 0x58 0x0 0x20d0007 0x0 0x38 0x0 0x2150003 0x0 0xd0 0x21b0007 0x0 0xb8 0x0 0x2220007 0x0 0x98 0x0 0x2290007 0x0 0x78 0x0 0x2300007 0x0 0x58 0x0 0x2380007 0x0 0x38 0x0 0x2400003 0x0 0x18 0x24b0002 0x0 0x24f0003 0x0 0x580 0x2540004 0x0 0x0 0x0 0x0 0x0 0x2570007 0x0 0x4f8 0x0 0x25c0005 0x0 0x0 0x0 0x0 0x0 0x2600007 0x0 0x4a8 0x0 0x2650004 0x0 0x0 0x0 0x0 0x0 0x2680005 0x0 0x0 0x0 0x0 0x0 0x26c0007 0x0 0x428 0x0 0x2780004 0x0 0x0 0x0 0x0 0x0 0x27b0007 0x0 0x280 0x0 0x27f0004 0x0 0x0 0x0 0x0 0x0 0x2860005 0x0 0x0 0x0 0x0 0x0 0x28d0005 0x0 0x0 0x0 0x0 0x0 0x2940005 0x0 0x0 0x0 0x0 0x0 0x29b0005 0x0 0x0 0x0 0x0 0x0 0x2a30007 0x0 0xb8 0x0 0x2a80007 0x0 0x98 0x0 0x2af0007 0x0 0x78 0x0 0x2b70007 0x0 0x58 0x0 0x2be0007 0x0 0x38 0x0 0x2c60003 0x0 0xb8 0x2cc0007 0x0 0xa0 0x0 0x2d30007 0x0 0x80 0x0 0x2db0007 0x0 0x60 0x0 0x2e30007 0x0 0x40 0x0 0x2ea0007 0x0 0x20 0x0 0x2f20003 0x0 0x148 0x2f60004 0x0 0x0 0x0 0x0 0x0 0x2f90007 0x0 0x100 0x0 0x2fd0004 0x0 0x0 0x0 0x0 0x0 0x3040005 0x0 0x0 0x0 0x0 0x0 0x3090007 0x0 0x80 0x0 0x30e0002 0x0 0x3110007 0x0 0x38 0x0 0x3190003 0x0 0x30 0x3210003 0x0 0x18 0x32c0002 0x0 0x3300003 0x0 0x58 0x3390005 0x0 0x0 0x0 0x0 0x0 0x3400002 0x0 0x3450004 0x0 0x1c4fd446c40 0x638 0x0 0x0 0x3480005 0x0 0x1c4fd446c40 0x638 0x0 0x0 oops 5 8 java/awt/image/BufferedImage 14 java/awt/image/BufferedImage 97 java/awt/image/IndexColorModel 512 sun/awt/image/BufImgSurfaceData 518 sun/awt/image/BufImgSurfaceData
ciMethodData sun/awt/image/SurfaceManager setManager (Ljava/awt/Image;Lsun/awt/image/SurfaceManager;)V 2 1638 orig 264 208 132 49 119 0 0 0 0 32 145 237 250 196 1 0 0 128 1 0 0 0 0 0 0 0 0 0 0 0 0 0 0 0 0 0 0 0 0 0 0 0 0 0 0 0 0 0 0 0 0 0 0 0 0 0 0 0 0 0 0 0 0 0 0 0 0 0 0 0 0 0 0 0 0 0 0 0 0 0 0 77 68 79 32 101 120 116 114 97 32 100 97 116 97 32 108 111 99 107 0 0 0 0 0 0 0 0 0 0 0 0 0 0 0 0 0 0 0 0 0 0 0 0 0 0 0 0 0 0 0 0 0 0 0 0 0 0 0 0 0 0 0 0 0 0 0 0 0 0 0 0 0 0 0 0 0 0 0 0 0 0 0 0 0 0 0 0 0 0 0 0 0 0 0 0 0 0 0 0 0 0 0 0 0 17 0 0 0 0 0 0 0 0 0 0 0 0 0 0 0 0 0 0 0 0 0 0 0 0 0 0 0 0 0 0 0 51 0 0 0 153 49 0 0 1 0 0 0 0 0 0 0 0 0 0 0 2 0 0 0 0 0 0 0 0 0 0 0 48 0 0 0 255 255 255 255 5 0 5 0 0 0 0 0 data 6 0x50005 0x0 0x1c4fc80c490 0x633 0x0 0x0 oops 1 2 java/awt/Image$1
ciMethodData java/awt/Image$1 getSurfaceManager (Ljava/awt/Image;)Lsun/awt/image/SurfaceManager; 2 1404 orig 264 208 132 49 119 0 0 0 0 48 132 237 250 196 1 0 0 40 1 0 0 0 0 0 0 0 0 0 0 0 0 0 0 0 0 0 0 0 0 0 0 0 0 0 0 0 0 0 0 0 0 0 0 0 0 0 0 0 0 0 0 0 0 0 0 0 0 0 0 0 0 0 0 0 0 0 0 0 0 0 0 77 68 79 32 101 120 116 114 97 32 100 97 116 97 32 108 111 99 107 0 0 0 0 0 0 0 0 0 0 0 0 0 0 0 0 0 0 0 0 0 0 0 0 0 0 0 0 0 0 0 0 0 0 0 0 0 0 0 0 0 0 0 0 0 0 0 0 0 0 0 0 0 0 0 0 0 0 0 0 0 0 0 0 0 0 0 0 0 0 0 0 0 0 0 0 0 0 0 0 0 0 0 0 0 0 0 0 0 0 0 0 0 0 0 0 0 0 0 0 0 0 0 0 0 0 0 0 0 0 0 0 0 0 0 0 0 20 1 0 0 65 35 0 0 1 0 0 0 0 0 0 0 0 0 0 0 2 0 0 0 0 0 3 0 1 0 0 0 0 0 0 0 255 255 255 255 0 0 0 0 0 0 0 0 data 0 oops 0
ciMethodData sun/java2d/SurfaceData getSourceSurfaceData (Ljava/awt/Image;ILsun/java2d/loops/CompositeType;Ljava/awt/Color;)Lsun/java2d/SurfaceData; 2 67509 orig 264 208 132 49 119 0 0 0 0 48 177 232 250 196 1 0 0 224 3 0 0 16 0 0 0 0 0 0 0 0 0 0 0 0 0 0 0 0 0 0 0 0 0 0 0 0 0 0 0 0 0 0 0 0 0 0 0 0 0 0 0 0 0 0 0 0 0 0 0 0 0 0 0 0 0 0 0 0 0 0 0 77 68 79 32 101 120 116 114 97 32 100 97 116 97 32 108 111 99 107 0 0 0 0 0 0 0 0 0 0 0 0 0 0 0 0 0 0 0 0 0 0 0 0 0 0 0 0 0 0 0 0 0 0 0 0 0 0 0 0 0 0 0 0 0 1 0 0 0 0 0 0 0 0 0 0 0 0 0 0 0 0 0 0 0 4 0 0 0 0 0 0 0 0 0 0 0 0 0 0 0 0 0 0 0 0 0 0 0 0 0 0 0 0 0 0 0 0 0 0 0 0 0 0 0 0 0 0 0 0 0 0 0 0 0 0 0 15 1 0 0 49 53 8 0 1 0 0 0 0 0 0 0 0 0 0 0 2 0 0 0 0 0 21 0 2 0 0 0 120 2 0 0 255 255 255 255 2 0 1 0 0 0 0 0 data 79 0x10002 0x106a6 0x8c005 0x0 0x1c484ff2750 0x1066e 0x1c484e0f740 0x3c 0xe0005 0x0 0x1c4fd446ae0 0x1066e 0x1c484e0f690 0x3c 0x130007 0x0 0x208 0x106aa 0x1a0007 0x105da 0x1e8 0xd0 0x230005 0x0 0x1c484ff2750 0x94 0x1c484e0f740 0x3c 0x260104 0x0 0x1c484ff2800 0x8f 0x1c484ff28b0 0x37 0x2d0007 0xa 0x70 0xc6 0x320005 0x0 0x1c484ff2800 0x8f 0x1c484ff28b0 0x37 0x350007 0xc6 0xe8 0x0 0x3a0005 0x0 0x1c4fd446c40 0x5 0x1c484e0f7f0 0x5 0x400007 0xa 0x38 0x0 0x480003 0x0 0x48 0x4e0005 0x0 0x1c484e0f7f0 0xa 0x0 0x0 0x5b0005 0x0 0x1c484ff2750 0x5 0x1c484e0f740 0x5 0x660005 0x0 0x1c484ff2800 0x94 0x1c484ff28b0 0x3c oops 17 4 sun/awt/image/BufImgSurfaceManager 6 sun/java2d/d3d/D3DVolatileSurfaceManager 10 java/awt/image/BufferedImage 12 sun/awt/image/SunVolatileImage 24 sun/awt/image/BufImgSurfaceManager 26 sun/java2d/d3d/D3DVolatileSurfaceManager 30 sun/java2d/d3d/D3DSurfaceDataProxy 32 sun/java2d/SurfaceDataProxy$1 40 sun/java2d/d3d/D3DSurfaceDataProxy 42 sun/java2d/SurfaceDataProxy$1 50 sun/awt/image/BufImgSurfaceData 52 sun/java2d/d3d/D3DSurfaceData 63 sun/java2d/d3d/D3DSurfaceData 69 sun/awt/image/BufImgSurfaceManager 71 sun/java2d/d3d/D3DVolatileSurfaceManager 75 sun/java2d/d3d/D3DSurfaceDataProxy 77 sun/java2d/SurfaceDataProxy$1
ciMethodData sun/awt/image/SurfaceManager getCacheData (Ljava/lang/Object;)Ljava/lang/Object; 1 215 orig 264 208 132 49 119 0 0 0 0 192 145 237 250 196 1 0 0 184 1 0 0 32 0 0 0 0 0 0 0 0 0 0 0 0 0 0 0 0 0 0 0 0 0 0 0 0 0 0 0 0 0 0 0 0 0 0 0 0 0 0 0 0 0 0 0 0 0 0 0 0 0 0 0 0 0 0 0 0 0 0 0 77 68 79 32 101 120 116 114 97 32 100 97 116 97 32 108 111 99 107 0 0 0 0 0 0 0 0 0 0 0 0 0 0 0 0 0 0 0 0 0 0 0 0 0 0 0 0 0 0 0 0 0 0 0 0 0 0 0 0 0 0 0 0 0 0 0 0 0 0 0 0 0 0 0 0 0 0 0 0 0 0 0 0 0 0 0 0 0 0 0 0 0 0 0 0 0 0 0 0 0 0 0 0 0 17 0 0 0 0 0 0 0 0 0 0 0 0 0 0 0 1 0 0 0 0 0 0 0 0 0 0 0 0 0 0 0 2 0 0 0 169 6 0 0 1 0 0 0 0 0 0 0 0 0 0 0 2 0 0 0 0 0 0 0 0 0 0 0 104 0 0 0 255 255 255 255 7 0 4 0 0 0 0 0 data 13 0x40007 0xcb 0x38 0xa 0x80003 0xa 0x48 0x100005 0x0 0x1c4fd4c3560 0xcb 0x0 0x0 oops 1 9 java/util/concurrent/ConcurrentHashMap
ciMethodData sun/java2d/SurfaceData getState ()Lsun/java2d/StateTrackable$State; 1 11 orig 264 208 132 49 119 0 0 0 0 128 179 232 250 196 1 0 0 120 1 0 0 0 0 0 0 0 0 0 0 0 0 0 0 0 0 0 0 0 0 0 0 0 0 0 0 0 0 0 0 0 0 0 0 0 0 0 0 0 0 0 0 0 0 0 0 0 0 0 0 0 0 0 0 0 0 0 0 0 0 0 0 77 68 79 32 101 120 116 114 97 32 100 97 116 97 32 108 111 99 107 0 0 0 0 0 0 0 0 0 0 0 0 0 0 0 0 0 0 0 0 0 0 0 0 0 0 0 0 0 0 0 0 0 0 0 0 0 0 0 0 0 0 0 0 0 0 0 0 0 0 0 0 0 0 0 0 0 0 0 0 0 0 0 0 0 0 0 0 0 0 0 0 0 0 0 0 0 0 0 0 0 0 0 0 0 17 0 0 0 0 0 0 0 0 0 0 0 0 0 0 0 1 0 0 0 0 0 0 0 0 0 0 0 0 0 0 0 1 0 0 0 81 0 0 0 1 0 0 0 0 0 0 0 0 0 0 0 2 0 0 0 0 0 0 0 0 0 0 0 48 0 0 0 255 255 255 255 5 0 4 0 0 0 0 0 data 6 0x40005 0x9 0x1c4fd4c50f0 0x1 0x0 0x0 oops 1 2 sun/java2d/StateTrackableDelegate
ciMethodData sun/awt/image/SurfaceManager setCacheData (Ljava/lang/Object;Ljava/lang/Object;)V 1 11 orig 264 208 132 49 119 0 0 0 0 144 146 237 250 196 1 0 0 240 1 0 0 80 0 0 0 0 0 0 0 0 0 0 0 0 0 0 0 0 0 0 0 0 0 0 0 0 0 0 0 0 0 0 0 0 0 0 0 0 0 0 0 0 0 0 0 0 0 0 0 0 0 0 0 0 0 0 0 0 0 0 0 77 68 79 32 101 120 116 114 97 32 100 97 116 97 32 108 111 99 107 0 0 0 0 0 0 0 0 0 0 0 0 0 0 0 0 0 0 0 0 0 0 0 0 0 0 0 0 0 0 0 0 0 0 0 0 0 0 0 0 0 0 0 0 0 0 0 0 0 0 0 0 0 0 0 0 0 0 0 0 0 0 0 0 0 0 0 0 0 0 0 0 0 0 0 0 0 0 0 0 0 0 0 0 0 25 0 0 0 0 0 0 0 0 0 0 0 0 0 0 0 0 0 0 0 0 0 0 0 0 0 0 0 0 0 0 0 1 0 0 0 81 0 0 0 1 0 0 0 0 0 0 0 0 0 0 0 2 0 0 0 0 0 0 0 0 0 0 0 152 0 0 0 255 255 255 255 7 0 4 0 0 0 0 0 data 19 0x40007 0x0 0x68 0xa 0xf0007 0x0 0x30 0xa 0x180002 0xa 0x200003 0xa 0x18 0x300005 0x0 0x1c4fd4c3560 0xa 0x0 0x0 oops 1 15 java/util/concurrent/ConcurrentHashMap
ciMethodData sun/java2d/SunGraphics2D getCompClip ()Lsun/java2d/pipe/Region; 2 69568 orig 264 208 132 49 119 0 0 0 0 184 26 16 251 196 1 0 0 168 1 0 0 0 0 0 0 0 0 0 0 0 0 0 0 0 0 0 0 0 0 0 0 0 0 0 0 0 0 0 0 0 0 0 0 0 0 0 0 0 0 0 0 0 0 0 0 0 0 0 0 0 0 0 0 0 0 0 0 0 0 0 0 77 68 79 32 101 120 116 114 97 32 100 97 116 97 32 108 111 99 107 0 0 0 0 0 0 0 0 0 0 0 0 0 0 0 0 0 0 0 0 0 0 0 0 0 0 0 0 0 0 0 0 0 0 0 0 0 0 0 0 0 0 0 0 0 0 0 0 0 0 0 0 0 0 0 0 0 0 0 0 0 0 0 0 0 0 0 0 0 0 0 0 0 0 0 0 0 0 0 0 0 0 0 0 0 0 0 0 0 0 0 0 0 0 0 0 0 0 0 0 0 0 0 0 0 0 0 0 0 0 0 0 0 0 0 0 0 131 1 0 0 233 113 8 0 1 0 0 0 0 0 0 0 0 0 0 0 2 0 0 0 0 0 6 0 2 0 0 0 96 0 0 0 255 255 255 255 5 0 4 0 0 0 0 0 data 12 0x40005 0x13 0x1c4fd446c40 0x10b75 0x1c484e0f7f0 0x2b5 0x70007 0x10e3d 0x30 0x0 0xb0002 0x0 oops 2 2 sun/awt/image/BufImgSurfaceData 4 sun/java2d/d3d/D3DSurfaceData
ciMethodData sun/java2d/SunGraphics2D revalidateAll ()V 1 1 orig 264 208 132 49 119 0 0 0 0 128 94 16 251 196 1 0 0 152 3 0 0 240 1 0 0 0 0 0 0 0 0 0 0 0 0 0 0 0 0 0 0 0 0 0 0 0 0 0 0 0 0 0 0 0 0 0 0 0 0 0 0 0 0 0 0 0 0 0 0 0 0 0 0 0 0 0 0 0 0 0 0 77 68 79 32 101 120 116 114 97 32 100 97 116 97 32 108 111 99 107 0 0 0 0 0 0 0 0 0 0 0 0 0 0 0 0 0 0 0 0 0 0 0 0 0 0 0 0 0 0 0 0 0 0 0 0 0 0 0 0 0 0 0 0 0 0 0 0 0 0 0 0 0 0 0 0 0 0 0 0 0 0 0 0 0 0 0 0 0 0 0 0 0 0 0 0 0 0 0 0 0 0 0 0 0 0 0 0 0 0 0 0 0 0 0 0 0 0 0 0 0 0 0 0 0 0 0 0 0 0 0 0 0 0 0 0 0 1 0 0 0 1 0 0 0 1 0 0 0 0 0 0 0 0 0 0 0 2 0 0 0 0 0 0 0 0 0 0 0 80 2 0 0 255 255 255 255 5 0 5 0 0 0 0 0 data 74 0x50005 0x0 0x0 0x0 0x0 0x0 0xf0007 0x0 0x20 0x0 0x1a0005 0x0 0x0 0x0 0x0 0x0 0x220005 0x0 0x0 0x0 0x0 0x0 0x250005 0x0 0x0 0x0 0x0 0x0 0x2d0007 0x0 0x50 0x0 0x310005 0x0 0x0 0x0 0x0 0x0 0x380004 0x0 0x0 0x0 0x0 0x0 0x3b0007 0x0 0xc0 0x0 0x420004 0x0 0x0 0x0 0x0 0x0 0x450005 0x0 0x0 0x0 0x0 0x0 0x530002 0x0 0x560005 0x0 0x0 0x0 0x0 0x0 0x5a0005 0x0 0x0 0x0 0x0 0x0 oops 0
ciMethodData sun/java2d/SurfaceData getTransparency ()I 2 46555 orig 264 208 132 49 119 0 0 0 0 216 198 232 250 196 1 0 0 168 1 0 0 0 0 0 0 0 0 0 0 0 0 0 0 0 0 0 0 0 0 0 0 0 0 0 0 0 0 0 0 0 0 0 0 0 0 0 0 0 0 0 0 0 0 0 0 0 0 0 0 0 0 0 0 0 0 0 0 0 0 0 0 77 68 79 32 101 120 116 114 97 32 100 97 116 97 32 108 111 99 107 0 0 0 0 0 0 0 0 0 0 0 0 0 0 0 0 0 0 0 0 0 0 0 0 0 0 0 0 0 0 0 0 0 0 0 0 0 0 0 0 0 0 0 0 0 0 0 0 0 0 0 0 0 0 0 0 0 0 0 0 0 0 0 0 0 0 0 0 0 0 0 0 0 0 0 0 0 0 0 0 0 0 0 0 0 17 0 0 0 0 0 0 0 0 0 0 0 0 0 0 0 1 0 0 0 0 0 0 0 0 0 0 0 0 0 0 0 0 1 0 0 217 166 5 0 1 0 0 0 0 0 0 0 0 0 0 0 2 0 0 0 0 0 3 0 2 0 0 0 96 0 0 0 255 255 255 255 5 0 1 0 0 0 0 0 data 12 0x10005 0x10c 0x1c4fd446c40 0xb3ce 0x1c4fc73dc50 0x1 0x40005 0x10 0x1c4fc73dd00 0xb2e4 0x1c4fc878180 0x1e7 oops 4 2 sun/awt/image/BufImgSurfaceData 4 sun/java2d/d3d/D3DSurfaceData$D3DWindowSurfaceData 8 java/awt/image/ComponentColorModel 10 java/awt/image/DirectColorModel
ciMethodData java/awt/image/BufferedImage getWidth (Ljava/awt/image/ImageObserver;)I 2 45991 orig 264 208 132 49 119 0 0 0 0 136 201 211 250 196 1 0 0 128 1 0 0 0 0 0 0 0 0 0 0 0 0 0 0 0 0 0 0 0 0 0 0 0 0 0 0 0 0 0 0 0 0 0 0 0 0 0 0 0 0 0 0 0 0 0 0 0 0 0 0 0 0 0 0 0 0 0 0 0 0 0 0 77 68 79 32 101 120 116 114 97 32 100 97 116 97 32 108 111 99 107 0 0 0 0 0 0 0 0 0 0 0 0 0 0 0 0 0 0 0 0 0 0 0 0 0 0 0 0 0 0 0 0 0 0 0 0 0 0 0 0 0 0 0 0 0 0 0 0 0 0 0 0 0 0 0 0 0 0 0 0 0 0 0 0 0 0 0 0 0 0 0 0 0 0 0 0 0 0 0 0 0 0 0 0 0 0 0 0 0 0 0 0 0 0 0 0 0 0 0 0 0 0 0 0 0 0 0 0 0 0 0 0 0 0 0 0 0 2 1 0 0 41 149 5 0 1 0 0 0 0 0 0 0 0 0 0 0 2 0 0 0 0 0 3 0 2 0 0 0 48 0 0 0 255 255 255 255 5 0 4 0 0 0 0 0 data 6 0x40005 0x6 0x1c4fd44b0e0 0xb232 0x1c4fd44b190 0x6d oops 2 2 sun/awt/image/ByteInterleavedRaster 4 sun/awt/image/IntegerInterleavedRaster
ciMethodData sun/java2d/pipe/DrawImage isBgOperation (Lsun/java2d/SurfaceData;Ljava/awt/Color;)Z 2 69213 orig 264 208 132 49 119 0 0 0 0 168 45 237 250 196 1 0 0 248 1 0 0 112 0 0 0 0 0 0 0 0 0 0 0 0 0 0 0 0 0 0 0 0 0 0 0 0 0 0 0 0 0 0 0 0 0 0 0 0 0 0 0 0 0 0 0 0 0 0 0 0 0 0 0 0 0 0 0 0 0 0 0 77 68 79 32 101 120 116 114 97 32 100 97 116 97 32 108 111 99 107 0 0 0 0 0 0 0 0 0 0 0 0 0 0 0 0 0 0 0 0 0 0 0 0 0 0 0 0 0 0 0 0 0 0 0 0 0 0 0 0 0 0 0 0 0 0 0 0 0 0 0 0 0 0 0 0 0 0 0 0 0 0 0 0 0 0 0 0 0 0 0 0 0 0 0 0 0 0 0 0 0 0 0 0 0 0 0 0 0 0 0 0 0 0 0 0 0 0 0 0 0 0 0 0 0 0 0 0 0 0 0 0 0 0 0 0 0 139 1 0 0 145 102 8 0 1 0 0 0 0 0 0 0 0 0 0 0 2 0 0 0 0 0 12 0 2 0 0 0 168 0 0 0 255 255 255 255 7 0 1 0 0 0 0 0 data 21 0x10007 0x0 0x90 0x10cd2 0x50007 0x10cd2 0x88 0x0 0x90005 0x0 0x0 0x0 0x0 0x0 0xd0007 0x0 0x38 0x0 0x110003 0x0 0x18 oops 0
ciMethodData java/awt/image/BufferedImage getHeight (Ljava/awt/image/ImageObserver;)I 2 45991 orig 264 208 132 49 119 0 0 0 0 24 202 211 250 196 1 0 0 128 1 0 0 0 0 0 0 0 0 0 0 0 0 0 0 0 0 0 0 0 0 0 0 0 0 0 0 0 0 0 0 0 0 0 0 0 0 0 0 0 0 0 0 0 0 0 0 0 0 0 0 0 0 0 0 0 0 0 0 0 0 0 0 77 68 79 32 101 120 116 114 97 32 100 97 116 97 32 108 111 99 107 0 0 0 0 0 0 0 0 0 0 0 0 0 0 0 0 0 0 0 0 0 0 0 0 0 0 0 0 0 0 0 0 0 0 0 0 0 0 0 0 0 0 0 0 0 0 0 0 0 0 0 0 0 0 0 0 0 0 0 0 0 0 0 0 0 0 0 0 0 0 0 0 0 0 0 0 0 0 0 0 0 0 0 0 0 0 0 0 0 0 0 0 0 0 0 0 0 0 0 0 0 0 0 0 0 0 0 0 0 0 0 0 0 0 0 0 0 38 1 0 0 9 148 5 0 1 0 0 0 0 0 0 0 0 0 0 0 2 0 0 0 0 0 3 0 2 0 0 0 48 0 0 0 255 255 255 255 5 0 4 0 0 0 0 0 data 6 0x40005 0x8 0x1c4fd44b0e0 0xb20c 0x1c4fd44b190 0x6d oops 2 2 sun/awt/image/ByteInterleavedRaster 4 sun/awt/image/IntegerInterleavedRaster
ciMethodData java/awt/geom/AffineTransform transform ([DI[DII)V 2 16100 orig 264 208 132 49 119 0 0 0 0 56 8 243 250 196 1 0 0 120 4 0 0 200 2 0 0 0 0 0 0 0 0 0 0 0 0 0 0 0 0 0 0 0 0 0 0 0 0 0 0 0 0 0 0 0 0 0 0 0 0 0 0 0 0 0 0 0 0 0 0 0 0 0 0 0 0 0 0 0 0 0 0 77 68 79 32 101 120 116 114 97 32 100 97 116 97 32 108 111 99 107 0 0 0 0 0 0 0 0 0 0 0 0 0 0 0 0 0 0 0 0 0 0 0 0 0 0 0 0 0 0 0 0 0 0 0 0 0 0 0 0 0 0 0 0 0 0 0 0 0 0 0 0 0 0 0 0 0 0 0 0 0 0 0 0 0 0 0 0 0 0 0 0 0 0 0 0 0 0 0 0 0 0 0 0 0 0 0 0 0 0 0 0 0 0 0 0 0 0 0 0 0 0 0 0 0 0 0 0 0 0 0 0 0 0 0 0 0 33 4 0 0 65 134 0 0 225 213 1 0 0 0 0 0 0 0 0 0 2 0 0 0 7 0 46 0 2 0 0 0 248 2 0 0 255 255 255 255 7 0 2 0 0 0 0 0 data 95 0x20007 0x0 0x70 0x10c8 0x80007 0x10c8 0x50 0x0 0x130007 0x0 0x30 0x0 0x1f0002 0x0 0x290008 0x12 0x0 0xa0 0x0 0x238 0x0 0x200 0x0 0x1c8 0x68 0x190 0x0 0x158 0x0 0x120 0x0 0xe8 0x0 0xb0 0x590002 0x0 0x860007 0x0 0x38 0x0 0xc30003 0x0 0xffffffffffffffe0 0xe40007 0x0 0x38 0x0 0x11b0003 0x0 0xffffffffffffffe0 0x13c0007 0x0 0x38 0x0 0x1690003 0x0 0xffffffffffffffe0 0x17e0007 0x0 0x38 0x0 0x1a50003 0x0 0xffffffffffffffe0 0x1c60007 0x10c8 0x38 0x3abc 0x1ef0003 0x3abc 0xffffffffffffffe0 0x2040007 0x0 0x38 0x0 0x2270003 0x0 0xffffffffffffffe0 0x23c0007 0x0 0x38 0x0 0x25f0003 0x0 0xffffffffffffffe0 0x2650007 0x0 0x40 0x0 0x26b0007 0x0 0x30 0x0 0x2770002 0x0 oops 0
ciMethodData java/awt/geom/AffineTransform stateError ()V 1 0 orig 264 208 132 49 119 0 0 0 0 176 208 242 250 196 1 0 0 48 1 0 0 0 0 0 0 0 0 0 0 0 0 0 0 0 0 0 0 0 0 0 0 0 0 0 0 0 0 0 0 0 0 0 0 0 0 0 0 0 0 0 0 0 0 0 0 0 0 0 0 0 0 0 0 0 0 0 0 0 0 0 0 77 68 79 32 101 120 116 114 97 32 100 97 116 97 32 108 111 99 107 0 0 0 0 0 0 0 0 0 0 0 0 0 0 0 0 0 0 0 0 0 0 0 0 0 0 0 0 0 0 0 0 0 0 0 0 0 0 0 0 0 0 0 0 0 0 0 0 0 0 0 0 0 0 0 0 0 0 0 0 0 0 0 0 0 0 0 0 0 0 0 0 0 0 0 0 0 0 0 0 0 0 0 0 0 0 0 0 0 0 0 0 0 0 0 0 0 0 0 0 0 0 0 0 0 0 0 0 0 0 0 0 0 0 0 0 0 0 0 0 0 1 0 0 0 1 0 0 0 0 0 0 0 0 0 0 0 2 0 0 0 0 0 0 0 0 0 0 0 16 0 0 0 255 255 255 255 2 0 6 0 0 0 0 0 data 2 0x60002 0x0 oops 0
ciMethodData sun/java2d/loops/CompositeType equals (Ljava/lang/Object;)Z 2 46237 orig 264 208 132 49 119 0 0 0 0 56 205 15 251 196 1 0 0 8 2 0 0 0 0 0 0 0 0 0 0 0 0 0 0 0 0 0 0 0 0 0 0 0 0 0 0 0 0 0 0 0 0 0 0 0 0 0 0 0 0 0 0 0 0 0 0 0 0 0 0 0 0 0 0 0 0 0 0 0 0 0 0 77 68 79 32 101 120 116 114 97 32 100 97 116 97 32 108 111 99 107 0 0 0 0 0 0 0 0 0 0 0 0 0 0 0 0 0 0 0 0 0 0 0 0 0 0 0 0 0 0 0 0 0 0 0 0 0 0 0 0 0 0 0 0 0 0 0 0 0 0 0 0 0 0 0 0 0 0 0 0 0 0 0 0 0 0 0 0 0 0 0 0 0 0 0 0 0 0 0 0 0 0 0 0 0 0 0 0 0 0 0 0 0 0 0 0 0 0 0 0 0 0 0 0 0 0 0 0 0 0 0 0 0 0 0 0 0 169 1 0 0 153 151 5 0 1 0 0 0 0 0 0 0 0 0 0 0 2 0 0 0 0 0 8 0 2 0 0 0 184 0 0 0 255 255 255 255 4 0 1 0 0 0 0 0 data 23 0x10004 0x0 0x1c4fc82abf0 0xb2f3 0x0 0x0 0x40007 0x0 0x88 0xb2f3 0x80004 0x0 0x1c4fc82abf0 0x1ae 0x0 0x0 0x120007 0x0 0x38 0xb2f3 0x160003 0xb2f3 0x18 oops 2 2 sun/java2d/loops/CompositeType 12 sun/java2d/loops/CompositeType
ciMethodData sun/java2d/loops/GraphicsPrimitiveMgr locate (ILsun/java2d/loops/SurfaceType;Lsun/java2d/loops/CompositeType;Lsun/java2d/loops/SurfaceType;)Lsun/java2d/loops/GraphicsPrimitive; 2 45909 orig 264 208 132 49 119 0 0 0 0 32 175 15 251 196 1 0 0 96 2 0 0 0 0 0 0 0 0 0 0 0 0 0 0 0 0 0 0 0 0 0 0 0 0 0 0 0 0 0 0 0 0 0 0 0 0 0 0 0 0 0 0 0 0 0 0 0 0 0 0 0 0 0 0 0 0 0 0 0 0 0 0 77 68 79 32 101 120 116 114 97 32 100 97 116 97 32 108 111 99 107 0 0 0 0 0 0 0 0 0 0 0 0 0 0 0 0 0 0 0 0 0 0 0 0 0 0 0 0 0 0 0 0 0 0 0 0 0 0 0 0 0 0 0 0 0 0 0 0 0 0 0 0 0 0 0 0 0 0 0 0 0 0 0 0 0 0 0 0 0 0 0 0 0 0 0 0 0 0 0 0 0 0 0 0 0 0 0 0 0 0 0 0 0 0 0 0 0 0 0 0 0 0 0 0 0 0 0 0 0 0 0 0 0 0 0 0 0 227 1 0 0 145 139 5 0 1 0 0 0 0 0 0 0 0 0 0 0 2 0 0 0 0 0 12 0 2 0 0 0 0 1 0 0 255 255 255 255 2 0 4 0 0 0 0 0 data 32 0x40002 0xb172 0xb0007 0xf 0xf0 0xb163 0xf0002 0xb163 0x160007 0x0 0xc0 0xb163 0x1e0005 0x0 0x1c484fc4110 0xb162 0x1c4852014e0 0x1 0x250007 0xb163 0x70 0x0 0x2b0007 0x0 0x50 0x0 0x300005 0x0 0x0 0x0 0x0 0x0 oops 2 14 sun/java2d/loops/ScaledBlit 16 sun/java2d/loops/DrawGlyphListLCD
ciMethodData sun/java2d/pipe/DrawImage renderImageScale (Lsun/java2d/SunGraphics2D;Ljava/awt/Image;Ljava/awt/Color;IIIIIDDDD)Z 2 45890 orig 264 208 132 49 119 0 0 0 0 96 41 237 250 196 1 0 0 32 4 0 0 32 0 0 0 0 0 0 0 0 0 0 0 0 0 0 0 0 0 0 0 0 0 0 0 0 0 0 0 0 0 0 0 0 0 0 0 0 0 0 0 0 0 0 0 0 0 0 0 0 0 0 0 0 0 0 0 0 0 0 0 77 68 79 32 101 120 116 114 97 32 100 97 116 97 32 108 111 99 107 0 0 0 0 0 0 0 0 0 0 0 0 0 0 0 0 0 0 0 0 0 0 0 0 0 0 0 0 0 0 0 0 0 0 0 0 0 0 0 0 0 0 0 0 0 0 0 0 0 0 0 0 0 0 0 0 0 0 0 0 0 0 0 0 0 0 0 0 0 0 0 0 0 0 0 0 0 0 0 0 0 0 0 0 0 0 0 0 0 0 0 0 0 0 0 0 0 0 0 0 0 0 0 0 0 0 0 0 0 0 0 0 0 0 0 0 0 186 1 0 0 65 140 5 0 1 0 0 0 0 0 0 0 0 0 0 0 2 0 0 0 1 0 59 0 2 0 0 0 88 2 0 0 255 255 255 255 7 0 3 0 0 0 0 0 data 75 0x30007 0xb188 0x20 0x0 0x90005 0x27 0x1c4fc6492a0 0xb161 0x0 0x0 0x200005 0x0 0x1c4fd446c40 0xb188 0x0 0x0 0x270007 0x0 0x50 0xb188 0x2d0002 0xb188 0x300007 0xb188 0x20 0x0 0x370005 0x27 0x1c4fd446c40 0xb161 0x0 0x0 0x3e0005 0x27 0x1c4fd446c40 0xb161 0x0 0x0 0x5f0005 0x0 0x1c4fd446b90 0xb188 0x0 0x0 0x670002 0x0 0x6a0007 0x0 0x20 0x0 0x780005 0x0 0x0 0x0 0x0 0x0 0x850002 0x0 0x880007 0x0 0x70 0x0 0x8d0002 0x0 0x900007 0x0 0x40 0x0 0x960007 0x0 0x20 0x0 0x9b0003 0x0 0xfffffffffffffe10 oops 5 6 sun/java2d/SunGraphics2D 12 sun/awt/image/BufImgSurfaceData 28 sun/awt/image/BufImgSurfaceData 34 sun/awt/image/BufImgSurfaceData 40 sun/java2d/pipe/DrawImage
ciMethodData sun/java2d/pipe/DrawImage scaleSurfaceData (Lsun/java2d/SunGraphics2D;Lsun/java2d/pipe/Region;Lsun/java2d/SurfaceData;Lsun/java2d/SurfaceData;Lsun/java2d/loops/SurfaceType;Lsun/java2d/loops/SurfaceType;IIIIDDDD)Z 2 46018 orig 264 208 132 49 119 0 0 0 0 32 50 237 250 196 1 0 0 216 2 0 0 128 0 0 0 0 0 0 0 0 0 0 0 0 0 0 0 0 0 0 0 0 0 0 0 0 0 0 0 0 0 0 0 0 0 0 0 0 0 0 0 0 0 0 0 0 0 0 0 0 0 0 0 0 0 0 0 0 0 0 0 77 68 79 32 101 120 116 114 97 32 100 97 116 97 32 108 111 99 107 0 0 0 0 0 0 0 0 0 0 0 0 0 0 0 0 0 0 0 0 0 0 0 0 0 0 0 0 0 0 0 0 0 0 0 0 0 0 0 0 0 0 0 0 0 0 0 0 0 0 0 0 0 0 0 0 0 0 0 0 0 0 0 0 0 0 0 0 0 0 0 0 0 0 0 0 0 0 0 0 0 0 0 0 0 0 0 0 0 0 0 0 0 0 0 0 0 0 0 0 0 0 0 0 0 0 0 0 0 0 0 0 0 0 0 0 0 184 1 0 0 81 144 5 0 1 0 0 0 0 0 0 0 0 0 0 0 2 0 0 0 0 0 16 0 2 0 0 0 0 1 0 0 255 255 255 255 5 0 11 0 0 0 0 0 data 32 0xb0005 0xc7 0x1c4fc82abf0 0xb143 0x0 0x0 0xe0007 0x0 0x70 0xb20a 0x120005 0x0 0x1c4fd446c40 0xb20a 0x0 0x0 0x160007 0xb20a 0x20 0x0 0x240002 0xb20a 0x2b0007 0xb20a 0x50 0x0 0x480005 0x0 0x0 0x0 0x0 0x0 oops 2 2 sun/java2d/loops/CompositeType 12 sun/awt/image/BufImgSurfaceData
ciMethodData sun/java2d/SurfaceData isNull (Lsun/java2d/SurfaceData;)Z 1 0 orig 264 208 132 49 119 0 0 0 0 32 204 232 250 196 1 0 0 136 1 0 0 0 0 0 0 0 0 0 0 0 0 0 0 0 0 0 0 0 0 0 0 0 0 0 0 0 0 0 0 0 0 0 0 0 0 0 0 0 0 0 0 0 0 0 0 0 0 0 0 0 0 0 0 0 0 0 0 0 0 0 0 77 68 79 32 101 120 116 114 97 32 100 97 116 97 32 108 111 99 107 0 0 0 0 0 0 0 0 0 0 0 0 0 0 0 0 0 0 0 0 0 0 0 0 0 0 0 0 0 0 0 0 0 0 0 0 0 0 0 0 0 0 0 0 0 0 0 0 0 0 0 0 0 0 0 0 0 0 0 0 0 0 0 0 0 0 0 0 0 0 0 0 0 0 0 0 0 0 0 0 0 0 0 0 0 0 0 0 0 0 0 0 0 0 0 0 0 0 0 0 0 0 0 0 0 0 0 0 0 0 0 0 0 0 0 0 0 0 0 0 0 1 0 0 0 1 0 0 0 0 0 0 0 0 0 0 0 2 0 0 0 0 0 0 0 0 0 0 0 64 0 0 0 255 255 255 255 7 0 1 0 0 0 0 0 data 8 0x10007 0x0 0x40 0x0 0x80007 0x0 0x20 0x0 oops 0
ciMethodData java/awt/geom/AffineTransform <init> (Ljava/awt/geom/AffineTransform;)V 2 23562 orig 264 208 132 49 119 0 0 0 0 184 193 242 250 196 1 0 0 56 1 0 0 0 0 0 0 0 0 0 0 0 0 0 0 0 0 0 0 0 0 0 0 0 0 0 0 0 0 0 0 0 0 0 0 0 0 0 0 0 0 0 0 0 0 0 0 0 0 0 0 0 0 0 0 0 0 0 0 0 0 0 0 77 68 79 32 101 120 116 114 97 32 100 97 116 97 32 108 111 99 107 0 0 0 0 0 0 0 0 0 0 0 0 0 0 0 0 0 0 0 0 0 0 0 0 0 0 0 0 0 0 0 0 0 0 0 0 0 0 0 0 0 0 0 0 0 0 0 0 0 0 0 0 0 0 0 0 0 0 0 0 0 0 0 0 0 0 0 0 0 0 0 0 0 0 0 0 0 0 0 0 0 0 0 0 0 0 0 0 0 0 0 0 0 0 0 0 0 0 0 0 0 0 0 0 0 0 0 0 0 0 0 0 0 0 0 0 0 4 1 0 0 49 216 2 0 1 0 0 0 0 0 0 0 0 0 0 0 2 0 0 0 0 0 3 0 2 0 0 0 16 0 0 0 255 255 255 255 2 0 1 0 0 0 0 0 data 2 0x10002 0x5b06 oops 0
ciMethodData java/awt/geom/AffineTransform translate (DD)V 2 23466 orig 264 208 132 49 119 0 0 0 0 128 215 242 250 196 1 0 0 128 4 0 0 176 2 0 0 0 0 0 0 0 0 0 0 0 0 0 0 0 0 0 0 0 0 0 0 0 0 0 0 0 0 0 0 0 0 0 0 0 0 0 0 0 0 0 0 0 0 0 0 0 0 0 0 0 0 0 0 0 0 0 0 77 68 79 32 101 120 116 114 97 32 100 97 116 97 32 108 111 99 107 0 0 0 0 0 0 0 0 0 0 0 0 0 0 0 0 0 0 0 0 0 0 0 0 0 0 0 0 0 0 0 0 0 0 0 0 0 0 0 0 0 0 0 0 0 0 0 0 0 0 0 0 0 0 0 0 0 0 0 0 0 0 0 0 0 0 0 0 0 0 0 0 0 0 0 0 0 0 0 0 0 0 0 0 0 0 0 0 0 0 0 0 0 0 0 0 0 0 0 0 0 0 0 0 0 0 0 0 0 0 0 0 0 0 0 0 0 1 1 0 0 65 213 2 0 1 0 0 0 0 0 0 0 0 0 0 0 2 0 0 0 0 0 62 0 2 0 0 0 16 3 0 0 255 255 255 255 8 0 4 0 0 0 0 0 data 98 0x40008 0x12 0x0 0xa0 0x25 0x2d0 0x0 0x290 0x0 0x250 0x0 0x1f0 0x0 0x1b0 0x0 0x150 0x0 0x110 0x0 0xb0 0x350002 0x0 0x6b0007 0x0 0x60 0x0 0x740007 0x0 0x40 0x0 0x820007 0x0 0x20 0x0 0xb80007 0x0 0x40 0x0 0xc10007 0x0 0x20 0x0 0xf90007 0x0 0x60 0x14 0x1020007 0x14 0x40 0x0 0x10f0007 0x0 0x20 0x0 0x1370007 0x0 0x40 0xa 0x1400007 0x0 0x20 0xa 0x1770007 0x0 0x60 0x0 0x1800007 0x0 0x40 0x0 0x18d0007 0x0 0x20 0x0 0x1b50007 0x0 0x40 0x0 0x1be0007 0x0 0x20 0x0 0x1eb0007 0xe7 0x40 0x4 0x1f40007 0x0 0x20 0x4 0x20f0007 0x594e 0x40 0x51 0x2150007 0x3d 0x20 0x14 oops 0
ciMethodData sun/java2d/loops/ScaledBlit getFromCache (Lsun/java2d/loops/SurfaceType;Lsun/java2d/loops/CompositeType;Lsun/java2d/loops/SurfaceType;)Lsun/java2d/loops/ScaledBlit; 2 45834 orig 264 208 132 49 119 0 0 0 0 0 64 17 251 196 1 0 0 80 2 0 0 176 0 0 0 0 0 0 0 0 0 0 0 0 0 0 0 0 0 0 0 0 0 0 0 0 0 0 0 0 0 0 0 0 0 0 0 0 0 0 0 0 0 0 0 0 0 0 0 0 0 0 0 0 0 0 0 0 0 0 0 77 68 79 32 101 120 116 114 97 32 100 97 116 97 32 108 111 99 107 0 0 0 0 0 0 0 0 0 0 0 0 0 0 0 0 0 0 0 0 0 0 0 0 0 0 0 0 0 0 0 0 0 0 0 0 0 0 0 0 0 0 0 0 0 0 0 0 0 0 0 0 0 0 0 0 0 0 0 0 0 0 0 0 0 0 0 0 0 0 0 0 0 0 0 0 0 0 0 0 0 0 0 0 0 0 0 0 0 0 0 0 0 0 0 0 0 0 0 0 0 0 0 0 0 0 0 0 0 0 0 0 0 0 0 0 0 0 2 0 0 81 136 5 0 1 0 0 0 0 0 0 0 0 0 0 0 2 0 0 0 0 0 8 0 2 0 0 0 248 0 0 0 255 255 255 255 5 0 6 0 0 0 0 0 data 31 0x60005 0x97 0x1c4fc740c60 0xb073 0x0 0x0 0xb0007 0xb10a 0x50 0x0 0xf0004 0x0 0x0 0x0 0x0 0x0 0x160002 0xb10a 0x1d0007 0x0 0x38 0xb10a 0x200003 0xb10a 0x48 0x2b0005 0x0 0x0 0x0 0x0 0x0 oops 1 2 sun/java2d/loops/RenderCache
ciMethodData sun/java2d/loops/ScaledBlit locate (Lsun/java2d/loops/SurfaceType;Lsun/java2d/loops/CompositeType;Lsun/java2d/loops/SurfaceType;)Lsun/java2d/loops/ScaledBlit; 2 45834 orig 264 208 132 49 119 0 0 0 0 64 63 17 251 196 1 0 0 152 1 0 0 0 0 0 0 0 0 0 0 0 0 0 0 0 0 0 0 0 0 0 0 0 0 0 0 0 0 0 0 0 0 0 0 0 0 0 0 0 0 0 0 0 0 0 0 0 0 0 0 0 0 0 0 0 0 0 0 0 0 0 0 77 68 79 32 101 120 116 114 97 32 100 97 116 97 32 108 111 99 107 0 0 0 0 0 0 0 0 0 0 0 0 0 0 0 0 0 0 0 0 0 0 0 0 0 0 0 0 0 0 0 0 0 0 0 0 0 0 0 0 0 0 0 0 0 0 0 0 0 0 0 0 0 0 0 0 0 0 0 0 0 0 0 0 0 0 0 0 0 0 0 0 0 0 0 0 0 0 0 0 0 0 0 0 0 0 0 0 0 0 0 0 0 0 0 0 0 0 0 0 0 0 0 0 0 0 0 0 0 0 0 0 0 0 0 0 0 0 2 0 0 81 136 5 0 1 0 0 0 0 0 0 0 0 0 0 0 2 0 0 0 0 0 3 0 2 0 0 0 64 0 0 0 255 255 255 255 2 0 6 0 0 0 0 0 data 8 0x60002 0xb10a 0x90104 0x0 0x0 0x0 0x0 0x0 oops 0
ciMethodData sun/java2d/SunGraphics2D isHiDPIImage (Ljava/awt/Image;)Z 2 23175 orig 264 208 132 49 119 0 0 0 0 32 115 16 251 196 1 0 0 8 2 0 0 128 0 0 0 0 0 0 0 0 0 0 0 0 0 0 0 0 0 0 0 0 0 0 0 0 0 0 0 0 0 0 0 0 0 0 0 0 0 0 0 0 0 0 0 0 0 0 0 0 0 0 0 0 0 0 0 0 0 0 0 77 68 79 32 101 120 116 114 97 32 100 97 116 97 32 108 111 99 107 0 0 0 0 0 0 0 0 0 0 0 0 0 0 0 0 0 0 0 0 0 0 0 0 0 0 0 0 0 0 0 0 0 0 0 0 0 0 0 0 0 0 0 0 0 0 0 0 0 0 0 0 0 0 0 0 0 0 0 0 0 0 0 0 0 0 0 0 0 0 0 0 0 0 0 0 0 0 0 0 0 0 0 0 0 0 0 0 0 0 0 0 0 0 0 0 0 0 0 0 0 0 0 0 0 0 0 0 0 0 0 0 0 0 0 0 0 81 1 0 0 177 201 2 0 1 0 0 0 0 0 0 0 0 0 0 0 2 0 0 0 0 0 15 0 2 0 0 0 184 0 0 0 255 255 255 255 2 0 1 0 0 0 0 0 data 23 0x10002 0x5936 0x50007 0x0 0x90 0x5936 0xd0007 0x0 0x88 0x5936 0x110004 0xffffffffffffa6ca 0x0 0x0 0x0 0x0 0x140007 0x5936 0x38 0x0 0x180003 0x0 0x18 oops 0
ciMethodData sun/awt/image/SurfaceManager getImageScale (Ljava/awt/Image;)I 2 23175 orig 264 208 132 49 119 0 0 0 0 96 151 237 250 196 1 0 0 8 2 0 0 48 0 0 0 0 0 0 0 0 0 0 0 0 0 0 0 0 0 0 0 0 0 0 0 0 0 0 0 0 0 0 0 0 0 0 0 0 0 0 0 0 0 0 0 0 0 0 0 0 0 0 0 0 0 0 0 0 0 0 0 77 68 79 32 101 120 116 114 97 32 100 97 116 97 32 108 111 99 107 0 0 0 0 0 0 0 0 0 0 0 0 0 0 0 0 0 0 0 0 0 0 0 0 0 0 0 0 0 0 0 0 0 0 0 0 0 0 0 0 0 0 0 0 0 0 0 0 0 0 0 0 0 0 0 0 0 0 0 0 0 0 0 0 0 0 0 0 0 0 0 0 0 0 0 0 0 0 0 0 0 0 0 0 0 0 0 0 0 0 0 0 0 0 0 0 0 0 0 0 0 0 0 0 0 0 0 0 0 0 0 0 0 0 0 0 0 81 1 0 0 177 201 2 0 1 0 0 0 0 0 0 0 0 0 0 0 2 0 0 0 0 0 5 0 2 0 0 0 192 0 0 0 255 255 255 255 4 0 1 0 0 0 0 0 data 24 0x10004 0xffffffffffffa706 0x1c484e0f690 0x3c 0x0 0x0 0x40007 0x3c 0x20 0x58fa 0xa0002 0x3c 0xf0005 0x0 0x1c484e0f740 0x3c 0x0 0x0 0x120005 0x0 0x1c484e0f7f0 0x3c 0x0 0x0 oops 3 2 sun/awt/image/SunVolatileImage 14 sun/java2d/d3d/D3DVolatileSurfaceManager 20 sun/java2d/d3d/D3DSurfaceData
ciMethodData sun/java2d/SurfaceData markDirty ()V 2 25279 orig 264 208 132 49 119 0 0 0 0 160 180 232 250 196 1 0 0 120 1 0 0 0 0 0 0 0 0 0 0 0 0 0 0 0 0 0 0 0 0 0 0 0 0 0 0 0 0 0 0 0 0 0 0 0 0 0 0 0 0 0 0 0 0 0 0 0 0 0 0 0 0 0 0 0 0 0 0 0 0 0 0 77 68 79 32 101 120 116 114 97 32 100 97 116 97 32 108 111 99 107 0 0 0 0 0 0 0 0 0 0 0 0 0 0 0 0 0 0 0 0 0 0 0 0 0 0 0 0 0 0 0 0 0 0 0 0 0 0 0 0 0 0 0 0 0 0 0 0 0 0 0 0 0 0 0 0 0 0 0 0 0 0 0 0 0 0 0 0 0 0 0 0 0 0 0 0 0 0 0 0 0 0 0 0 0 0 0 0 0 0 0 0 0 0 0 0 0 0 0 0 0 0 0 0 0 0 0 0 0 0 0 0 0 0 0 0 0 141 1 0 0 145 9 3 0 1 0 0 0 0 0 0 0 0 0 0 0 2 0 0 0 0 0 3 0 2 0 0 0 48 0 0 0 255 255 255 255 5 0 4 0 0 0 0 0 data 6 0x40005 0x4 0x1c4fd4c50f0 0x612e 0x0 0x0 oops 1 2 sun/java2d/StateTrackableDelegate
ciMethodData sun/java2d/pipe/DrawImage renderImageXform (Lsun/java2d/SunGraphics2D;Ljava/awt/Image;Ljava/awt/geom/AffineTransform;IIIIILjava/awt/Color;)V 2 69255 orig 264 208 132 49 119 0 0 0 0 248 38 237 250 196 1 0 0 168 8 0 0 200 5 0 0 0 0 0 0 0 0 0 0 0 0 0 0 0 0 0 0 0 0 0 0 0 0 0 0 0 0 0 0 0 0 0 0 0 0 0 0 0 0 0 0 0 0 0 0 0 0 0 0 0 0 0 0 0 0 0 0 77 68 79 32 101 120 116 114 97 32 100 97 116 97 32 108 111 99 107 0 0 0 0 0 0 0 0 0 0 0 0 0 0 0 0 0 0 0 0 0 0 0 0 0 0 0 0 0 0 0 0 0 0 0 0 0 0 0 0 0 0 0 0 0 0 0 0 0 0 0 0 0 0 0 0 0 0 0 0 0 0 0 0 0 0 0 0 0 0 0 0 0 0 0 0 0 0 0 0 0 0 0 0 0 0 0 0 0 0 0 0 0 0 0 0 0 0 0 0 0 0 0 0 0 0 0 0 0 0 0 0 0 0 0 0 0 2 4 0 0 185 198 2 0 41 84 8 0 0 0 0 0 0 0 0 0 2 0 0 0 1 0 76 0 2 0 0 0 8 7 0 0 255 255 255 255 5 0 1 0 0 0 0 0 data 225 0x10005 0x0 0x1c4fc630110 0x58d7 0x0 0x0 0x60003 0x58d7 0x18 0x3a0005 0x0 0x1c4fc630110 0x58d7 0x0 0x0 0x570007 0x58d7 0xe8 0x10a85 0x660007 0x10a85 0x38 0x0 0x6d0003 0x0 0x38 0x750007 0xb1ae 0x20 0x58d7 0x8a0007 0x10a85 0x38 0x0 0x910003 0x0 0x38 0x990007 0xb1ae 0x20 0x58d7 0xa30003 0x10a85 0xffffffffffffff30 0xa70005 0x16 0x1c4fc6492a0 0x58c1 0x0 0x0 0xae0002 0x58d7 0xb70002 0x58d7 0xbe0002 0x58d7 0xc70002 0x58d7 0xce0002 0x58d7 0xd70002 0x58d7 0xde0002 0x58d7 0xe70002 0x58d7 0xf00007 0x0 0x40 0x58d7 0xf70007 0x58d7 0x20 0x0 0x10b0005 0x0 0x1c4fd446c40 0x58d7 0x0 0x0 0x1120007 0x58d7 0xa0 0x0 0x1170005 0x0 0x0 0x0 0x0 0x0 0x1250005 0x0 0x0 0x0 0x0 0x0 0x12c0007 0x0 0x20 0x0 0x1340002 0x58d7 0x1370007 0x58d7 0x80 0x0 0x1470005 0x0 0x0 0x0 0x0 0x0 0x1690005 0x0 0x0 0x0 0x0 0x0 0x1700005 0x16 0x1c4fd446c40 0x58c1 0x0 0x0 0x1770002 0x58d7 0x17e0007 0x58d7 0x128 0x0 0x1830005 0x0 0x0 0x0 0x0 0x0 0x1870007 0x0 0x38 0x0 0x18b0003 0x0 0x18 0x19e0005 0x0 0x0 0x0 0x0 0x0 0x1bf0005 0x0 0x0 0x0 0x0 0x0 0x1c60005 0x0 0x0 0x0 0x0 0x0 0x1cd0002 0x0 0x1d40005 0x16 0x1c4fd446c40 0x58c1 0x0 0x0 0x1de0007 0x0 0xb0 0x58d7 0x1ea0002 0x58d7 0x1f10005 0x16 0x1c4fc801770 0x58c1 0x0 0x0 0x1f60007 0x0 0x50 0x58d7 0x21e0005 0x0 0x1c4fc800630 0x58d7 0x0 0x0 0x2390002 0x0 0x2400002 0x0 0x2470005 0x0 0x0 0x0 0x0 0x0 0x2540002 0x0 0x2870005 0x0 0x0 0x0 0x0 0x0 0x2940002 0x0 0x29d0005 0x0 0x0 0x0 0x0 0x0 0x2aa0002 0x0 0x2c50005 0x0 0x0 0x0 0x0 0x0 oops 8 2 java/awt/geom/AffineTransform 11 java/awt/geom/AffineTransform 46 sun/java2d/SunGraphics2D 76 sun/awt/image/BufImgSurfaceData 120 sun/awt/image/BufImgSurfaceData 165 sun/awt/image/BufImgSurfaceData 177 sun/java2d/loops/MaskBlit 187 sun/java2d/loops/TransformHelper
ciMethodData sun/java2d/pipe/DrawImage isSimpleTranslate (Lsun/java2d/SunGraphics2D;)Z 2 23153 orig 264 208 132 49 119 0 0 0 0 8 45 237 250 196 1 0 0 128 1 0 0 32 0 0 0 0 0 0 0 0 0 0 0 0 0 0 0 0 0 0 0 0 0 0 0 0 0 0 0 0 0 0 0 0 0 0 0 0 0 0 0 0 0 0 0 0 0 0 0 0 0 0 0 0 0 0 0 0 0 0 0 77 68 79 32 101 120 116 114 97 32 100 97 116 97 32 108 111 99 107 0 0 0 0 0 0 0 0 0 0 0 0 0 0 0 0 0 0 0 0 0 0 0 0 0 0 0 0 0 0 0 0 0 0 0 0 0 0 0 0 0 0 0 0 0 0 0 0 0 0 0 0 0 0 0 0 0 0 0 0 0 0 0 0 0 0 0 0 0 0 0 0 0 0 0 0 0 0 0 0 0 0 0 0 0 0 0 0 0 0 0 0 0 0 0 0 0 0 0 0 0 0 0 0 0 0 0 0 0 0 0 0 0 0 0 0 0 130 1 0 0 121 199 2 0 1 0 0 0 0 0 0 0 0 0 0 0 2 0 0 0 0 0 9 0 2 0 0 0 96 0 0 0 255 255 255 255 7 0 7 0 0 0 0 0 data 12 0x70007 0x0 0x20 0x58ef 0xe0007 0x0 0x20 0x0 0x180007 0x0 0x20 0x0 oops 0
ciMethodData sun/java2d/SunGraphics2D drawImage (Ljava/awt/Image;IIIILjava/awt/image/ImageObserver;)Z 2 23029 orig 264 208 132 49 119 0 0 0 0 72 119 16 251 196 1 0 0 168 1 0 0 0 0 0 0 0 0 0 0 0 0 0 0 0 0 0 0 0 0 0 0 0 0 0 0 0 0 0 0 0 0 0 0 0 0 0 0 0 0 0 0 0 0 0 0 0 0 0 0 0 0 0 0 0 0 0 0 0 0 0 0 77 68 79 32 101 120 116 114 97 32 100 97 116 97 32 108 111 99 107 0 0 0 0 0 0 0 0 0 0 0 0 0 0 0 0 0 0 0 0 0 0 0 0 0 0 0 0 0 0 0 0 0 0 0 0 0 0 0 0 0 0 0 0 0 0 0 0 0 0 0 0 0 0 0 0 0 0 0 0 0 0 0 0 0 0 0 0 0 0 0 0 0 0 0 0 0 0 0 0 0 0 0 0 0 0 0 0 0 0 0 0 0 0 0 0 0 0 0 0 0 0 0 0 0 0 0 0 0 0 0 0 0 0 0 0 0 139 1 0 0 81 195 2 0 1 0 0 0 0 0 0 0 0 0 0 0 2 0 0 0 0 0 3 0 2 0 0 0 48 0 0 0 255 255 255 255 5 0 11 0 0 0 0 0 data 6 0xb0005 0x9 0x1c4fc6492a0 0x5861 0x0 0x0 oops 1 2 sun/java2d/SunGraphics2D
ciMethodData sun/java2d/SunGraphics2D drawImage (Ljava/awt/Image;IIIILjava/awt/Color;Ljava/awt/image/ImageObserver;)Z 2 23029 orig 264 208 132 49 119 0 0 0 0 240 121 16 251 196 1 0 0 32 4 0 0 64 1 0 0 0 0 0 0 0 0 0 0 0 0 0 0 0 0 0 0 0 0 0 0 0 0 0 0 0 0 0 0 0 0 0 0 0 0 0 0 0 0 0 0 0 0 0 0 0 0 0 0 0 0 0 0 0 0 0 0 77 68 79 32 101 120 116 114 97 32 100 97 116 97 32 108 111 99 107 0 0 0 0 0 0 0 0 0 0 0 0 0 0 0 0 0 0 0 0 0 0 0 0 0 0 0 0 0 0 0 0 0 0 0 0 0 0 0 0 0 0 0 0 0 0 0 0 0 0 0 0 0 0 0 0 0 0 0 0 0 0 0 0 0 0 0 0 0 0 0 0 0 0 0 0 0 0 0 0 0 0 0 0 0 0 0 0 0 0 0 0 0 0 0 0 0 0 0 0 0 0 0 0 0 0 0 0 0 0 0 0 0 0 0 0 0 141 1 0 0 57 195 2 0 1 0 0 0 0 0 0 0 0 0 0 0 2 0 0 0 0 0 38 0 2 0 0 0 160 2 0 0 255 255 255 255 7 0 1 0 0 0 0 0 data 84 0x10007 0x5867 0x20 0x0 0x80007 0x0 0x40 0x5867 0xd0007 0x5867 0x20 0x0 0x140005 0x0 0x1c4fd446ae0 0x5867 0x0 0x0 0x1b0005 0x0 0x1c4fd446ae0 0x5867 0x0 0x0 0x220002 0x5867 0x250007 0x5867 0x30 0x0 0x3e0002 0x0 0x460007 0x57fc 0x70 0x6b 0x4d0007 0x0 0x50 0x6b 0x5e0005 0x0 0x1c4fc6492a0 0x6b 0x0 0x0 0x720005 0x0 0x1c4fd446b90 0x57fc 0x0 0x0 0x7d0005 0x45 0x1c4fd446c40 0x57b7 0x0 0x0 0x860002 0x0 0x990005 0x0 0x0 0x0 0x0 0x0 0xa40005 0x0 0x0 0x0 0x0 0x0 0xb30005 0x0 0x0 0x0 0x0 0x0 0xbf0005 0x0 0x0 0x0 0x0 0x0 oops 5 14 java/awt/image/BufferedImage 20 java/awt/image/BufferedImage 42 sun/java2d/SunGraphics2D 48 sun/java2d/pipe/DrawImage 54 sun/awt/image/BufImgSurfaceData
ciMethodData sun/java2d/SunGraphics2D copyImage (Ljava/awt/Image;IIIIIILjava/awt/Color;Ljava/awt/image/ImageObserver;)Z 1 157 orig 264 208 132 49 119 0 0 0 0 112 120 16 251 196 1 0 0 192 2 0 0 0 0 0 0 0 0 0 0 0 0 0 0 0 0 0 0 0 0 0 0 0 0 0 0 0 0 0 0 0 0 0 0 0 0 0 0 0 0 0 0 0 0 0 0 0 0 0 0 0 0 0 0 0 0 0 0 0 0 0 0 77 68 79 32 101 120 116 114 97 32 100 97 116 97 32 108 111 99 107 0 0 0 0 0 0 0 0 0 0 0 0 0 0 0 0 0 0 0 0 0 0 0 0 0 0 0 0 0 0 0 0 0 0 0 0 0 0 0 0 0 0 0 0 0 0 0 0 0 0 0 0 0 0 0 0 0 0 0 0 0 0 0 0 0 0 0 0 0 0 0 0 0 0 0 0 0 0 0 0 0 0 0 0 0 0 0 0 0 0 0 0 0 0 0 0 0 0 0 0 0 0 0 0 0 0 0 0 0 0 0 0 0 0 0 0 0 4 0 0 0 201 4 0 0 1 0 0 0 0 0 0 0 0 0 0 0 2 0 0 0 0 0 0 0 0 0 0 0 48 1 0 0 255 255 255 255 5 0 20 0 0 0 0 0 data 38 0x140005 0x0 0x1c4fba90300 0x85 0x1c485202e30 0x14 0x1f0005 0x99 0x0 0x0 0x0 0x0 0x280002 0x0 0x3f0005 0x0 0x0 0x0 0x0 0x0 0x4a0005 0x0 0x0 0x0 0x0 0x0 0x590005 0x0 0x0 0x0 0x0 0x0 0x650005 0x0 0x0 0x0 0x0 0x0 oops 2 2 sun/java2d/pipe/ValidatePipe 4 sun/java2d/d3d/D3DDrawImage
ciMethodData java/awt/geom/AffineTransform scale (DD)V 2 23118 orig 264 208 132 49 119 0 0 0 0 208 225 242 250 196 1 0 0 160 3 0 0 248 1 0 0 0 0 0 0 0 0 0 0 0 0 0 0 0 0 0 0 0 0 0 0 0 0 0 0 0 0 0 0 0 0 0 0 0 0 0 0 0 0 0 0 0 0 0 0 0 0 0 0 0 0 0 0 0 0 0 0 77 68 79 32 101 120 116 114 97 32 100 97 116 97 32 108 111 99 107 0 0 0 0 0 0 0 0 0 0 0 0 0 0 0 0 0 0 0 0 0 0 0 0 0 0 0 0 0 0 0 0 0 0 0 0 0 0 0 0 0 0 0 0 0 0 0 0 0 0 0 0 0 0 0 0 0 0 0 0 0 0 0 0 0 0 0 0 0 0 0 0 0 0 0 0 0 0 0 0 0 0 0 0 0 0 0 0 0 0 0 0 0 0 0 0 0 0 0 0 0 0 0 0 0 0 0 0 0 0 0 0 0 0 0 0 0 209 1 0 0 233 195 2 0 1 0 0 0 0 0 0 0 0 0 0 0 2 0 0 0 0 0 41 0 2 0 0 0 80 2 0 0 255 255 255 255 8 0 8 0 0 0 0 0 data 74 0x80008 0x12 0x0 0xa0 0x0 0x210 0x0 0x210 0x0 0x180 0x0 0x180 0x0 0xb0 0x0 0xb0 0x0 0xb0 0x0 0xb0 0x390002 0x0 0x6a0007 0x1e 0xd0 0x0 0x730007 0x0 0xb0 0x0 0x820007 0x0 0x90 0x0 0x8b0007 0x0 0x70 0x0 0x910007 0x0 0x38 0x0 0x950003 0x0 0x18 0x9c0003 0x0 0x18 0xcb0007 0x0 0x90 0x0 0xd40007 0x0 0x70 0x0 0xe50007 0x0 0x38 0x0 0xe90003 0x0 0x18 0xf00003 0x0 0x18 0x1060007 0x585f 0x40 0x0 0x10c0007 0x0 0x20 0x0 oops 0
ciMethodData sun/java2d/pipe/DrawImage scaleImage (Lsun/java2d/SunGraphics2D;Ljava/awt/Image;IIIILjava/awt/Color;Ljava/awt/image/ImageObserver;)Z 2 22922 orig 264 208 132 49 119 0 0 0 0 72 53 237 250 196 1 0 0 200 2 0 0 192 0 0 0 0 0 0 0 0 0 0 0 0 0 0 0 0 0 0 0 0 0 0 0 0 0 0 0 0 0 0 0 0 0 0 0 0 0 0 0 0 0 0 0 0 0 0 0 0 0 0 0 0 0 0 0 0 0 0 0 77 68 79 32 101 120 116 114 97 32 100 97 116 97 32 108 111 99 107 0 0 0 0 0 0 0 0 0 0 0 0 0 0 0 0 0 0 0 0 0 0 0 0 0 0 0 0 0 0 0 0 0 0 0 0 0 0 0 0 0 0 0 0 0 0 0 0 0 0 0 0 0 0 0 0 0 0 0 0 0 0 0 0 0 0 0 0 0 0 0 0 0 0 0 0 0 0 0 0 0 0 0 0 0 0 0 0 0 0 0 0 0 0 0 0 0 0 0 0 0 0 0 0 0 0 0 0 0 0 0 0 0 0 0 0 0 207 1 0 0 217 189 2 0 1 0 0 0 0 0 0 0 0 0 0 0 2 0 0 0 0 0 13 0 2 0 0 0 64 1 0 0 255 255 255 255 4 0 1 0 0 0 0 0 data 40 0x10004 0xffffffffffffa845 0x1c4fd446ae0 0x16 0x0 0x0 0x40007 0x0 0x50 0x57bb 0x130005 0x0 0x1c4fd446b90 0x57bb 0x0 0x0 0x180004 0x0 0x0 0x0 0x0 0x0 0x210002 0x0 0x240007 0x0 0x20 0x0 0x2b0005 0x0 0x0 0x0 0x0 0x0 0x400005 0x0 0x0 0x0 0x0 0x0 oops 2 2 java/awt/image/BufferedImage 12 sun/java2d/pipe/DrawImage
ciMethodData sun/java2d/pipe/DrawImage scaleImage (Lsun/java2d/SunGraphics2D;Ljava/awt/Image;IIIILjava/awt/Color;)Z 2 22928 orig 264 208 132 49 119 0 0 0 0 16 30 237 250 196 1 0 0 160 3 0 0 192 1 0 0 0 0 0 0 0 0 0 0 0 0 0 0 0 0 0 0 0 0 0 0 0 0 0 0 0 0 0 0 0 0 0 0 0 0 0 0 0 0 0 0 0 0 0 0 0 0 0 0 0 0 0 0 0 0 0 0 77 68 79 32 101 120 116 114 97 32 100 97 116 97 32 108 111 99 107 0 0 0 0 0 0 0 0 0 0 0 0 0 0 0 0 0 0 0 0 0 0 0 0 0 0 0 0 0 0 0 0 0 0 0 0 0 0 0 0 0 0 0 0 0 0 0 0 0 0 0 0 0 0 0 0 0 0 0 0 0 0 0 0 0 0 0 0 0 0 0 0 0 0 0 0 0 0 0 0 0 0 0 0 0 0 0 0 0 0 0 0 0 0 0 0 0 0 0 0 0 0 0 0 0 0 0 0 0 0 0 0 0 0 0 0 0 207 1 0 0 9 190 2 0 1 0 0 0 0 0 0 0 0 0 0 0 2 0 0 0 0 0 27 0 2 0 0 0 32 2 0 0 255 255 255 255 5 0 2 0 0 0 0 0 data 68 0x20005 0x0 0x1c4fd446ae0 0x57c1 0x0 0x0 0x90005 0x0 0x1c4fd446ae0 0x57c1 0x0 0x0 0x100007 0x0 0xc0 0x57c1 0x150007 0x0 0xa0 0x57c1 0x190002 0x57c1 0x1c0007 0x0 0x70 0x57c1 0x590005 0x0 0x1c4fd446b90 0x57c1 0x0 0x0 0x5c0007 0x57c1 0x20 0x0 0x6b0007 0x57c1 0x60 0x0 0x720007 0x0 0x40 0x0 0x790007 0x0 0x90 0x0 0x820002 0x57c1 0x8e0005 0x0 0x1c4fc630110 0x57c1 0x0 0x0 0xa10005 0x0 0x1c4fc630110 0x57c1 0x0 0x0 0xb50005 0x0 0x1c4fd446b90 0x57c1 0x0 0x0 oops 6 2 java/awt/image/BufferedImage 8 java/awt/image/BufferedImage 28 sun/java2d/pipe/DrawImage 52 java/awt/geom/AffineTransform 58 java/awt/geom/AffineTransform 64 sun/java2d/pipe/DrawImage
ciMethodData sun/java2d/pipe/DrawImage transformImage (Lsun/java2d/SunGraphics2D;Ljava/awt/Image;Ljava/awt/geom/AffineTransform;IIIIILjava/awt/Color;)V 2 23085 orig 264 208 132 49 119 0 0 0 0 16 33 237 250 196 1 0 0 160 2 0 0 192 0 0 0 0 0 0 0 0 0 0 0 0 0 0 0 0 0 0 0 0 0 0 0 0 0 0 0 0 0 0 0 0 0 0 0 0 0 0 0 0 0 0 0 0 0 0 0 0 0 0 0 0 0 0 0 0 0 0 0 77 68 79 32 101 120 116 114 97 32 100 97 116 97 32 108 111 99 107 0 0 0 0 0 0 0 0 0 0 0 0 0 0 0 0 0 0 0 0 0 0 0 0 0 0 0 0 0 0 0 0 0 0 0 0 0 0 0 0 0 0 0 0 0 0 0 0 0 0 0 0 0 0 0 0 0 0 0 0 0 0 0 0 0 0 0 0 0 0 0 0 0 0 0 0 0 0 0 0 0 0 0 0 0 0 0 0 0 0 0 0 0 0 0 0 0 0 0 0 0 0 0 0 0 0 0 0 0 0 0 0 0 0 0 0 0 229 1 0 0 65 194 2 0 1 0 0 0 0 0 0 0 0 0 0 0 2 0 0 0 0 0 10 0 2 0 0 0 16 1 0 0 255 255 255 255 5 0 39 0 0 0 0 0 data 34 0x270005 0x0 0x1c4fc630110 0x5848 0x0 0x0 0x330002 0x5848 0x3a0007 0x0 0xa0 0x5848 0x460002 0x5848 0x4d0007 0x0 0x70 0x5848 0x610005 0x0 0x1c4fd446b90 0x5848 0x0 0x0 0x640007 0x5848 0x20 0x0 0x780005 0x0 0x1c4fd446b90 0x5848 0x0 0x0 oops 3 2 java/awt/geom/AffineTransform 20 sun/java2d/pipe/DrawImage 30 sun/java2d/pipe/DrawImage
ciMethodData sun/java2d/pipe/DrawImage tryCopyOrScale (Lsun/java2d/SunGraphics2D;Ljava/awt/Image;IIIILjava/awt/Color;I[D)Z 2 23085 orig 264 208 132 49 119 0 0 0 0 160 34 237 250 196 1 0 0 80 4 0 0 0 2 0 0 0 0 0 0 0 0 0 0 0 0 0 0 0 0 0 0 0 0 0 0 0 0 0 0 0 0 0 0 0 0 0 0 0 0 0 0 0 0 0 0 0 0 0 0 0 0 0 0 0 0 0 0 0 0 0 0 77 68 79 32 101 120 116 114 97 32 100 97 116 97 32 108 111 99 107 0 0 0 0 0 0 0 0 0 0 0 0 0 0 0 0 0 0 0 0 0 0 0 0 0 0 0 0 0 0 0 0 0 0 0 0 0 0 0 0 0 0 0 0 0 0 0 0 0 0 0 0 0 0 0 0 0 0 0 0 0 0 0 0 0 0 0 0 0 0 0 0 0 0 0 0 0 0 0 0 0 0 0 0 0 0 0 0 0 0 0 0 0 0 0 0 0 0 0 0 0 0 0 0 0 0 0 0 0 0 0 0 0 0 0 0 0 0 2 0 0 105 193 2 0 1 0 0 0 0 0 0 0 0 0 0 0 2 0 0 0 0 0 55 0 2 0 0 0 192 2 0 0 255 255 255 255 7 0 44 0 0 0 0 0 data 88 0x2c0007 0x0 0x100 0x582d 0x350007 0x0 0xe0 0x582d 0x3e0007 0x0 0xc0 0x582d 0x470007 0x0 0xa0 0x582d 0x500007 0x0 0x80 0x582d 0x590007 0x0 0x60 0x582d 0x620007 0x0 0x40 0x582d 0x6b0007 0x582d 0x20 0x0 0x760002 0x582d 0x790007 0x582d 0x120 0x0 0x830002 0x0 0x860007 0x0 0xf0 0x0 0x8f0002 0x0 0x9b0002 0x0 0xa40007 0x0 0x80 0x0 0xab0002 0x0 0xae0007 0x0 0x80 0x0 0xb50002 0x0 0xb80007 0x0 0x50 0x0 0xd00005 0x0 0x0 0x0 0x0 0x0 0xda0007 0x0 0x90 0x582d 0xe10007 0x0 0x70 0x582d 0xfa0005 0x0 0x1c4fd446b90 0x582d 0x0 0x0 0xfd0007 0x582d 0x20 0x0 oops 1 80 sun/java2d/pipe/DrawImage
ciMethodData sun/java2d/pipe/DrawImage closeToInteger (ID)Z 2 23085 orig 264 208 132 49 119 0 0 0 0 96 44 237 250 196 1 0 0 160 1 0 0 0 0 0 0 0 0 0 0 0 0 0 0 0 0 0 0 0 0 0 0 0 0 0 0 0 0 0 0 0 0 0 0 0 0 0 0 0 0 0 0 0 0 0 0 0 0 0 0 0 0 0 0 0 0 0 0 0 0 0 0 77 68 79 32 101 120 116 114 97 32 100 97 116 97 32 108 111 99 107 0 0 0 0 0 0 0 0 0 0 0 0 0 0 0 0 0 0 0 0 0 0 0 0 0 0 0 0 0 0 0 0 0 0 0 0 0 0 0 0 0 0 0 0 0 0 0 0 0 0 0 0 0 0 0 0 0 0 0 0 0 0 0 0 0 0 0 0 0 0 0 0 0 0 0 0 0 0 0 0 0 0 0 0 0 0 0 0 0 0 0 0 0 0 0 0 0 0 0 0 0 0 0 0 0 0 0 0 0 0 0 0 0 0 0 0 0 0 2 0 0 105 193 2 0 1 0 0 0 0 0 0 0 0 0 0 0 2 0 0 0 0 0 6 0 2 0 0 0 72 0 0 0 255 255 255 255 2 0 4 0 0 0 0 0 data 9 0x40002 0x582d 0xb0007 0x582d 0x38 0x0 0xf0003 0x0 0x18 oops 0
ciMethodData sun/java2d/SunGraphics2D invalidatePipe ()V 1 1135 orig 264 208 132 49 119 0 0 0 0 184 21 16 251 196 1 0 0 32 1 0 0 0 0 0 0 0 0 0 0 0 0 0 0 0 0 0 0 0 0 0 0 0 0 0 0 0 0 0 0 0 0 0 0 0 0 0 0 0 0 0 0 0 0 0 0 0 0 0 0 0 0 0 0 0 0 0 0 0 0 0 0 77 68 79 32 101 120 116 114 97 32 100 97 116 97 32 108 111 99 107 0 0 0 0 0 0 0 0 0 0 0 0 0 0 0 0 0 0 0 0 0 0 0 0 0 0 0 0 0 0 0 0 0 0 0 0 0 0 0 0 0 0 0 0 0 0 0 0 0 0 0 0 0 0 0 0 0 0 0 0 0 0 0 0 0 0 0 0 0 0 0 0 0 0 0 0 0 0 0 0 0 0 0 0 0 0 0 0 0 0 0 0 0 0 0 0 0 0 0 0 0 0 0 0 0 0 0 0 0 0 0 0 0 0 0 0 0 9 1 0 0 49 27 0 0 1 0 0 0 0 0 0 0 0 0 0 0 2 0 0 0 0 0 3 0 1 0 0 0 0 0 0 0 255 255 255 255 0 0 0 0 0 0 0 0 data 0 oops 0
ciMethodData java/awt/Image$1 setSurfaceManager (Ljava/awt/Image;Lsun/awt/image/SurfaceManager;)V 2 1638 orig 264 208 132 49 119 0 0 0 0 192 132 237 250 196 1 0 0 48 1 0 0 0 0 0 0 0 0 0 0 0 0 0 0 0 0 0 0 0 0 0 0 0 0 0 0 0 0 0 0 0 0 0 0 0 0 0 0 0 0 0 0 0 0 0 0 0 0 0 0 0 0 0 0 0 0 0 0 0 0 0 0 77 68 79 32 101 120 116 114 97 32 100 97 116 97 32 108 111 99 107 0 0 0 0 0 0 0 0 0 0 0 0 0 0 0 0 0 0 0 0 0 0 0 0 0 0 0 0 0 0 0 0 0 0 0 0 0 0 0 0 0 0 0 0 0 0 0 0 0 0 0 0 0 0 0 0 0 0 0 0 0 0 0 0 0 0 0 0 0 0 0 0 0 0 0 0 0 0 0 0 0 0 0 0 0 0 0 0 0 0 0 0 0 0 0 0 0 0 0 0 0 0 0 0 0 0 0 0 0 0 0 0 0 0 0 0 0 0 2 0 0 49 35 0 0 1 0 0 0 0 0 0 0 0 0 0 0 2 0 0 0 0 0 0 0 0 0 0 0 0 0 0 0 255 255 255 255 0 0 0 0 0 0 0 0 data 0 oops 0
ciMethodData sun/java2d/SunGraphics2D validateCompClip ()V 1 582 orig 264 208 132 49 119 0 0 0 0 104 69 16 251 196 1 0 0 144 5 0 0 248 3 0 0 0 0 0 0 0 0 0 0 0 0 0 0 0 0 0 0 0 0 0 0 0 0 0 0 0 0 0 0 0 0 0 0 0 0 0 0 0 0 0 0 0 0 0 0 0 0 0 0 0 0 0 0 0 0 0 0 77 68 79 32 101 120 116 114 97 32 100 97 116 97 32 108 111 99 107 0 0 0 0 0 0 0 0 0 0 0 0 0 0 0 0 0 0 0 0 0 0 0 0 0 0 0 0 0 0 0 0 0 0 0 0 0 0 0 0 0 0 0 0 0 0 0 0 0 0 0 0 0 0 0 0 0 0 0 0 0 0 0 0 0 0 0 0 0 0 0 0 0 0 0 0 0 0 0 0 0 0 0 0 0 0 0 0 0 0 0 0 0 0 0 0 0 0 0 0 0 0 0 0 0 0 0 0 0 0 0 0 0 0 0 0 0 0 2 0 0 49 2 0 0 1 0 0 0 0 0 0 0 0 0 0 0 2 0 0 0 0 0 0 0 0 0 0 0 72 4 0 0 255 255 255 255 7 0 9 0 0 0 0 0 data 137 0x90007 0x0 0x38 0x46 0x190003 0x46 0x398 0x200004 0x0 0x0 0x0 0x0 0x0 0x230007 0x0 0x160 0x0 0x2f0004 0x0 0x0 0x0 0x0 0x0 0x320007 0x0 0x98 0x0 0x3e0004 0x0 0x0 0x0 0x0 0x0 0x410005 0x0 0x0 0x0 0x0 0x0 0x470003 0x0 0x280 0x530005 0x0 0x0 0x0 0x0 0x0 0x580005 0x0 0x0 0x0 0x0 0x0 0x5e0003 0x0 0x208 0x660005 0x0 0x0 0x0 0x0 0x0 0x710002 0x0 0x7c0005 0x0 0x0 0x0 0x0 0x0 0x820005 0x0 0x0 0x0 0x0 0x0 0x880005 0x0 0x0 0x0 0x0 0x0 0x8c0002 0x0 0x950005 0x0 0x0 0x0 0x0 0x0 0xa10005 0x0 0x0 0x0 0x0 0x0 0xa40007 0x0 0x38 0x0 0xa80003 0x0 0x18 0xb10005 0x0 0x0 0x0 0x0 0x0 0xb40003 0x0 0x48 0xbb0005 0x0 0x0 0x0 0x0 0x0 0xc60007 0x46 0x90 0x0 0xce0007 0x0 0x40 0x0 0xd30007 0x0 0x50 0x0 0xdc0005 0x0 0x0 0x0 0x0 0x0 oops 0
ciMethod java/lang/Object <init> ()V 4097 1 201293 0 0
ciMethod java/lang/System arraycopy (Ljava/lang/Object;ILjava/lang/Object;II)V 5121 1 640 0 -1
ciMethod java/lang/Math ceil (D)D 3873 1 46170 0 -1
ciMethod java/lang/Math floor (D)D 2057 1 47871 0 -1
ciMethod java/lang/Math abs (D)D 0 0 1 0 -1
ciMethod java/lang/Math max (II)I 401 1 47845 0 -1
ciMethod java/lang/Math min (II)I 3921 1 68021 0 -1
ciMethodData java/lang/Object <init> ()V 2 201293 orig 264 208 132 49 119 0 0 0 0 104 4 177 250 196 1 0 0 32 1 0 0 0 0 0 0 0 0 0 0 0 0 0 0 0 0 0 0 0 0 0 0 0 0 0 0 0 0 0 0 0 0 0 0 0 0 0 0 0 0 0 0 0 0 0 0 0 0 0 0 0 0 0 0 0 0 0 0 0 0 0 0 77 68 79 32 101 120 116 114 97 32 100 97 116 97 32 108 111 99 107 0 0 0 0 0 0 0 0 0 0 0 0 0 0 0 0 0 0 0 0 0 0 0 0 0 0 0 0 0 0 0 0 0 0 0 0 0 0 0 0 0 0 0 0 0 0 0 0 0 0 0 0 0 0 0 0 0 0 0 0 0 0 0 0 0 0 0 0 0 0 0 0 0 0 0 0 0 0 0 0 0 0 0 0 0 1 0 0 0 0 0 0 0 1 0 0 0 0 0 0 0 1 0 0 0 0 0 0 0 0 0 0 0 0 0 0 0 0 2 0 0 105 130 24 0 1 0 0 0 0 0 0 0 0 0 0 0 2 0 0 0 0 0 3 0 1 0 0 0 0 0 0 0 255 255 255 255 0 0 0 0 0 0 0 0 data 0 oops 0
ciMethod java/util/concurrent/ConcurrentHashMap <init> (I)V 97 1 12 0 -1
ciMethod java/util/concurrent/ConcurrentHashMap get (Ljava/lang/Object;)Ljava/lang/Object; 2073 201 1613 0 -1
ciMethod java/util/concurrent/ConcurrentHashMap put (Ljava/lang/Object;Ljava/lang/Object;)Ljava/lang/Object; 2049 1 293 0 -1
ciMethod java/awt/Image getWidth (Ljava/awt/image/ImageObserver;)I 0 0 1 0 -1
ciMethod java/awt/Image getHeight (Ljava/awt/image/ImageObserver;)I 0 0 1 0 -1
ciMethod java/awt/Image getAccelerationPriority ()F 2065 1 67521 0 0
ciMethod java/awt/image/BufferedImage getType ()I 13313 1 1648 0 -1
ciMethod java/awt/image/BufferedImage getColorModel ()Ljava/awt/image/ColorModel; 1097 1 137 0 -1
ciMethod java/awt/image/BufferedImage getRaster ()Ljava/awt/image/WritableRaster; 13313 1 1634 0 -1
ciMethod java/awt/image/BufferedImage getWidth (Ljava/awt/image/ImageObserver;)I 2065 1 45991 0 0
ciMethod java/awt/image/BufferedImage getHeight (Ljava/awt/image/ImageObserver;)I 2353 1 45991 0 0
ciMethod sun/java2d/SurfaceData getSourceSurfaceData (Ljava/awt/Image;ILsun/java2d/loops/CompositeType;Ljava/awt/Color;)Lsun/java2d/SurfaceData; 2169 1 67509 0 1344
ciMethod sun/java2d/SurfaceData makeProxyFor (Lsun/java2d/SurfaceData;)Lsun/java2d/SurfaceDataProxy; 0 0 1 0 0
ciMethod sun/java2d/SurfaceData getState ()Lsun/java2d/StateTrackable$State; 9 1 11 0 0
ciMethod sun/java2d/SurfaceData getStateTracker ()Lsun/java2d/StateTracker; 1393 1 168 0 -1
ciMethod sun/java2d/SurfaceData markDirty ()V 3177 1 25103 0 0
ciMethod sun/java2d/SurfaceData isValid ()Z 1089 1 136 0 0
ciMethod sun/java2d/SurfaceData getReplacement ()Lsun/java2d/SurfaceData; 0 0 1 0 -1
ciMethod sun/java2d/SurfaceData getSurfaceType ()Lsun/java2d/loops/SurfaceType; 1097 1 137 0 0
ciMethod sun/java2d/SurfaceData getColorModel ()Ljava/awt/image/ColorModel; 1081 1 135 0 0
ciMethod sun/java2d/SurfaceData getTransparency ()I 2049 1 46513 0 0
ciMethod sun/java2d/SurfaceData getBounds ()Ljava/awt/Rectangle; 0 0 1 0 -1
ciMethod sun/java2d/SurfaceData isOpaqueGray (Ljava/awt/image/IndexColorModel;)Z 0 0 1 0 -1
ciMethod sun/java2d/SurfaceData isNull (Lsun/java2d/SurfaceData;)Z 0 0 1 0 0
ciMethod sun/java2d/SurfaceData getDefaultScale ()I 185 1 350 0 -1
ciMethod java/awt/image/ColorModel getPixelSize ()I 97 1 12 0 -1
ciMethod java/awt/image/ColorModel getTransparency ()I 1049 1 131 0 0
ciMethod java/awt/image/DirectColorModel getRedMask ()I 49 1 13 0 -1
ciMethod java/awt/image/DirectColorModel getGreenMask ()I 25 1 7 0 -1
ciMethod java/awt/image/DirectColorModel getBlueMask ()I 25 1 7 0 -1
ciMethod java/awt/image/DirectColorModel getAlphaMask ()I 0 0 1 0 -1
ciMethod sun/java2d/StateTrackableDelegate getState ()Lsun/java2d/StateTrackable$State; 81 1 10 0 -1
ciMethod sun/java2d/StateTrackableDelegate markDirty ()V 1289 1 32005 0 0
ciMethod sun/java2d/pipe/DrawImagePipe copyImage (Lsun/java2d/SunGraphics2D;Ljava/awt/Image;IIIIIILjava/awt/Color;Ljava/awt/image/ImageObserver;)Z 0 0 1 0 -1
ciMethod sun/java2d/pipe/DrawImagePipe scaleImage (Lsun/java2d/SunGraphics2D;Ljava/awt/Image;IIIILjava/awt/Color;Ljava/awt/image/ImageObserver;)Z 0 0 1 0 -1
ciMethod sun/java2d/pipe/Region getInstanceXYWH (IIII)Lsun/java2d/pipe/Region; 2609 1 315 0 -1
ciMethod sun/java2d/pipe/Region getIntersectionXYWH (IIII)Lsun/java2d/pipe/Region; 1929 1 241 0 -1
ciMethod sun/java2d/pipe/DrawImage scaleImage (Lsun/java2d/SunGraphics2D;Ljava/awt/Image;IIIILjava/awt/Color;)Z 3705 1 22919 0 0
ciMethod sun/java2d/pipe/DrawImage transformImage (Lsun/java2d/SunGraphics2D;Ljava/awt/Image;Ljava/awt/geom/AffineTransform;IIIIILjava/awt/Color;)V 3881 1 22928 0 0
ciMethod sun/java2d/pipe/DrawImage tryCopyOrScale (Lsun/java2d/SunGraphics2D;Ljava/awt/Image;IIIILjava/awt/Color;I[D)Z 4097 1 23085 0 0
ciMethod sun/java2d/pipe/DrawImage makeBufferedImage (Ljava/awt/Image;Ljava/awt/Color;IIIII)Ljava/awt/image/BufferedImage; 0 0 1 0 -1
ciMethod sun/java2d/pipe/DrawImage renderImageXform (Lsun/java2d/SunGraphics2D;Ljava/awt/Image;Ljava/awt/geom/AffineTransform;IIIIILjava/awt/Color;)V 2737 8209 23085 0 -1
ciMethod sun/java2d/pipe/DrawImage renderImageCopy (Lsun/java2d/SunGraphics2D;Ljava/awt/Image;Ljava/awt/Color;IIIIII)Z 57 1 216 0 -1
ciMethod sun/java2d/pipe/DrawImage renderImageScale (Lsun/java2d/SunGraphics2D;Ljava/awt/Image;Ljava/awt/Color;IIIIIDDDD)Z 3537 1 45856 0 0
ciMethod sun/java2d/pipe/DrawImage closeToInteger (ID)Z 4097 1 23085 0 0
ciMethod sun/java2d/pipe/DrawImage isSimpleTranslate (Lsun/java2d/SunGraphics2D;)Z 3089 1 23143 0 0
ciMethod sun/java2d/pipe/DrawImage isBgOperation (Lsun/java2d/SurfaceData;Ljava/awt/Color;)Z 3161 1 69048 0 0
ciMethod sun/java2d/pipe/DrawImage getBufferedImage (Ljava/awt/Image;)Ljava/awt/image/BufferedImage; 0 0 1 0 -1
ciMethod sun/java2d/pipe/DrawImage scaleSurfaceData (Lsun/java2d/SunGraphics2D;Lsun/java2d/pipe/Region;Lsun/java2d/SurfaceData;Lsun/java2d/SurfaceData;Lsun/java2d/loops/SurfaceType;Lsun/java2d/loops/SurfaceType;IIIIDDDD)Z 3521 1 45888 0 0
ciMethod sun/java2d/pipe/DrawImage imageReady (Lsun/awt/image/ToolkitImage;Ljava/awt/image/ImageObserver;)Z 0 0 42 0 -1
ciMethod sun/java2d/pipe/DrawImage scaleImage (Lsun/java2d/SunGraphics2D;Ljava/awt/Image;IIIILjava/awt/Color;Ljava/awt/image/ImageObserver;)Z 3705 1 22919 0 0
ciMethod sun/java2d/loops/RenderCache get (Lsun/java2d/loops/SurfaceType;Lsun/java2d/loops/CompositeType;Lsun/java2d/loops/SurfaceType;)Ljava/lang/Object; 2097 25 88523 0 -1
ciMethod sun/java2d/loops/RenderCache put (Lsun/java2d/loops/SurfaceType;Lsun/java2d/loops/CompositeType;Lsun/java2d/loops/SurfaceType;Ljava/lang/Object;)V 57 1 12 0 -1
ciMethod sun/java2d/loops/RenderCache$Entry matches (Lsun/java2d/loops/SurfaceType;Lsun/java2d/loops/CompositeType;Lsun/java2d/loops/SurfaceType;)Z 1065 1 44588 0 -1
ciMethod sun/java2d/loops/RenderCache$Entry getValue ()Ljava/lang/Object; 1201 1 150 0 -1
ciMethod java/awt/Image$1 getSurfaceManager (Ljava/awt/Image;)Lsun/awt/image/SurfaceManager; 2209 1 1404 0 0
ciMethod java/awt/Image$1 setSurfaceManager (Ljava/awt/Image;Lsun/awt/image/SurfaceManager;)V 4097 1 1638 0 0
ciMethod sun/awt/image/SurfaceManager$ImageAccessor getSurfaceManager (Ljava/awt/Image;)Lsun/awt/image/SurfaceManager; 0 0 1 0 -1
ciMethod sun/awt/image/SurfaceManager$ImageAccessor setSurfaceManager (Ljava/awt/Image;Lsun/awt/image/SurfaceManager;)V 0 0 1 0 -1
ciMethod sun/awt/image/SurfaceManager <init> ()V 393 1 60 0 0
ciMethod sun/awt/image/SurfaceManager getManager (Ljava/awt/Image;)Lsun/awt/image/SurfaceManager; 2089 1 5497 0 416
ciMethod sun/awt/image/SurfaceManager setManager (Ljava/awt/Image;Lsun/awt/image/SurfaceManager;)V 409 1 1638 0 0
ciMethod sun/awt/image/SurfaceManager getCacheData (Ljava/lang/Object;)Ljava/lang/Object; 17 1 214 0 0
ciMethod sun/awt/image/SurfaceManager setCacheData (Ljava/lang/Object;Ljava/lang/Object;)V 9 1 11 0 0
ciMethod sun/awt/image/SurfaceManager getPrimarySurfaceData ()Lsun/java2d/SurfaceData; 0 0 1 0 -1
ciMethod sun/awt/image/SurfaceManager getImageScale (Ljava/awt/Image;)I 2697 1 23175 0 0
ciMethod sun/awt/image/VolatileSurfaceManager getPrimarySurfaceData ()Lsun/java2d/SurfaceData; 3073 1 384 0 0
ciMethod java/awt/geom/AffineTransform <init> (Ljava/awt/geom/AffineTransform;)V 2081 1 23405 0 0
ciMethod java/awt/geom/AffineTransform stateError ()V 0 0 1 0 0
ciMethod java/awt/geom/AffineTransform translate (DD)V 2065 1 23309 0 -1
ciMethod java/awt/geom/AffineTransform scale (DD)V 3721 1 22961 0 0
ciMethod java/awt/geom/AffineTransform createInverse ()Ljava/awt/geom/AffineTransform; 2737 1 23085 0 -1
ciMethod java/awt/geom/AffineTransform transform ([DI[DII)V 2433 8513 4600 0 -1
ciMethod sun/java2d/loops/XORComposite <init> (Ljava/awt/Color;Lsun/java2d/SurfaceData;)V 0 0 1 0 -1
ciMethod sun/java2d/loops/XORComposite getXorColor ()Ljava/awt/Color; 0 0 1 0 -1
ciMethod sun/java2d/loops/GraphicsPrimitive getNativePrim ()J 2737 1 23085 0 -1
ciMethod sun/java2d/loops/GraphicsPrimitive makePrimitive (Lsun/java2d/loops/SurfaceType;Lsun/java2d/loops/CompositeType;Lsun/java2d/loops/SurfaceType;)Lsun/java2d/loops/GraphicsPrimitive; 0 0 1 0 -1
ciMethod sun/java2d/loops/GraphicsPrimitive traceWrap ()Lsun/java2d/loops/GraphicsPrimitive; 0 0 1 0 -1
ciMethod sun/java2d/loops/GraphicsPrimitiveMgr locate (ILsun/java2d/loops/SurfaceType;Lsun/java2d/loops/CompositeType;Lsun/java2d/loops/SurfaceType;)Lsun/java2d/loops/GraphicsPrimitive; 3865 1 45909 0 -1
ciMethod sun/java2d/loops/GraphicsPrimitiveMgr locatePrim (ILsun/java2d/loops/SurfaceType;Lsun/java2d/loops/CompositeType;Lsun/java2d/loops/SurfaceType;)Lsun/java2d/loops/GraphicsPrimitive; 857 41777 1270 0 -1
ciMethod sun/java2d/loops/GraphicsPrimitiveMgr locateGeneral (I)Lsun/java2d/loops/GraphicsPrimitive; 3313 3385 45837 0 -1
ciMethod sun/java2d/loops/CompositeType equals (Ljava/lang/Object;)Z 3401 1 46231 0 0
ciMethod sun/java2d/SunGraphics2D setDevClip (IIII)V 2409 1 290 0 -1
ciMethod sun/java2d/SunGraphics2D setDevClip (Ljava/awt/Rectangle;)V 2409 1 290 0 -1
ciMethod sun/java2d/SunGraphics2D invalidatePipe ()V 2121 1 1135 0 -1
ciMethod sun/java2d/SunGraphics2D validatePipe ()V 4097 1 574 1 -1
ciMethod sun/java2d/SunGraphics2D getCompClip ()Lsun/java2d/pipe/Region; 3097 1 69562 0 0
ciMethod sun/java2d/SunGraphics2D setComposite (Ljava/awt/Composite;)V 353 1 44 0 -1
ciMethod sun/java2d/SunGraphics2D validateColor ()V 2089 1 1255 0 -1
ciMethod sun/java2d/SunGraphics2D validateCompClip ()V 4097 1 582 0 -1
ciMethod sun/java2d/SunGraphics2D revalidateAll ()V 9 1 1 0 0
ciMethod sun/java2d/SunGraphics2D isHiDPIImage (Ljava/awt/Image;)Z 2697 1 23175 0 0
ciMethod sun/java2d/SunGraphics2D drawHiDPIImage (Ljava/awt/Image;IIIIIIIILjava/awt/Color;Ljava/awt/image/ImageObserver;)Z 0 0 1 0 -1
ciMethod sun/java2d/SunGraphics2D drawImage (Ljava/awt/Image;IIIILjava/awt/image/ImageObserver;)Z 3161 1 23029 0 -1
ciMethod sun/java2d/SunGraphics2D copyImage (Ljava/awt/Image;IIIIIILjava/awt/Color;Ljava/awt/image/ImageObserver;)Z 33 1 156 0 0
ciMethod sun/java2d/SunGraphics2D drawImage (Ljava/awt/Image;IIIILjava/awt/Color;Ljava/awt/image/ImageObserver;)Z 3185 1 23029 0 0
ciMethod sun/java2d/loops/ScaledBlit locate (Lsun/java2d/loops/SurfaceType;Lsun/java2d/loops/CompositeType;Lsun/java2d/loops/SurfaceType;)Lsun/java2d/loops/ScaledBlit; 4097 1 45834 0 -1
ciMethod sun/java2d/loops/ScaledBlit getFromCache (Lsun/java2d/loops/SurfaceType;Lsun/java2d/loops/CompositeType;Lsun/java2d/loops/SurfaceType;)Lsun/java2d/loops/ScaledBlit; 4097 1 45834 0 2592
ciMethod sun/java2d/loops/ScaledBlit Scale (Lsun/java2d/SurfaceData;Lsun/java2d/SurfaceData;Ljava/awt/Composite;Lsun/java2d/pipe/Region;IIIIDDDD)V 0 0 1 0 -1
ciMethod sun/java2d/loops/MaskBlit getFromCache (Lsun/java2d/loops/SurfaceType;Lsun/java2d/loops/CompositeType;Lsun/java2d/loops/SurfaceType;)Lsun/java2d/loops/MaskBlit; 2737 1 23085 0 -1
ciMethod sun/java2d/loops/TransformHelper getFromCache (Lsun/java2d/loops/SurfaceType;)Lsun/java2d/loops/TransformHelper; 2737 1 23085 0 -1
ciMethod sun/java2d/loops/TransformHelper Transform (Lsun/java2d/loops/MaskBlit;Lsun/java2d/SurfaceData;Lsun/java2d/SurfaceData;Ljava/awt/Composite;Lsun/java2d/pipe/Region;Ljava/awt/geom/AffineTransform;IIIIIIIII[III)V 4105 1 513 0 -1
ciMethod sun/java2d/SurfaceDataProxy isSupportedOperation (Lsun/java2d/SurfaceData;ILsun/java2d/loops/CompositeType;Ljava/awt/Color;)Z 0 0 1 0 -1
ciMethod sun/java2d/SurfaceDataProxy validateSurfaceData (Lsun/java2d/SurfaceData;Lsun/java2d/SurfaceData;II)Lsun/java2d/SurfaceData; 0 0 1 0 -1
ciMethod sun/java2d/SurfaceDataProxy getRetryTracker (Lsun/java2d/SurfaceData;)Lsun/java2d/StateTracker; 0 0 1 0 -1
ciMethod sun/java2d/SurfaceDataProxy isValid ()Z 1481 1 185 0 0
ciMethod sun/java2d/SurfaceDataProxy invalidate ()V 0 0 1 0 -1
ciMethod sun/java2d/SurfaceDataProxy flush ()V 0 0 1 0 -1
ciMethod sun/java2d/SurfaceDataProxy replaceData (Lsun/java2d/SurfaceData;ILsun/java2d/loops/CompositeType;Ljava/awt/Color;)Lsun/java2d/SurfaceData; 1265 1 152 0 -1
ciMethod sun/java2d/SurfaceDataProxy updateSurfaceData (Lsun/java2d/SurfaceData;Lsun/java2d/SurfaceData;II)V 33 1 4 0 -1
ciMethod sun/java2d/SurfaceDataProxy$1 replaceData (Lsun/java2d/SurfaceData;ILsun/java2d/loops/CompositeType;Ljava/awt/Color;)Lsun/java2d/SurfaceData; 497 1 62 0 0
ciMethod sun/java2d/StateTracker isCurrent ()Z 0 0 1 0 -1
ciMethod java/awt/image/Raster getWidth ()I 1121 1 140 0 0
ciMethod java/awt/image/Raster getHeight ()I 1129 1 141 0 0
ciMethod java/awt/image/Raster getNumBands ()I 1393 1 174 0 -1
ciMethod java/awt/image/Raster getNumDataElements ()I 2881 1 39020 0 -1
ciMethod java/awt/image/Raster getDataBuffer ()Ljava/awt/image/DataBuffer; 13313 1 1652 0 -1
ciMethod java/awt/image/Raster getSampleModel ()Ljava/awt/image/SampleModel; 1809 1 226 0 -1
ciMethod java/awt/image/SampleModel getSampleSize (I)I 0 0 1 0 -1
ciMethod sun/awt/image/IntegerComponentRaster getPixelStride ()I 0 0 1 0 -1
ciMethod sun/awt/image/ToolkitImage getImageRep ()Lsun/awt/image/ImageRepresentation; 321 1 82 0 -1
compile sun/java2d/SunGraphics2D drawImage (Ljava/awt/Image;IIIILjava/awt/image/ImageObserver;)Z -1 4 inline 72 0 -1 sun/java2d/SunGraphics2D drawImage (Ljava/awt/Image;IIIILjava/awt/image/ImageObserver;)Z 1 11 sun/java2d/SunGraphics2D drawImage (Ljava/awt/Image;IIIILjava/awt/Color;Ljava/awt/image/ImageObserver;)Z 2 20 java/awt/image/BufferedImage getWidth (Ljava/awt/image/ImageObserver;)I 3 4 java/awt/image/Raster getWidth ()I 2 27 java/awt/image/BufferedImage getHeight (Ljava/awt/image/ImageObserver;)I 3 4 java/awt/image/Raster getHeight ()I 2 34 sun/java2d/SunGraphics2D isHiDPIImage (Ljava/awt/Image;)Z 3 1 sun/awt/image/SurfaceManager getImageScale (Ljava/awt/Image;)I 2 114 sun/java2d/pipe/DrawImage scaleImage (Lsun/java2d/SunGraphics2D;Ljava/awt/Image;IIIILjava/awt/Color;Ljava/awt/image/ImageObserver;)Z 3 19 sun/java2d/pipe/DrawImage scaleImage (Lsun/java2d/SunGraphics2D;Ljava/awt/Image;IIIILjava/awt/Color;)Z 4 2 java/awt/image/BufferedImage getWidth (Ljava/awt/image/ImageObserver;)I 5 4 java/awt/image/Raster getWidth ()I 4 9 java/awt/image/BufferedImage getHeight (Ljava/awt/image/ImageObserver;)I 5 4 java/awt/image/Raster getHeight ()I 4 25 sun/java2d/pipe/DrawImage isSimpleTranslate (Lsun/java2d/SunGraphics2D;)Z 4 89 sun/java2d/pipe/DrawImage renderImageScale (Lsun/java2d/SunGraphics2D;Ljava/awt/Image;Ljava/awt/Color;IIIIIDDDD)Z 5 9 sun/java2d/SunGraphics2D getCompClip ()Lsun/java2d/pipe/Region; 6 4 sun/java2d/SurfaceData isValid ()Z 5 32 sun/java2d/SurfaceData getSourceSurfaceData (Ljava/awt/Image;ILsun/java2d/loops/CompositeType;Ljava/awt/Color;)Lsun/java2d/SurfaceData; 6 1 sun/awt/image/SurfaceManager getManager (Ljava/awt/Image;)Lsun/awt/image/SurfaceManager; 7 4 java/awt/Image$1 getSurfaceManager (Ljava/awt/Image;)Lsun/awt/image/SurfaceManager; 7 22 sun/awt/image/BufImgSurfaceManager <init> (Ljava/awt/image/BufferedImage;)V 8 1 sun/awt/image/SurfaceManager <init> ()V 9 1 java/lang/Object <init> ()V 7 28 sun/awt/image/SurfaceManager setManager (Ljava/awt/Image;Lsun/awt/image/SurfaceManager;)V 8 5 java/awt/Image$1 setSurfaceManager (Ljava/awt/Image;Lsun/awt/image/SurfaceManager;)V 6 8 sun/awt/image/BufImgSurfaceManager getPrimarySurfaceData ()Lsun/java2d/SurfaceData; 6 8 sun/awt/image/VolatileSurfaceManager getPrimarySurfaceData ()Lsun/java2d/SurfaceData; 6 14 java/awt/Image getAccelerationPriority ()F 6 50 sun/java2d/SurfaceDataProxy isValid ()Z 6 78 sun/java2d/SurfaceData makeProxyFor (Lsun/java2d/SurfaceData;)Lsun/java2d/SurfaceDataProxy; 6 102 sun/java2d/SurfaceDataProxy$1 replaceData (Lsun/java2d/SurfaceData;ILsun/java2d/loops/CompositeType;Ljava/awt/Color;)Lsun/java2d/SurfaceData; 5 45 sun/java2d/pipe/DrawImage isBgOperation (Lsun/java2d/SurfaceData;Ljava/awt/Color;)Z 5 55 sun/java2d/SurfaceData getSurfaceType ()Lsun/java2d/loops/SurfaceType; 5 62 sun/java2d/SurfaceData getSurfaceType ()Lsun/java2d/loops/SurfaceType; 5 95 sun/java2d/pipe/DrawImage scaleSurfaceData (Lsun/java2d/SunGraphics2D;Lsun/java2d/pipe/Region;Lsun/java2d/SurfaceData;Lsun/java2d/SurfaceData;Lsun/java2d/loops/SurfaceType;Lsun/java2d/loops/SurfaceType;IIIIDDDD)Z 6 11 sun/java2d/loops/CompositeType equals (Ljava/lang/Object;)Z 6 18 sun/java2d/SurfaceData getTransparency ()I 7 1 sun/java2d/SurfaceData getColorModel ()Ljava/awt/image/ColorModel; 7 4 java/awt/image/ColorModel getTransparency ()I 4 130 java/awt/geom/AffineTransform <init> (Ljava/awt/geom/AffineTransform;)V 5 1 java/lang/Object <init> ()V 4 161 java/awt/geom/AffineTransform scale (DD)V 4 181 sun/java2d/pipe/DrawImage transformImage (Lsun/java2d/SunGraphics2D;Ljava/awt/Image;Ljava/awt/geom/AffineTransform;IIIIILjava/awt/Color;)V 5 97 sun/java2d/pipe/DrawImage tryCopyOrScale (Lsun/java2d/SunGraphics2D;Ljava/awt/Image;IIIILjava/awt/Color;I[D)Z 6 118 sun/java2d/pipe/DrawImage closeToInteger (ID)Z 6 250 sun/java2d/pipe/DrawImage renderImageScale (Lsun/java2d/SunGraphics2D;Ljava/awt/Image;Ljava/awt/Color;IIIIIDDDD)Z 7 9 sun/java2d/SunGraphics2D getCompClip ()Lsun/java2d/pipe/Region; 8 4 sun/java2d/SurfaceData isValid ()Z 7 32 sun/java2d/SurfaceData getSourceSurfaceData (Ljava/awt/Image;ILsun/java2d/loops/CompositeType;Ljava/awt/Color;)Lsun/java2d/SurfaceData; 8 1 sun/awt/image/SurfaceManager getManager (Ljava/awt/Image;)Lsun/awt/image/SurfaceManager; 9 4 java/awt/Image$1 getSurfaceManager (Ljava/awt/Image;)Lsun/awt/image/SurfaceManager; 9 22 sun/awt/image/BufImgSurfaceManager <init> (Ljava/awt/image/BufferedImage;)V 10 1 sun/awt/image/SurfaceManager <init> ()V 9 28 sun/awt/image/SurfaceManager setManager (Ljava/awt/Image;Lsun/awt/image/SurfaceManager;)V 10 5 java/awt/Image$1 setSurfaceManager (Ljava/awt/Image;Lsun/awt/image/SurfaceManager;)V 8 8 sun/awt/image/BufImgSurfaceManager getPrimarySurfaceData ()Lsun/java2d/SurfaceData; 8 8 sun/awt/image/VolatileSurfaceManager getPrimarySurfaceData ()Lsun/java2d/SurfaceData; 8 14 java/awt/Image getAccelerationPriority ()F 8 50 sun/java2d/SurfaceDataProxy isValid ()Z 8 78 sun/java2d/SurfaceData makeProxyFor (Lsun/java2d/SurfaceData;)Lsun/java2d/SurfaceDataProxy; 8 102 sun/java2d/SurfaceDataProxy$1 replaceData (Lsun/java2d/SurfaceData;ILsun/java2d/loops/CompositeType;Ljava/awt/Color;)Lsun/java2d/SurfaceData; 7 45 sun/java2d/pipe/DrawImage isBgOperation (Lsun/java2d/SurfaceData;Ljava/awt/Color;)Z 7 55 sun/java2d/SurfaceData getSurfaceType ()Lsun/java2d/loops/SurfaceType; 7 62 sun/java2d/SurfaceData getSurfaceType ()Lsun/java2d/loops/SurfaceType; 7 95 sun/java2d/pipe/DrawImage scaleSurfaceData (Lsun/java2d/SunGraphics2D;Lsun/java2d/pipe/Region;Lsun/java2d/SurfaceData;Lsun/java2d/SurfaceData;Lsun/java2d/loops/SurfaceType;Lsun/java2d/loops/SurfaceType;IIIIDDDD)Z 8 11 sun/java2d/loops/CompositeType equals (Ljava/lang/Object;)Z 8 18 sun/java2d/SurfaceData getTransparency ()I 9 1 sun/java2d/SurfaceData getColorModel ()Ljava/awt/image/ColorModel; 9 4 java/awt/image/ColorModel getTransparency ()I 2 125 sun/java2d/SurfaceData markDirty ()V 3 4 sun/java2d/StateTrackableDelegate markDirty ()V
